date,city_id,city,maximum_temperature_c,rainfall_mm,humidity_pct,air_quality_index,heatwave_flag,is_public_holiday,festival_name
2023-01-01,AMD,Ahmedabad,23.86,0.0,44.68,106.63,False,False,No festival
2023-01-01,BLR,Bengaluru,26.37,0.0,60.53,100.66,False,False,No festival
2023-01-01,CHE,Chennai,30.42,0.0,69.68,119.89,False,False,No festival
2023-01-01,DEL,Delhi NCR,22.16,0.0,56.25,288.42,False,False,No festival
2023-01-01,HYD,Hyderabad,24.78,0.0,60.23,137.29,False,False,No festival
2023-01-01,KOL,Kolkata,25.25,0.0,79.23,133.52,False,False,No festival
2023-01-01,MUM,Mumbai,29.14,0.0,71.13,84.93,False,False,No festival
2023-01-01,PUN,Pune,23.2,0.0,58.69,120.79,False,False,No festival
2023-01-02,AMD,Ahmedabad,25.84,0.0,44.8,129.53,False,False,No festival
2023-01-02,BLR,Bengaluru,25.35,0.0,70.19,83.67,False,False,No festival
2023-01-02,CHE,Chennai,31.04,0.0,68.31,139.07,False,False,No festival
2023-01-02,DEL,Delhi NCR,22.0,0.0,50.05,284.78,False,False,No festival
2023-01-02,HYD,Hyderabad,27.33,0.0,48.05,110.23,False,False,No festival
2023-01-02,KOL,Kolkata,24.05,0.0,71.36,163.04,False,False,No festival
2023-01-02,MUM,Mumbai,28.69,0.0,77.28,118.06,False,False,No festival
2023-01-02,PUN,Pune,25.94,0.0,59.58,130.46,False,False,No festival
2023-01-03,AMD,Ahmedabad,29.04,0.0,38.92,135.61,False,False,No festival
2023-01-03,BLR,Bengaluru,23.96,0.0,62.15,96.01,False,False,No festival
2023-01-03,CHE,Chennai,26.7,0.0,75.62,128.06,False,False,No festival
2023-01-03,DEL,Delhi NCR,21.91,7.71,62.89,277.04,False,False,No festival
2023-01-03,HYD,Hyderabad,24.82,0.0,55.98,106.85,False,False,No festival
2023-01-03,KOL,Kolkata,26.17,0.0,66.3,147.24,False,False,No festival
2023-01-03,MUM,Mumbai,26.4,0.0,72.39,114.25,False,False,No festival
2023-01-03,PUN,Pune,28.1,0.0,64.59,112.76,False,False,No festival
2023-01-04,AMD,Ahmedabad,23.55,0.0,51.89,132.0,False,False,No festival
2023-01-04,BLR,Bengaluru,24.74,0.0,65.84,112.0,False,False,No festival
2023-01-04,CHE,Chennai,28.64,0.0,66.48,147.95,False,False,No festival
2023-01-04,DEL,Delhi NCR,24.08,0.0,49.17,292.07,False,False,No festival
2023-01-04,HYD,Hyderabad,25.09,0.0,52.71,110.18,False,False,No festival
2023-01-04,KOL,Kolkata,30.67,0.0,69.75,139.05,False,False,No festival
2023-01-04,MUM,Mumbai,27.43,0.0,78.83,136.83,False,False,No festival
2023-01-04,PUN,Pune,25.5,0.0,56.18,79.32,False,False,No festival
2023-01-05,AMD,Ahmedabad,26.81,0.0,43.04,133.55,False,False,No festival
2023-01-05,BLR,Bengaluru,25.97,0.0,57.46,134.9,False,False,No festival
2023-01-05,CHE,Chennai,26.67,0.0,71.86,135.16,False,False,No festival
2023-01-05,DEL,Delhi NCR,24.76,0.0,64.04,254.88,False,False,No festival
2023-01-05,HYD,Hyderabad,26.7,0.0,51.47,109.93,False,False,No festival
2023-01-05,KOL,Kolkata,26.6,0.0,70.02,151.36,False,False,No festival
2023-01-05,MUM,Mumbai,26.83,0.0,66.74,86.68,False,False,No festival
2023-01-05,PUN,Pune,27.16,0.0,63.52,77.9,False,False,No festival
2023-01-06,AMD,Ahmedabad,24.46,0.0,47.71,68.13,False,False,No festival
2023-01-06,BLR,Bengaluru,26.2,0.0,73.27,112.64,False,False,No festival
2023-01-06,CHE,Chennai,25.16,4.47,80.64,83.8,False,False,No festival
2023-01-06,DEL,Delhi NCR,26.27,0.0,56.71,247.17,False,False,No festival
2023-01-06,HYD,Hyderabad,26.52,0.0,50.98,149.67,False,False,No festival
2023-01-06,KOL,Kolkata,26.53,0.0,75.89,147.92,False,False,No festival
2023-01-06,MUM,Mumbai,27.62,0.0,74.0,129.96,False,False,No festival
2023-01-06,PUN,Pune,26.16,0.0,64.15,100.29,False,False,No festival
2023-01-07,AMD,Ahmedabad,25.99,0.0,42.02,154.89,False,False,No festival
2023-01-07,BLR,Bengaluru,25.97,0.0,66.39,84.32,False,False,No festival
2023-01-07,CHE,Chennai,30.88,0.0,77.25,112.75,False,False,No festival
2023-01-07,DEL,Delhi NCR,24.67,0.0,55.77,290.86,False,False,No festival
2023-01-07,HYD,Hyderabad,28.42,0.0,59.42,141.03,False,False,No festival
2023-01-07,KOL,Kolkata,27.44,0.0,69.3,122.25,False,False,No festival
2023-01-07,MUM,Mumbai,26.12,0.0,76.19,83.4,False,False,No festival
2023-01-07,PUN,Pune,28.41,0.0,71.32,126.25,False,False,No festival
2023-01-08,AMD,Ahmedabad,25.59,0.0,52.21,154.95,False,False,No festival
2023-01-08,BLR,Bengaluru,22.17,0.0,64.48,120.29,False,False,No festival
2023-01-08,CHE,Chennai,28.4,0.0,67.02,68.98,False,False,No festival
2023-01-08,DEL,Delhi NCR,25.89,0.0,54.88,286.98,False,False,No festival
2023-01-08,HYD,Hyderabad,24.94,0.0,61.54,104.25,False,False,No festival
2023-01-08,KOL,Kolkata,27.64,0.0,74.55,139.12,False,False,No festival
2023-01-08,MUM,Mumbai,28.2,0.0,75.79,94.18,False,False,No festival
2023-01-08,PUN,Pune,24.63,0.0,63.84,71.8,False,False,No festival
2023-01-09,AMD,Ahmedabad,26.72,0.0,46.77,132.29,False,False,No festival
2023-01-09,BLR,Bengaluru,27.12,0.0,51.92,100.1,False,False,No festival
2023-01-09,CHE,Chennai,29.47,0.0,69.4,78.06,False,False,No festival
2023-01-09,DEL,Delhi NCR,24.22,0.7,77.25,287.78,False,False,No festival
2023-01-09,HYD,Hyderabad,25.61,0.0,64.13,115.95,False,False,No festival
2023-01-09,KOL,Kolkata,25.89,0.0,68.4,183.71,False,False,No festival
2023-01-09,MUM,Mumbai,25.65,0.0,78.49,115.88,False,False,No festival
2023-01-09,PUN,Pune,27.24,0.0,55.15,57.09,False,False,No festival
2023-01-10,AMD,Ahmedabad,26.28,0.0,45.98,117.41,False,False,No festival
2023-01-10,BLR,Bengaluru,25.79,0.0,58.69,132.82,False,False,No festival
2023-01-10,CHE,Chennai,29.04,0.0,75.08,107.62,False,False,No festival
2023-01-10,DEL,Delhi NCR,23.1,0.0,44.93,267.31,False,False,No festival
2023-01-10,HYD,Hyderabad,26.37,0.0,57.9,127.23,False,False,No festival
2023-01-10,KOL,Kolkata,26.83,0.0,73.66,108.63,False,False,No festival
2023-01-10,MUM,Mumbai,30.32,0.0,70.27,128.54,False,False,No festival
2023-01-10,PUN,Pune,29.85,0.0,59.37,128.94,False,False,No festival
2023-01-11,AMD,Ahmedabad,30.43,0.0,49.84,146.6,False,False,No festival
2023-01-11,BLR,Bengaluru,21.35,0.0,65.73,62.26,False,False,No festival
2023-01-11,CHE,Chennai,26.84,0.0,74.57,116.25,False,False,No festival
2023-01-11,DEL,Delhi NCR,24.25,0.0,53.81,285.85,False,False,No festival
2023-01-11,HYD,Hyderabad,29.16,0.0,48.94,117.36,False,False,No festival
2023-01-11,KOL,Kolkata,25.44,0.0,69.06,167.3,False,False,No festival
2023-01-11,MUM,Mumbai,27.96,0.0,73.87,105.87,False,False,No festival
2023-01-11,PUN,Pune,26.94,0.0,61.55,95.64,False,False,No festival
2023-01-12,AMD,Ahmedabad,27.88,0.0,35.13,143.57,False,False,No festival
2023-01-12,BLR,Bengaluru,25.36,0.0,69.68,83.47,False,False,No festival
2023-01-12,CHE,Chennai,25.62,0.0,71.88,111.35,False,False,No festival
2023-01-12,DEL,Delhi NCR,24.62,0.49,65.94,299.29,False,False,No festival
2023-01-12,HYD,Hyderabad,28.29,0.0,52.51,109.86,False,False,No festival
2023-01-12,KOL,Kolkata,25.18,0.0,71.25,129.05,False,False,No festival
2023-01-12,MUM,Mumbai,28.92,0.0,76.76,127.16,False,False,No festival
2023-01-12,PUN,Pune,24.52,0.0,65.61,101.81,False,False,No festival
2023-01-13,AMD,Ahmedabad,29.16,0.0,48.56,141.79,False,False,No festival
2023-01-13,BLR,Bengaluru,26.99,0.0,61.95,112.74,False,False,No festival
2023-01-13,CHE,Chennai,26.15,0.0,77.97,126.94,False,False,No festival
2023-01-13,DEL,Delhi NCR,20.44,0.0,51.58,336.71,False,False,No festival
2023-01-13,HYD,Hyderabad,26.81,0.0,53.02,117.91,False,False,No festival
2023-01-13,KOL,Kolkata,30.19,0.0,67.95,156.07,False,False,No festival
2023-01-13,MUM,Mumbai,28.14,0.0,77.29,97.76,False,False,No festival
2023-01-13,PUN,Pune,23.95,0.0,60.32,129.8,False,False,No festival
2023-01-14,AMD,Ahmedabad,29.7,0.0,44.4,118.8,False,False,No festival
2023-01-14,BLR,Bengaluru,26.63,0.0,65.46,120.69,False,False,No festival
2023-01-14,CHE,Chennai,27.84,0.0,77.22,106.34,False,False,No festival
2023-01-14,DEL,Delhi NCR,27.72,0.0,44.07,330.02,False,False,No festival
2023-01-14,HYD,Hyderabad,32.99,0.0,56.63,154.84,False,False,No festival
2023-01-14,KOL,Kolkata,23.06,0.0,75.18,145.6,False,False,No festival
2023-01-14,MUM,Mumbai,28.25,0.0,71.89,80.34,False,False,No festival
2023-01-14,PUN,Pune,23.22,0.0,63.45,135.07,False,False,No festival
2023-01-15,AMD,Ahmedabad,23.09,0.0,52.72,162.78,False,False,No festival
2023-01-15,BLR,Bengaluru,26.86,0.0,61.97,93.85,False,False,No festival
2023-01-15,CHE,Chennai,28.84,0.0,68.82,105.17,False,False,No festival
2023-01-15,DEL,Delhi NCR,27.37,0.0,51.7,281.24,False,False,No festival
2023-01-15,HYD,Hyderabad,27.01,0.0,55.34,138.46,False,False,No festival
2023-01-15,KOL,Kolkata,28.44,0.0,72.5,147.14,False,False,No festival
2023-01-15,MUM,Mumbai,28.12,0.0,66.62,130.11,False,False,No festival
2023-01-15,PUN,Pune,24.14,0.0,50.78,98.17,False,False,No festival
2023-01-16,AMD,Ahmedabad,25.74,0.0,51.31,118.49,False,False,No festival
2023-01-16,BLR,Bengaluru,23.91,0.0,62.26,102.11,False,False,No festival
2023-01-16,CHE,Chennai,31.26,0.0,76.23,140.95,False,False,No festival
2023-01-16,DEL,Delhi NCR,27.1,0.0,60.92,290.56,False,False,No festival
2023-01-16,HYD,Hyderabad,27.03,0.0,54.35,65.86,False,False,No festival
2023-01-16,KOL,Kolkata,27.47,0.0,74.37,148.09,False,False,No festival
2023-01-16,MUM,Mumbai,31.36,0.0,69.97,107.64,False,False,No festival
2023-01-16,PUN,Pune,25.58,0.0,59.04,128.8,False,False,No festival
2023-01-17,AMD,Ahmedabad,27.77,6.24,56.65,119.22,False,False,No festival
2023-01-17,BLR,Bengaluru,24.65,0.0,59.11,86.55,False,False,No festival
2023-01-17,CHE,Chennai,29.08,0.0,75.35,98.71,False,False,No festival
2023-01-17,DEL,Delhi NCR,28.39,0.0,54.6,280.2,False,False,No festival
2023-01-17,HYD,Hyderabad,26.85,0.0,46.97,95.42,False,False,No festival
2023-01-17,KOL,Kolkata,26.38,0.0,69.57,133.02,False,False,No festival
2023-01-17,MUM,Mumbai,27.49,0.0,73.19,92.84,False,False,No festival
2023-01-17,PUN,Pune,25.59,0.0,62.9,125.46,False,False,No festival
2023-01-18,AMD,Ahmedabad,22.66,0.0,46.06,160.3,False,False,No festival
2023-01-18,BLR,Bengaluru,22.8,0.0,73.21,82.51,False,False,No festival
2023-01-18,CHE,Chennai,27.7,0.0,72.16,124.47,False,False,No festival
2023-01-18,DEL,Delhi NCR,29.28,0.0,42.71,286.6,False,False,No festival
2023-01-18,HYD,Hyderabad,29.87,0.0,54.52,123.59,False,False,No festival
2023-01-18,KOL,Kolkata,26.69,0.0,74.3,164.75,False,False,No festival
2023-01-18,MUM,Mumbai,27.32,0.0,81.75,92.64,False,False,No festival
2023-01-18,PUN,Pune,25.01,0.0,60.7,118.07,False,False,No festival
2023-01-19,AMD,Ahmedabad,28.45,0.0,49.43,147.58,False,False,No festival
2023-01-19,BLR,Bengaluru,23.73,0.0,68.02,112.25,False,False,No festival
2023-01-19,CHE,Chennai,30.34,0.0,76.14,120.74,False,False,No festival
2023-01-19,DEL,Delhi NCR,24.44,0.0,54.88,286.26,False,False,No festival
2023-01-19,HYD,Hyderabad,27.77,0.0,53.86,115.69,False,False,No festival
2023-01-19,KOL,Kolkata,27.36,0.0,74.56,156.55,False,False,No festival
2023-01-19,MUM,Mumbai,27.21,0.0,83.14,119.16,False,False,No festival
2023-01-19,PUN,Pune,27.2,0.0,60.73,98.37,False,False,No festival
2023-01-20,AMD,Ahmedabad,26.08,0.0,47.75,102.64,False,False,No festival
2023-01-20,BLR,Bengaluru,28.42,0.0,64.25,154.2,False,False,No festival
2023-01-20,CHE,Chennai,28.71,0.0,68.54,130.66,False,False,No festival
2023-01-20,DEL,Delhi NCR,26.27,0.0,43.03,328.97,False,False,No festival
2023-01-20,HYD,Hyderabad,26.67,0.0,59.21,168.32,False,False,No festival
2023-01-20,KOL,Kolkata,30.66,11.02,68.68,134.79,False,False,No festival
2023-01-20,MUM,Mumbai,28.81,0.0,71.24,106.92,False,False,No festival
2023-01-20,PUN,Pune,25.15,0.0,67.79,98.37,False,False,No festival
2023-01-21,AMD,Ahmedabad,28.68,0.0,54.34,126.54,False,False,No festival
2023-01-21,BLR,Bengaluru,25.98,0.0,68.75,118.09,False,False,No festival
2023-01-21,CHE,Chennai,28.1,0.0,69.78,102.72,False,False,No festival
2023-01-21,DEL,Delhi NCR,25.05,0.0,57.3,294.87,False,False,No festival
2023-01-21,HYD,Hyderabad,28.12,0.0,58.61,101.32,False,False,No festival
2023-01-21,KOL,Kolkata,29.09,0.0,73.95,141.95,False,False,No festival
2023-01-21,MUM,Mumbai,26.82,0.0,64.76,91.68,False,False,No festival
2023-01-21,PUN,Pune,30.12,0.0,60.87,127.62,False,False,No festival
2023-01-22,AMD,Ahmedabad,28.74,12.06,47.48,114.82,False,False,No festival
2023-01-22,BLR,Bengaluru,25.1,0.0,60.02,96.36,False,False,No festival
2023-01-22,CHE,Chennai,30.88,0.0,73.91,139.8,False,False,No festival
2023-01-22,DEL,Delhi NCR,25.86,0.0,56.0,291.72,False,False,No festival
2023-01-22,HYD,Hyderabad,27.58,0.0,50.7,130.67,False,False,No festival
2023-01-22,KOL,Kolkata,29.01,0.0,75.18,160.99,False,False,No festival
2023-01-22,MUM,Mumbai,24.99,0.0,66.51,131.19,False,False,No festival
2023-01-22,PUN,Pune,24.82,0.0,63.21,124.03,False,False,No festival
2023-01-23,AMD,Ahmedabad,25.36,0.0,37.09,153.28,False,False,No festival
2023-01-23,BLR,Bengaluru,29.47,0.0,57.84,63.47,False,False,No festival
2023-01-23,CHE,Chennai,29.28,0.0,69.4,103.1,False,False,No festival
2023-01-23,DEL,Delhi NCR,23.42,0.0,55.71,280.28,False,False,No festival
2023-01-23,HYD,Hyderabad,27.82,0.0,62.67,122.85,False,False,No festival
2023-01-23,KOL,Kolkata,28.88,0.0,71.86,145.04,False,False,No festival
2023-01-23,MUM,Mumbai,27.11,10.11,84.9,97.88,False,False,No festival
2023-01-23,PUN,Pune,24.11,0.0,57.15,104.58,False,False,No festival
2023-01-24,AMD,Ahmedabad,28.7,0.0,45.61,127.23,False,False,No festival
2023-01-24,BLR,Bengaluru,25.46,0.0,58.9,89.47,False,False,No festival
2023-01-24,CHE,Chennai,30.53,0.0,68.17,137.96,False,False,No festival
2023-01-24,DEL,Delhi NCR,28.47,0.0,53.08,259.29,False,False,No festival
2023-01-24,HYD,Hyderabad,30.31,0.0,52.13,132.37,False,False,No festival
2023-01-24,KOL,Kolkata,28.47,0.0,81.08,127.93,False,False,No festival
2023-01-24,MUM,Mumbai,28.64,0.0,74.66,122.92,False,False,No festival
2023-01-24,PUN,Pune,25.89,0.0,56.87,79.78,False,False,No festival
2023-01-25,AMD,Ahmedabad,30.07,0.0,38.07,100.09,False,False,No festival
2023-01-25,BLR,Bengaluru,25.1,0.0,57.53,112.45,False,False,No festival
2023-01-25,CHE,Chennai,27.97,0.0,69.17,101.02,False,False,No festival
2023-01-25,DEL,Delhi NCR,24.51,0.0,49.45,289.6,False,False,No festival
2023-01-25,HYD,Hyderabad,29.76,0.0,50.74,150.28,False,False,No festival
2023-01-25,KOL,Kolkata,28.57,0.0,68.3,150.89,False,False,No festival
2023-01-25,MUM,Mumbai,30.41,0.0,72.72,97.42,False,False,No festival
2023-01-25,PUN,Pune,25.09,0.0,60.55,123.34,False,False,No festival
2023-01-26,AMD,Ahmedabad,28.84,0.0,44.3,158.6,False,True,No festival
2023-01-26,BLR,Bengaluru,29.58,0.0,59.41,80.49,False,True,No festival
2023-01-26,CHE,Chennai,29.15,0.0,64.56,105.62,False,True,No festival
2023-01-26,DEL,Delhi NCR,29.44,0.0,52.1,287.22,False,True,No festival
2023-01-26,HYD,Hyderabad,28.01,0.0,45.03,122.62,False,True,No festival
2023-01-26,KOL,Kolkata,30.43,0.0,71.38,115.34,False,True,No festival
2023-01-26,MUM,Mumbai,27.58,0.0,80.1,123.66,False,True,No festival
2023-01-26,PUN,Pune,28.92,0.0,61.32,114.4,False,True,No festival
2023-01-27,AMD,Ahmedabad,30.11,0.0,43.28,139.52,False,False,No festival
2023-01-27,BLR,Bengaluru,26.0,0.0,67.81,111.81,False,False,No festival
2023-01-27,CHE,Chennai,29.92,0.0,71.75,89.62,False,False,No festival
2023-01-27,DEL,Delhi NCR,27.94,0.0,60.12,253.46,False,False,No festival
2023-01-27,HYD,Hyderabad,27.37,0.0,57.06,91.12,False,False,No festival
2023-01-27,KOL,Kolkata,28.46,0.0,63.41,148.48,False,False,No festival
2023-01-27,MUM,Mumbai,29.92,0.0,59.14,103.68,False,False,No festival
2023-01-27,PUN,Pune,23.68,0.0,61.74,123.57,False,False,No festival
2023-01-28,AMD,Ahmedabad,31.59,0.0,45.89,161.5,False,False,No festival
2023-01-28,BLR,Bengaluru,26.98,0.0,58.61,98.89,False,False,No festival
2023-01-28,CHE,Chennai,29.6,0.0,72.5,107.09,False,False,No festival
2023-01-28,DEL,Delhi NCR,28.64,0.0,45.69,263.84,False,False,No festival
2023-01-28,HYD,Hyderabad,27.36,0.0,52.9,142.0,False,False,No festival
2023-01-28,KOL,Kolkata,27.13,0.0,65.51,153.17,False,False,No festival
2023-01-28,MUM,Mumbai,30.54,0.0,65.07,124.67,False,False,No festival
2023-01-28,PUN,Pune,30.3,0.0,56.3,117.74,False,False,No festival
2023-01-29,AMD,Ahmedabad,31.67,0.0,48.88,103.65,False,False,No festival
2023-01-29,BLR,Bengaluru,21.17,0.0,67.84,124.82,False,False,No festival
2023-01-29,CHE,Chennai,25.48,0.0,75.25,117.3,False,False,No festival
2023-01-29,DEL,Delhi NCR,27.67,0.0,47.62,298.05,False,False,No festival
2023-01-29,HYD,Hyderabad,28.43,0.0,58.36,99.15,False,False,No festival
2023-01-29,KOL,Kolkata,29.38,0.0,72.53,168.79,False,False,No festival
2023-01-29,MUM,Mumbai,27.53,0.0,67.42,105.63,False,False,No festival
2023-01-29,PUN,Pune,26.79,0.0,70.52,107.88,False,False,No festival
2023-01-30,AMD,Ahmedabad,27.82,0.0,52.41,161.07,False,False,No festival
2023-01-30,BLR,Bengaluru,25.15,0.0,65.37,96.12,False,False,No festival
2023-01-30,CHE,Chennai,27.21,0.0,77.35,126.49,False,False,No festival
2023-01-30,DEL,Delhi NCR,28.51,0.0,57.71,330.07,False,False,No festival
2023-01-30,HYD,Hyderabad,29.46,0.0,54.81,97.16,False,False,No festival
2023-01-30,KOL,Kolkata,27.6,0.0,78.33,95.73,False,False,No festival
2023-01-30,MUM,Mumbai,28.66,0.0,71.57,124.25,False,False,No festival
2023-01-30,PUN,Pune,27.75,0.0,64.18,143.15,False,False,No festival
2023-01-31,AMD,Ahmedabad,29.74,0.0,48.79,123.5,False,False,No festival
2023-01-31,BLR,Bengaluru,27.33,0.0,60.24,113.08,False,False,No festival
2023-01-31,CHE,Chennai,31.4,0.0,82.83,89.5,False,False,No festival
2023-01-31,DEL,Delhi NCR,28.82,0.0,45.12,266.37,False,False,No festival
2023-01-31,HYD,Hyderabad,28.75,0.0,50.07,137.06,False,False,No festival
2023-01-31,KOL,Kolkata,29.73,0.0,77.24,144.67,False,False,No festival
2023-01-31,MUM,Mumbai,26.76,0.0,72.71,120.84,False,False,No festival
2023-01-31,PUN,Pune,25.87,0.0,66.64,76.11,False,False,No festival
2023-02-01,AMD,Ahmedabad,31.65,0.0,40.72,76.85,False,False,No festival
2023-02-01,BLR,Bengaluru,26.04,0.0,67.49,117.09,False,False,No festival
2023-02-01,CHE,Chennai,30.4,0.0,71.44,70.13,False,False,No festival
2023-02-01,DEL,Delhi NCR,30.62,0.0,47.42,167.2,False,False,No festival
2023-02-01,HYD,Hyderabad,29.18,0.0,51.66,105.92,False,False,No festival
2023-02-01,KOL,Kolkata,28.67,0.0,69.13,109.32,False,False,No festival
2023-02-01,MUM,Mumbai,27.55,0.0,73.61,119.46,False,False,No festival
2023-02-01,PUN,Pune,28.71,0.0,66.15,125.43,False,False,No festival
2023-02-02,AMD,Ahmedabad,29.51,0.0,38.43,112.08,False,False,No festival
2023-02-02,BLR,Bengaluru,27.08,0.0,61.3,67.72,False,False,No festival
2023-02-02,CHE,Chennai,28.6,0.0,74.86,87.81,False,False,No festival
2023-02-02,DEL,Delhi NCR,28.88,0.0,51.58,165.81,False,False,No festival
2023-02-02,HYD,Hyderabad,28.68,0.0,55.32,113.66,False,False,No festival
2023-02-02,KOL,Kolkata,30.67,0.0,67.11,103.94,False,False,No festival
2023-02-02,MUM,Mumbai,29.46,0.0,70.03,74.08,False,False,No festival
2023-02-02,PUN,Pune,28.35,0.0,65.57,81.02,False,False,No festival
2023-02-03,AMD,Ahmedabad,29.74,0.0,38.83,128.55,False,False,No festival
2023-02-03,BLR,Bengaluru,29.34,0.0,54.0,43.74,False,False,No festival
2023-02-03,CHE,Chennai,29.48,0.0,77.66,96.2,False,False,No festival
2023-02-03,DEL,Delhi NCR,30.7,0.0,48.91,126.18,False,False,No festival
2023-02-03,HYD,Hyderabad,30.52,0.0,56.46,53.31,False,False,No festival
2023-02-03,KOL,Kolkata,31.14,0.0,64.73,137.06,False,False,No festival
2023-02-03,MUM,Mumbai,28.6,0.0,71.8,85.15,False,False,No festival
2023-02-03,PUN,Pune,27.01,0.0,60.96,104.2,False,False,No festival
2023-02-04,AMD,Ahmedabad,31.93,0.0,48.32,138.42,False,False,No festival
2023-02-04,BLR,Bengaluru,26.12,0.0,58.25,98.4,False,False,No festival
2023-02-04,CHE,Chennai,30.05,0.0,76.22,85.09,False,False,No festival
2023-02-04,DEL,Delhi NCR,26.54,0.0,40.53,127.29,False,False,No festival
2023-02-04,HYD,Hyderabad,28.79,0.0,59.43,86.95,False,False,No festival
2023-02-04,KOL,Kolkata,27.34,0.0,77.61,118.98,False,False,No festival
2023-02-04,MUM,Mumbai,29.14,0.0,73.58,83.22,False,False,No festival
2023-02-04,PUN,Pune,30.76,10.07,66.44,128.98,False,False,No festival
2023-02-05,AMD,Ahmedabad,33.5,0.0,39.46,117.44,False,False,No festival
2023-02-05,BLR,Bengaluru,25.54,0.0,74.74,88.03,False,False,No festival
2023-02-05,CHE,Chennai,28.59,0.0,76.24,65.06,False,False,No festival
2023-02-05,DEL,Delhi NCR,28.19,0.0,58.18,143.51,False,False,No festival
2023-02-05,HYD,Hyderabad,28.93,0.0,55.19,104.13,False,False,No festival
2023-02-05,KOL,Kolkata,28.64,0.0,78.61,100.0,False,False,No festival
2023-02-05,MUM,Mumbai,30.13,0.0,65.91,59.33,False,False,No festival
2023-02-05,PUN,Pune,31.0,0.0,52.95,68.52,False,False,No festival
2023-02-06,AMD,Ahmedabad,30.88,0.0,44.35,127.1,False,False,No festival
2023-02-06,BLR,Bengaluru,25.42,0.0,61.21,55.47,False,False,No festival
2023-02-06,CHE,Chennai,30.89,0.0,77.35,25.0,False,False,No festival
2023-02-06,DEL,Delhi NCR,25.26,0.0,48.18,152.82,False,False,No festival
2023-02-06,HYD,Hyderabad,27.45,0.0,54.28,87.26,False,False,No festival
2023-02-06,KOL,Kolkata,31.04,0.0,67.11,126.31,False,False,No festival
2023-02-06,MUM,Mumbai,28.85,0.0,62.12,70.08,False,False,No festival
2023-02-06,PUN,Pune,28.54,0.0,53.12,65.33,False,False,No festival
2023-02-07,AMD,Ahmedabad,28.4,0.0,47.1,157.46,False,False,No festival
2023-02-07,BLR,Bengaluru,24.31,0.0,65.04,87.39,False,False,No festival
2023-02-07,CHE,Chennai,33.73,0.0,72.23,91.52,False,False,No festival
2023-02-07,DEL,Delhi NCR,28.73,0.0,50.81,143.43,False,False,No festival
2023-02-07,HYD,Hyderabad,30.53,0.0,48.98,85.93,False,False,No festival
2023-02-07,KOL,Kolkata,26.82,0.0,66.94,111.41,False,False,No festival
2023-02-07,MUM,Mumbai,26.26,0.0,75.64,115.01,False,False,No festival
2023-02-07,PUN,Pune,28.29,0.0,54.01,83.45,False,False,No festival
2023-02-08,AMD,Ahmedabad,32.45,0.0,53.54,113.59,False,False,No festival
2023-02-08,BLR,Bengaluru,26.58,0.0,64.04,80.8,False,False,No festival
2023-02-08,CHE,Chennai,29.37,0.0,76.76,74.23,False,False,No festival
2023-02-08,DEL,Delhi NCR,31.12,0.0,49.67,156.39,False,False,No festival
2023-02-08,HYD,Hyderabad,31.42,0.0,47.75,86.5,False,False,No festival
2023-02-08,KOL,Kolkata,30.99,0.0,75.45,130.39,False,False,No festival
2023-02-08,MUM,Mumbai,27.79,0.0,82.78,58.99,False,False,No festival
2023-02-08,PUN,Pune,29.36,0.0,60.91,64.15,False,False,No festival
2023-02-09,AMD,Ahmedabad,28.8,0.0,50.28,101.65,False,False,No festival
2023-02-09,BLR,Bengaluru,24.83,22.46,84.99,25.0,False,False,No festival
2023-02-09,CHE,Chennai,30.12,0.0,72.15,75.7,False,False,No festival
2023-02-09,DEL,Delhi NCR,29.14,0.0,47.82,137.03,False,False,No festival
2023-02-09,HYD,Hyderabad,28.65,0.0,52.38,73.71,False,False,No festival
2023-02-09,KOL,Kolkata,29.27,0.0,71.33,104.38,False,False,No festival
2023-02-09,MUM,Mumbai,25.3,0.0,69.52,94.31,False,False,No festival
2023-02-09,PUN,Pune,29.42,0.0,64.32,55.0,False,False,No festival
2023-02-10,AMD,Ahmedabad,30.27,0.0,47.73,128.85,False,False,No festival
2023-02-10,BLR,Bengaluru,25.13,0.0,60.23,92.97,False,False,No festival
2023-02-10,CHE,Chennai,30.81,0.0,66.65,110.97,False,False,No festival
2023-02-10,DEL,Delhi NCR,30.84,0.0,43.5,174.39,False,False,No festival
2023-02-10,HYD,Hyderabad,29.45,0.0,56.16,67.4,False,False,No festival
2023-02-10,KOL,Kolkata,31.52,0.0,68.37,124.33,False,False,No festival
2023-02-10,MUM,Mumbai,32.18,0.0,67.49,78.96,False,False,No festival
2023-02-10,PUN,Pune,27.22,0.0,53.31,56.18,False,False,No festival
2023-02-11,AMD,Ahmedabad,32.31,0.0,33.88,49.81,False,False,No festival
2023-02-11,BLR,Bengaluru,23.84,0.0,61.62,80.68,False,False,No festival
2023-02-11,CHE,Chennai,32.53,0.0,75.88,105.65,False,False,No festival
2023-02-11,DEL,Delhi NCR,29.99,0.0,44.19,145.44,False,False,No festival
2023-02-11,HYD,Hyderabad,30.84,0.0,56.26,72.07,False,False,No festival
2023-02-11,KOL,Kolkata,30.15,0.0,69.16,91.19,False,False,No festival
2023-02-11,MUM,Mumbai,28.74,0.0,77.62,74.22,False,False,No festival
2023-02-11,PUN,Pune,26.98,0.0,59.96,42.23,False,False,No festival
2023-02-12,AMD,Ahmedabad,32.84,0.0,39.81,94.42,False,False,No festival
2023-02-12,BLR,Bengaluru,24.79,6.03,75.9,76.92,False,False,No festival
2023-02-12,CHE,Chennai,31.63,0.0,64.22,76.36,False,False,No festival
2023-02-12,DEL,Delhi NCR,33.21,0.0,57.15,234.85,False,False,No festival
2023-02-12,HYD,Hyderabad,32.45,0.0,48.27,140.19,False,False,No festival
2023-02-12,KOL,Kolkata,27.46,0.0,70.47,123.23,False,False,No festival
2023-02-12,MUM,Mumbai,25.81,0.0,76.54,82.93,False,False,No festival
2023-02-12,PUN,Pune,28.77,0.0,57.91,47.51,False,False,No festival
2023-02-13,AMD,Ahmedabad,31.62,0.0,45.29,97.34,False,False,No festival
2023-02-13,BLR,Bengaluru,28.78,0.0,69.14,99.94,False,False,No festival
2023-02-13,CHE,Chennai,33.95,0.0,74.7,105.79,False,False,No festival
2023-02-13,DEL,Delhi NCR,27.51,0.0,53.88,190.15,False,False,No festival
2023-02-13,HYD,Hyderabad,30.95,0.0,57.3,80.69,False,False,No festival
2023-02-13,KOL,Kolkata,33.14,0.0,69.62,120.85,False,False,No festival
2023-02-13,MUM,Mumbai,30.8,0.0,73.83,84.2,False,False,No festival
2023-02-13,PUN,Pune,29.36,0.0,65.65,55.86,False,False,No festival
2023-02-14,AMD,Ahmedabad,31.21,0.0,46.73,106.79,False,False,No festival
2023-02-14,BLR,Bengaluru,27.63,0.0,58.88,52.88,False,False,No festival
2023-02-14,CHE,Chennai,28.25,0.0,77.36,100.15,False,False,No festival
2023-02-14,DEL,Delhi NCR,29.06,0.0,56.72,170.11,False,False,No festival
2023-02-14,HYD,Hyderabad,30.38,0.0,58.9,104.35,False,False,No festival
2023-02-14,KOL,Kolkata,28.89,0.0,70.95,83.53,False,False,No festival
2023-02-14,MUM,Mumbai,27.15,0.0,73.69,96.6,False,False,No festival
2023-02-14,PUN,Pune,26.52,0.0,62.19,90.81,False,False,No festival
2023-02-15,AMD,Ahmedabad,29.9,0.0,43.26,89.44,False,False,No festival
2023-02-15,BLR,Bengaluru,27.76,0.0,62.87,63.12,False,False,No festival
2023-02-15,CHE,Chennai,32.39,0.0,78.82,111.62,False,False,No festival
2023-02-15,DEL,Delhi NCR,30.66,0.0,47.3,151.63,False,False,No festival
2023-02-15,HYD,Hyderabad,31.18,0.0,45.64,99.2,False,False,No festival
2023-02-15,KOL,Kolkata,30.69,0.0,71.77,124.75,False,False,No festival
2023-02-15,MUM,Mumbai,30.8,0.0,69.91,106.21,False,False,No festival
2023-02-15,PUN,Pune,27.58,0.0,60.15,97.32,False,False,No festival
2023-02-16,AMD,Ahmedabad,29.77,0.0,53.27,67.36,False,False,No festival
2023-02-16,BLR,Bengaluru,28.87,0.0,54.32,32.9,False,False,No festival
2023-02-16,CHE,Chennai,30.55,0.0,74.19,57.53,False,False,No festival
2023-02-16,DEL,Delhi NCR,31.94,0.0,44.13,167.9,False,False,No festival
2023-02-16,HYD,Hyderabad,30.63,0.0,53.9,55.71,False,False,No festival
2023-02-16,KOL,Kolkata,31.88,0.0,70.49,111.76,False,False,No festival
2023-02-16,MUM,Mumbai,27.75,0.0,68.58,82.43,False,False,No festival
2023-02-16,PUN,Pune,28.66,0.0,59.73,91.16,False,False,No festival
2023-02-17,AMD,Ahmedabad,33.48,0.0,47.39,104.82,False,False,No festival
2023-02-17,BLR,Bengaluru,27.88,0.0,68.46,90.47,False,False,No festival
2023-02-17,CHE,Chennai,31.54,0.0,69.46,53.17,False,False,No festival
2023-02-17,DEL,Delhi NCR,33.18,0.0,55.2,123.3,False,False,No festival
2023-02-17,HYD,Hyderabad,30.06,7.43,65.51,101.66,False,False,No festival
2023-02-17,KOL,Kolkata,28.29,0.0,65.3,95.7,False,False,No festival
2023-02-17,MUM,Mumbai,30.62,0.0,71.65,92.38,False,False,No festival
2023-02-17,PUN,Pune,27.57,0.0,58.13,66.54,False,False,No festival
2023-02-18,AMD,Ahmedabad,33.39,0.0,47.45,110.69,False,False,No festival
2023-02-18,BLR,Bengaluru,25.76,0.0,62.05,88.27,False,False,No festival
2023-02-18,CHE,Chennai,32.87,0.0,71.43,115.38,False,False,No festival
2023-02-18,DEL,Delhi NCR,33.42,0.0,51.96,167.93,False,False,No festival
2023-02-18,HYD,Hyderabad,32.17,0.0,52.75,126.01,False,False,No festival
2023-02-18,KOL,Kolkata,34.82,0.0,58.15,136.89,False,False,No festival
2023-02-18,MUM,Mumbai,25.86,0.0,71.04,122.2,False,False,No festival
2023-02-18,PUN,Pune,33.53,0.0,54.34,103.46,False,False,No festival
2023-02-19,AMD,Ahmedabad,32.2,0.0,44.79,89.71,False,False,No festival
2023-02-19,BLR,Bengaluru,23.95,0.0,60.84,86.31,False,False,No festival
2023-02-19,CHE,Chennai,30.65,0.0,73.8,87.0,False,False,No festival
2023-02-19,DEL,Delhi NCR,32.21,0.0,50.34,196.36,False,False,No festival
2023-02-19,HYD,Hyderabad,31.24,0.0,47.29,74.06,False,False,No festival
2023-02-19,KOL,Kolkata,29.49,0.0,62.79,84.37,False,False,No festival
2023-02-19,MUM,Mumbai,30.11,0.0,79.48,77.72,False,False,No festival
2023-02-19,PUN,Pune,26.23,0.0,59.11,96.02,False,False,No festival
2023-02-20,AMD,Ahmedabad,31.02,0.0,38.66,105.18,False,False,No festival
2023-02-20,BLR,Bengaluru,25.76,0.0,70.02,98.76,False,False,No festival
2023-02-20,CHE,Chennai,31.46,0.0,61.35,72.94,False,False,No festival
2023-02-20,DEL,Delhi NCR,32.32,8.76,63.07,137.02,False,False,No festival
2023-02-20,HYD,Hyderabad,32.87,0.0,60.08,97.38,False,False,No festival
2023-02-20,KOL,Kolkata,26.56,0.0,64.75,132.37,False,False,No festival
2023-02-20,MUM,Mumbai,29.41,0.0,72.83,74.21,False,False,No festival
2023-02-20,PUN,Pune,26.64,0.0,51.99,86.36,False,False,No festival
2023-02-21,AMD,Ahmedabad,35.0,0.0,37.41,94.08,False,False,No festival
2023-02-21,BLR,Bengaluru,28.36,0.0,74.46,87.25,False,False,No festival
2023-02-21,CHE,Chennai,31.67,0.0,83.64,81.84,False,False,No festival
2023-02-21,DEL,Delhi NCR,31.93,0.0,49.09,119.77,False,False,No festival
2023-02-21,HYD,Hyderabad,31.85,0.0,55.33,87.3,False,False,No festival
2023-02-21,KOL,Kolkata,29.81,0.0,70.47,110.62,False,False,No festival
2023-02-21,MUM,Mumbai,31.38,0.0,67.73,40.95,False,False,No festival
2023-02-21,PUN,Pune,29.05,0.0,67.16,84.09,False,False,No festival
2023-02-22,AMD,Ahmedabad,31.24,0.0,42.84,97.26,False,False,No festival
2023-02-22,BLR,Bengaluru,27.44,0.0,64.04,36.24,False,False,No festival
2023-02-22,CHE,Chennai,27.43,0.0,68.27,69.62,False,False,No festival
2023-02-22,DEL,Delhi NCR,30.5,0.0,54.68,138.51,False,False,No festival
2023-02-22,HYD,Hyderabad,31.22,0.0,58.42,69.23,False,False,No festival
2023-02-22,KOL,Kolkata,30.13,0.0,66.03,126.62,False,False,No festival
2023-02-22,MUM,Mumbai,29.12,0.0,74.03,107.53,False,False,No festival
2023-02-22,PUN,Pune,30.72,0.0,50.24,127.31,False,False,No festival
2023-02-23,AMD,Ahmedabad,32.57,0.0,40.68,83.79,False,False,No festival
2023-02-23,BLR,Bengaluru,27.62,11.95,74.63,66.24,False,False,No festival
2023-02-23,CHE,Chennai,28.41,0.0,79.12,80.42,False,False,No festival
2023-02-23,DEL,Delhi NCR,34.15,0.0,39.79,141.45,False,False,No festival
2023-02-23,HYD,Hyderabad,30.27,0.0,53.85,82.9,False,False,No festival
2023-02-23,KOL,Kolkata,33.08,0.0,66.5,124.81,False,False,No festival
2023-02-23,MUM,Mumbai,28.25,0.0,76.03,59.47,False,False,No festival
2023-02-23,PUN,Pune,29.27,0.0,56.95,77.57,False,False,No festival
2023-02-24,AMD,Ahmedabad,31.75,0.0,44.48,103.99,False,False,No festival
2023-02-24,BLR,Bengaluru,22.93,0.0,63.73,72.06,False,False,No festival
2023-02-24,CHE,Chennai,33.97,0.0,64.96,93.62,False,False,No festival
2023-02-24,DEL,Delhi NCR,33.49,0.0,43.91,187.82,False,False,No festival
2023-02-24,HYD,Hyderabad,37.24,0.0,57.89,92.11,False,False,No festival
2023-02-24,KOL,Kolkata,32.06,0.0,65.18,120.03,False,False,No festival
2023-02-24,MUM,Mumbai,30.13,0.0,71.93,64.15,False,False,No festival
2023-02-24,PUN,Pune,30.07,0.0,53.83,88.39,False,False,No festival
2023-02-25,AMD,Ahmedabad,30.55,0.0,46.43,34.86,False,False,No festival
2023-02-25,BLR,Bengaluru,24.82,0.0,71.53,46.16,False,False,No festival
2023-02-25,CHE,Chennai,29.32,0.0,74.88,77.83,False,False,No festival
2023-02-25,DEL,Delhi NCR,32.14,0.0,46.69,129.82,False,False,No festival
2023-02-25,HYD,Hyderabad,31.48,21.79,77.13,110.0,False,False,No festival
2023-02-25,KOL,Kolkata,30.38,0.0,66.22,150.08,False,False,No festival
2023-02-25,MUM,Mumbai,30.86,0.0,82.28,53.56,False,False,No festival
2023-02-25,PUN,Pune,29.52,0.0,53.42,108.2,False,False,No festival
2023-02-26,AMD,Ahmedabad,31.85,0.0,51.74,87.59,False,False,No festival
2023-02-26,BLR,Bengaluru,24.63,0.0,69.97,51.77,False,False,No festival
2023-02-26,CHE,Chennai,31.04,0.0,72.52,92.6,False,False,No festival
2023-02-26,DEL,Delhi NCR,32.27,0.0,59.46,163.96,False,False,No festival
2023-02-26,HYD,Hyderabad,34.46,0.0,49.27,88.81,False,False,No festival
2023-02-26,KOL,Kolkata,31.82,0.0,55.99,105.26,False,False,No festival
2023-02-26,MUM,Mumbai,28.47,0.0,68.01,71.73,False,False,No festival
2023-02-26,PUN,Pune,26.23,0.0,53.45,76.38,False,False,No festival
2023-02-27,AMD,Ahmedabad,34.78,0.0,46.81,96.52,False,False,No festival
2023-02-27,BLR,Bengaluru,26.28,0.0,71.03,77.42,False,False,No festival
2023-02-27,CHE,Chennai,32.28,0.0,61.77,91.45,False,False,No festival
2023-02-27,DEL,Delhi NCR,29.18,0.0,55.73,108.14,False,False,No festival
2023-02-27,HYD,Hyderabad,30.02,0.0,51.94,64.9,False,False,No festival
2023-02-27,KOL,Kolkata,28.28,0.0,77.18,121.29,False,False,No festival
2023-02-27,MUM,Mumbai,32.03,0.0,73.94,72.31,False,False,No festival
2023-02-27,PUN,Pune,28.56,0.0,70.83,48.61,False,False,No festival
2023-02-28,AMD,Ahmedabad,33.51,0.0,41.96,153.66,False,False,No festival
2023-02-28,BLR,Bengaluru,26.94,0.0,58.8,35.87,False,False,No festival
2023-02-28,CHE,Chennai,32.51,8.72,82.6,96.49,False,False,No festival
2023-02-28,DEL,Delhi NCR,33.07,0.0,35.07,144.48,False,False,No festival
2023-02-28,HYD,Hyderabad,33.59,0.0,45.42,90.58,False,False,No festival
2023-02-28,KOL,Kolkata,29.05,0.0,65.22,129.93,False,False,No festival
2023-02-28,MUM,Mumbai,29.53,0.0,70.47,55.94,False,False,No festival
2023-02-28,PUN,Pune,30.12,0.0,51.02,78.8,False,False,No festival
2023-03-01,AMD,Ahmedabad,35.34,0.0,50.52,101.56,False,False,No festival
2023-03-01,BLR,Bengaluru,28.37,0.0,59.69,77.22,False,False,No festival
2023-03-01,CHE,Chennai,32.77,0.0,64.96,68.18,False,False,No festival
2023-03-01,DEL,Delhi NCR,34.32,0.0,50.28,148.25,False,False,No festival
2023-03-01,HYD,Hyderabad,30.29,0.0,58.87,92.9,False,False,No festival
2023-03-01,KOL,Kolkata,31.6,0.0,66.72,162.18,False,False,No festival
2023-03-01,MUM,Mumbai,28.63,0.0,77.49,88.61,False,False,No festival
2023-03-01,PUN,Pune,29.21,0.0,55.59,81.26,False,False,No festival
2023-03-02,AMD,Ahmedabad,33.43,0.0,46.43,73.72,False,False,No festival
2023-03-02,BLR,Bengaluru,25.05,0.0,68.01,81.6,False,False,No festival
2023-03-02,CHE,Chennai,28.43,0.0,77.41,56.83,False,False,No festival
2023-03-02,DEL,Delhi NCR,33.07,0.0,44.05,149.07,False,False,No festival
2023-03-02,HYD,Hyderabad,35.58,3.45,66.65,52.46,False,False,No festival
2023-03-02,KOL,Kolkata,30.39,0.0,77.86,116.39,False,False,No festival
2023-03-02,MUM,Mumbai,34.3,0.0,73.3,92.49,False,False,No festival
2023-03-02,PUN,Pune,29.45,0.0,56.02,108.65,False,False,No festival
2023-03-03,AMD,Ahmedabad,34.05,0.0,49.49,86.97,False,False,No festival
2023-03-03,BLR,Bengaluru,27.93,0.0,68.3,107.0,False,False,No festival
2023-03-03,CHE,Chennai,30.77,0.0,69.72,117.28,False,False,No festival
2023-03-03,DEL,Delhi NCR,32.43,0.0,48.14,169.62,False,False,No festival
2023-03-03,HYD,Hyderabad,32.76,0.0,56.48,95.43,False,False,No festival
2023-03-03,KOL,Kolkata,32.26,0.0,65.17,121.98,False,False,No festival
2023-03-03,MUM,Mumbai,32.64,0.0,67.84,105.81,False,False,No festival
2023-03-03,PUN,Pune,29.86,0.0,59.07,91.74,False,False,No festival
2023-03-04,AMD,Ahmedabad,33.01,0.0,48.02,101.45,False,False,No festival
2023-03-04,BLR,Bengaluru,29.23,0.0,64.88,82.33,False,False,No festival
2023-03-04,CHE,Chennai,31.26,0.0,77.09,91.35,False,False,No festival
2023-03-04,DEL,Delhi NCR,32.37,0.0,41.89,121.3,False,False,No festival
2023-03-04,HYD,Hyderabad,33.26,0.0,51.6,100.65,False,False,No festival
2023-03-04,KOL,Kolkata,31.3,0.0,65.26,133.64,False,False,No festival
2023-03-04,MUM,Mumbai,28.44,0.0,75.02,91.95,False,False,No festival
2023-03-04,PUN,Pune,31.43,0.0,66.87,25.0,False,False,No festival
2023-03-05,AMD,Ahmedabad,33.86,0.0,43.14,108.95,False,False,No festival
2023-03-05,BLR,Bengaluru,25.7,0.0,64.03,67.94,False,False,No festival
2023-03-05,CHE,Chennai,30.16,0.0,77.5,96.54,False,False,No festival
2023-03-05,DEL,Delhi NCR,30.25,0.0,50.08,149.73,False,False,No festival
2023-03-05,HYD,Hyderabad,29.75,0.0,62.08,112.08,False,False,No festival
2023-03-05,KOL,Kolkata,30.47,0.0,74.17,128.12,False,False,No festival
2023-03-05,MUM,Mumbai,27.8,0.0,71.84,130.78,False,False,No festival
2023-03-05,PUN,Pune,28.33,0.0,55.36,74.22,False,False,No festival
2023-03-06,AMD,Ahmedabad,33.4,0.0,53.27,106.77,False,True,Holi
2023-03-06,BLR,Bengaluru,27.04,0.0,57.35,71.15,False,True,Holi
2023-03-06,CHE,Chennai,31.64,0.0,78.44,91.09,False,True,Holi
2023-03-06,DEL,Delhi NCR,32.51,0.0,54.93,193.6,False,True,Holi
2023-03-06,HYD,Hyderabad,29.9,0.0,49.64,127.74,False,True,Holi
2023-03-06,KOL,Kolkata,28.13,0.0,66.3,102.73,False,True,Holi
2023-03-06,MUM,Mumbai,27.64,13.74,86.51,105.89,False,True,Holi
2023-03-06,PUN,Pune,28.39,0.0,46.26,67.3,False,True,Holi
2023-03-07,AMD,Ahmedabad,37.97,0.0,46.3,153.24,False,True,Holi
2023-03-07,BLR,Bengaluru,24.33,0.0,65.22,76.35,False,True,Holi
2023-03-07,CHE,Chennai,28.99,0.0,72.69,86.8,False,True,Holi
2023-03-07,DEL,Delhi NCR,32.44,0.0,43.04,171.06,False,True,Holi
2023-03-07,HYD,Hyderabad,32.32,0.0,59.68,106.62,False,True,Holi
2023-03-07,KOL,Kolkata,28.24,0.0,81.55,96.44,False,True,Holi
2023-03-07,MUM,Mumbai,29.12,0.0,73.66,56.61,False,True,Holi
2023-03-07,PUN,Pune,29.6,0.0,62.57,90.41,False,True,Holi
2023-03-08,AMD,Ahmedabad,36.14,0.0,36.53,131.02,False,True,Holi
2023-03-08,BLR,Bengaluru,26.38,0.0,65.49,77.27,False,True,Holi
2023-03-08,CHE,Chennai,32.19,0.0,76.51,80.9,False,True,Holi
2023-03-08,DEL,Delhi NCR,31.15,0.0,49.18,192.6,False,True,Holi
2023-03-08,HYD,Hyderabad,33.13,0.0,50.41,94.05,False,True,Holi
2023-03-08,KOL,Kolkata,32.99,0.0,72.57,88.55,False,True,Holi
2023-03-08,MUM,Mumbai,29.45,0.0,71.77,100.11,False,True,Holi
2023-03-08,PUN,Pune,28.86,0.0,54.88,127.94,False,True,Holi
2023-03-09,AMD,Ahmedabad,36.63,0.0,41.24,60.02,False,True,Holi
2023-03-09,BLR,Bengaluru,28.88,0.0,70.74,94.89,False,True,Holi
2023-03-09,CHE,Chennai,31.22,0.0,59.43,54.57,False,True,Holi
2023-03-09,DEL,Delhi NCR,33.43,0.0,43.29,192.85,False,True,Holi
2023-03-09,HYD,Hyderabad,31.48,0.0,49.75,60.53,False,True,Holi
2023-03-09,KOL,Kolkata,33.26,0.0,73.26,102.41,False,True,Holi
2023-03-09,MUM,Mumbai,31.31,0.0,79.8,107.47,False,True,Holi
2023-03-09,PUN,Pune,30.02,0.0,55.84,102.99,False,True,Holi
2023-03-10,AMD,Ahmedabad,35.43,0.0,51.6,77.81,False,False,No festival
2023-03-10,BLR,Bengaluru,28.62,0.0,70.51,70.54,False,False,No festival
2023-03-10,CHE,Chennai,33.66,0.0,77.11,83.62,False,False,No festival
2023-03-10,DEL,Delhi NCR,32.82,0.0,43.57,224.15,False,False,No festival
2023-03-10,HYD,Hyderabad,31.9,0.0,53.51,101.55,False,False,No festival
2023-03-10,KOL,Kolkata,28.7,6.65,83.08,144.95,False,False,No festival
2023-03-10,MUM,Mumbai,29.45,0.0,73.51,77.41,False,False,No festival
2023-03-10,PUN,Pune,31.29,0.0,55.79,52.73,False,False,No festival
2023-03-11,AMD,Ahmedabad,36.01,0.0,40.34,74.51,False,False,No festival
2023-03-11,BLR,Bengaluru,27.33,0.0,66.09,61.75,False,False,No festival
2023-03-11,CHE,Chennai,32.89,0.0,79.14,113.12,False,False,No festival
2023-03-11,DEL,Delhi NCR,34.57,5.3,56.56,192.62,False,False,No festival
2023-03-11,HYD,Hyderabad,32.47,0.0,54.2,117.07,False,False,No festival
2023-03-11,KOL,Kolkata,29.72,0.0,75.3,105.5,False,False,No festival
2023-03-11,MUM,Mumbai,30.33,0.0,71.13,105.34,False,False,No festival
2023-03-11,PUN,Pune,28.84,0.0,58.02,65.01,False,False,No festival
2023-03-12,AMD,Ahmedabad,35.74,0.0,42.89,101.49,False,False,No festival
2023-03-12,BLR,Bengaluru,29.71,0.0,63.59,85.56,False,False,No festival
2023-03-12,CHE,Chennai,36.12,0.0,72.11,79.39,False,False,No festival
2023-03-12,DEL,Delhi NCR,33.89,0.0,47.08,141.72,False,False,No festival
2023-03-12,HYD,Hyderabad,37.21,0.0,39.04,107.95,False,False,No festival
2023-03-12,KOL,Kolkata,33.22,0.0,73.22,118.82,False,False,No festival
2023-03-12,MUM,Mumbai,32.17,0.0,79.49,61.67,False,False,No festival
2023-03-12,PUN,Pune,29.58,0.0,56.13,110.84,False,False,No festival
2023-03-13,AMD,Ahmedabad,35.77,0.0,44.96,114.93,False,False,No festival
2023-03-13,BLR,Bengaluru,26.71,0.0,69.4,67.44,False,False,No festival
2023-03-13,CHE,Chennai,32.87,0.0,67.9,89.43,False,False,No festival
2023-03-13,DEL,Delhi NCR,36.9,0.0,47.48,153.02,False,False,No festival
2023-03-13,HYD,Hyderabad,35.08,0.0,54.19,71.7,False,False,No festival
2023-03-13,KOL,Kolkata,34.2,0.0,63.36,99.66,False,False,No festival
2023-03-13,MUM,Mumbai,30.58,0.0,63.36,92.74,False,False,No festival
2023-03-13,PUN,Pune,27.44,0.0,54.57,95.55,False,False,No festival
2023-03-14,AMD,Ahmedabad,34.87,0.0,45.37,91.83,False,False,No festival
2023-03-14,BLR,Bengaluru,29.25,0.0,64.65,67.94,False,False,No festival
2023-03-14,CHE,Chennai,30.81,0.0,66.22,70.7,False,False,No festival
2023-03-14,DEL,Delhi NCR,36.92,0.0,42.26,143.15,False,False,No festival
2023-03-14,HYD,Hyderabad,35.56,0.0,53.58,96.03,False,False,No festival
2023-03-14,KOL,Kolkata,29.47,0.0,64.64,105.32,False,False,No festival
2023-03-14,MUM,Mumbai,32.59,0.0,77.63,58.7,False,False,No festival
2023-03-14,PUN,Pune,24.73,0.0,55.01,84.92,False,False,No festival
2023-03-15,AMD,Ahmedabad,34.17,0.0,39.97,96.25,False,False,No festival
2023-03-15,BLR,Bengaluru,24.3,0.0,70.74,68.05,False,False,No festival
2023-03-15,CHE,Chennai,32.3,0.0,63.29,38.31,False,False,No festival
2023-03-15,DEL,Delhi NCR,36.21,0.0,55.66,137.52,False,False,No festival
2023-03-15,HYD,Hyderabad,34.36,0.0,62.14,103.25,False,False,No festival
2023-03-15,KOL,Kolkata,32.98,0.0,76.34,107.47,False,False,No festival
2023-03-15,MUM,Mumbai,33.09,0.0,65.68,88.46,False,False,No festival
2023-03-15,PUN,Pune,27.0,0.0,58.72,25.0,False,False,No festival
2023-03-16,AMD,Ahmedabad,37.92,0.0,39.77,80.39,False,False,No festival
2023-03-16,BLR,Bengaluru,28.58,0.0,59.58,62.48,False,False,No festival
2023-03-16,CHE,Chennai,30.6,0.0,66.36,76.2,False,False,No festival
2023-03-16,DEL,Delhi NCR,36.51,0.0,47.43,173.59,False,False,No festival
2023-03-16,HYD,Hyderabad,31.43,0.0,60.06,108.25,False,False,No festival
2023-03-16,KOL,Kolkata,32.27,0.0,61.4,137.2,False,False,No festival
2023-03-16,MUM,Mumbai,30.13,0.0,73.78,106.69,False,False,No festival
2023-03-16,PUN,Pune,31.94,0.0,55.15,105.64,False,False,No festival
2023-03-17,AMD,Ahmedabad,34.68,0.0,42.6,127.5,False,False,No festival
2023-03-17,BLR,Bengaluru,28.67,0.0,55.63,25.0,False,False,No festival
2023-03-17,CHE,Chennai,33.46,0.0,69.14,47.91,False,False,No festival
2023-03-17,DEL,Delhi NCR,36.34,0.0,49.11,143.23,False,False,No festival
2023-03-17,HYD,Hyderabad,33.63,0.0,53.82,95.59,False,False,No festival
2023-03-17,KOL,Kolkata,31.15,0.0,72.88,126.39,False,False,No festival
2023-03-17,MUM,Mumbai,29.36,0.0,72.1,88.33,False,False,No festival
2023-03-17,PUN,Pune,28.97,0.0,58.78,109.97,False,False,No festival
2023-03-18,AMD,Ahmedabad,35.11,0.0,41.95,80.07,False,False,No festival
2023-03-18,BLR,Bengaluru,27.15,0.0,66.19,93.34,False,False,No festival
2023-03-18,CHE,Chennai,32.56,0.0,66.53,125.6,False,False,No festival
2023-03-18,DEL,Delhi NCR,33.78,0.0,58.06,165.44,False,False,No festival
2023-03-18,HYD,Hyderabad,35.48,0.0,53.75,117.19,False,False,No festival
2023-03-18,KOL,Kolkata,31.03,0.0,62.89,129.54,False,False,No festival
2023-03-18,MUM,Mumbai,31.34,0.0,80.89,60.03,False,False,No festival
2023-03-18,PUN,Pune,29.93,0.0,56.25,105.34,False,False,No festival
2023-03-19,AMD,Ahmedabad,37.87,0.0,32.79,95.19,False,False,No festival
2023-03-19,BLR,Bengaluru,29.58,0.0,63.04,74.63,False,False,No festival
2023-03-19,CHE,Chennai,33.25,0.0,68.96,119.97,False,False,No festival
2023-03-19,DEL,Delhi NCR,37.24,0.0,41.59,168.91,False,False,No festival
2023-03-19,HYD,Hyderabad,34.73,0.0,47.28,86.32,False,False,No festival
2023-03-19,KOL,Kolkata,31.32,0.0,65.53,92.53,False,False,No festival
2023-03-19,MUM,Mumbai,30.91,0.0,80.57,73.26,False,False,No festival
2023-03-19,PUN,Pune,29.18,0.0,59.32,121.84,False,False,No festival
2023-03-20,AMD,Ahmedabad,38.92,0.0,40.6,114.22,False,False,No festival
2023-03-20,BLR,Bengaluru,30.12,0.0,68.2,96.24,False,False,No festival
2023-03-20,CHE,Chennai,35.61,0.0,71.33,97.93,False,False,No festival
2023-03-20,DEL,Delhi NCR,34.97,0.0,50.26,156.84,False,False,No festival
2023-03-20,HYD,Hyderabad,36.33,0.0,53.57,139.33,False,False,No festival
2023-03-20,KOL,Kolkata,32.37,0.0,73.27,122.63,False,False,No festival
2023-03-20,MUM,Mumbai,30.07,0.0,63.84,93.32,False,False,No festival
2023-03-20,PUN,Pune,31.03,0.0,48.68,64.53,False,False,No festival
2023-03-21,AMD,Ahmedabad,36.61,0.0,33.49,103.5,False,False,No festival
2023-03-21,BLR,Bengaluru,29.38,0.0,62.96,104.52,False,False,No festival
2023-03-21,CHE,Chennai,30.79,0.0,72.0,97.55,False,False,No festival
2023-03-21,DEL,Delhi NCR,34.72,0.0,46.63,157.32,False,False,No festival
2023-03-21,HYD,Hyderabad,34.36,0.0,54.79,116.38,False,False,No festival
2023-03-21,KOL,Kolkata,29.79,0.0,72.61,144.68,False,False,No festival
2023-03-21,MUM,Mumbai,33.27,0.0,65.1,90.63,False,False,No festival
2023-03-21,PUN,Pune,29.3,0.0,62.33,52.5,False,False,No festival
2023-03-22,AMD,Ahmedabad,36.21,0.0,44.0,100.17,False,False,No festival
2023-03-22,BLR,Bengaluru,28.02,0.0,50.22,68.94,False,False,No festival
2023-03-22,CHE,Chennai,32.56,0.0,77.23,72.58,False,False,No festival
2023-03-22,DEL,Delhi NCR,34.24,0.0,57.36,163.45,False,False,No festival
2023-03-22,HYD,Hyderabad,32.94,0.0,65.23,73.02,False,False,No festival
2023-03-22,KOL,Kolkata,30.21,0.0,68.34,119.28,False,False,No festival
2023-03-22,MUM,Mumbai,27.04,0.0,74.88,115.18,False,False,No festival
2023-03-22,PUN,Pune,30.06,0.0,62.39,86.2,False,False,No festival
2023-03-23,AMD,Ahmedabad,38.71,0.0,34.28,81.16,False,False,No festival
2023-03-23,BLR,Bengaluru,27.68,0.0,66.78,65.53,False,False,No festival
2023-03-23,CHE,Chennai,31.13,0.0,65.01,111.74,False,False,No festival
2023-03-23,DEL,Delhi NCR,35.51,0.0,52.88,179.12,False,False,No festival
2023-03-23,HYD,Hyderabad,34.04,0.0,42.96,79.88,False,False,No festival
2023-03-23,KOL,Kolkata,32.62,0.0,63.47,131.68,False,False,No festival
2023-03-23,MUM,Mumbai,31.3,0.0,73.31,83.88,False,False,No festival
2023-03-23,PUN,Pune,29.47,0.0,60.49,71.55,False,False,No festival
2023-03-24,AMD,Ahmedabad,33.3,0.0,54.34,81.11,False,False,No festival
2023-03-24,BLR,Bengaluru,29.87,0.0,56.06,64.85,False,False,No festival
2023-03-24,CHE,Chennai,30.74,0.0,76.16,75.54,False,False,No festival
2023-03-24,DEL,Delhi NCR,37.41,0.0,49.23,177.26,False,False,No festival
2023-03-24,HYD,Hyderabad,33.85,0.0,63.65,75.82,False,False,No festival
2023-03-24,KOL,Kolkata,34.44,0.0,66.09,105.06,False,False,No festival
2023-03-24,MUM,Mumbai,30.69,0.0,72.43,95.02,False,False,No festival
2023-03-24,PUN,Pune,30.12,0.0,56.93,70.07,False,False,No festival
2023-03-25,AMD,Ahmedabad,36.09,0.0,35.88,101.59,False,False,No festival
2023-03-25,BLR,Bengaluru,27.94,0.0,58.53,70.95,False,False,No festival
2023-03-25,CHE,Chennai,31.59,0.0,68.96,74.68,False,False,No festival
2023-03-25,DEL,Delhi NCR,38.11,0.0,37.01,139.75,False,False,No festival
2023-03-25,HYD,Hyderabad,33.99,0.0,47.78,103.39,False,False,No festival
2023-03-25,KOL,Kolkata,29.33,0.0,71.16,116.74,False,False,No festival
2023-03-25,MUM,Mumbai,33.17,0.0,75.26,71.34,False,False,No festival
2023-03-25,PUN,Pune,32.39,0.0,52.32,90.43,False,False,No festival
2023-03-26,AMD,Ahmedabad,37.92,0.0,39.22,96.74,False,False,No festival
2023-03-26,BLR,Bengaluru,27.9,0.0,56.0,42.13,False,False,No festival
2023-03-26,CHE,Chennai,29.32,0.0,71.71,72.2,False,False,No festival
2023-03-26,DEL,Delhi NCR,37.28,0.0,49.67,163.61,False,False,No festival
2023-03-26,HYD,Hyderabad,37.74,0.0,49.95,106.74,False,False,No festival
2023-03-26,KOL,Kolkata,32.23,0.0,65.63,98.95,False,False,No festival
2023-03-26,MUM,Mumbai,32.53,0.0,66.21,83.64,False,False,No festival
2023-03-26,PUN,Pune,34.3,0.0,57.72,77.13,False,False,No festival
2023-03-27,AMD,Ahmedabad,35.21,0.0,41.96,144.2,False,False,No festival
2023-03-27,BLR,Bengaluru,28.65,0.0,65.49,71.67,False,False,No festival
2023-03-27,CHE,Chennai,31.8,0.0,71.42,92.17,False,False,No festival
2023-03-27,DEL,Delhi NCR,36.93,0.0,43.47,166.65,False,False,No festival
2023-03-27,HYD,Hyderabad,37.4,0.0,58.09,96.05,False,False,No festival
2023-03-27,KOL,Kolkata,30.02,0.0,70.6,85.82,False,False,No festival
2023-03-27,MUM,Mumbai,33.89,0.0,64.79,80.98,False,False,No festival
2023-03-27,PUN,Pune,32.12,0.0,52.59,55.13,False,False,No festival
2023-03-28,AMD,Ahmedabad,34.93,0.0,48.83,89.98,False,False,No festival
2023-03-28,BLR,Bengaluru,28.8,0.0,63.68,60.36,False,False,No festival
2023-03-28,CHE,Chennai,31.16,0.0,65.42,60.63,False,False,No festival
2023-03-28,DEL,Delhi NCR,39.13,0.0,36.04,201.1,False,False,No festival
2023-03-28,HYD,Hyderabad,35.06,0.0,53.49,64.56,False,False,No festival
2023-03-28,KOL,Kolkata,30.31,0.0,63.8,126.33,False,False,No festival
2023-03-28,MUM,Mumbai,32.05,0.0,63.37,79.7,False,False,No festival
2023-03-28,PUN,Pune,28.37,0.0,60.32,91.76,False,False,No festival
2023-03-29,AMD,Ahmedabad,36.55,0.0,33.16,80.53,False,False,No festival
2023-03-29,BLR,Bengaluru,27.84,0.0,55.25,97.53,False,False,No festival
2023-03-29,CHE,Chennai,33.29,0.0,78.7,85.6,False,False,No festival
2023-03-29,DEL,Delhi NCR,38.04,0.0,46.4,168.42,False,False,No festival
2023-03-29,HYD,Hyderabad,33.19,0.0,49.34,103.78,False,False,No festival
2023-03-29,KOL,Kolkata,34.61,0.0,73.73,103.82,False,False,No festival
2023-03-29,MUM,Mumbai,31.41,0.0,77.51,75.8,False,False,No festival
2023-03-29,PUN,Pune,32.31,0.0,54.28,66.27,False,False,No festival
2023-03-30,AMD,Ahmedabad,38.98,0.0,36.94,92.09,False,False,No festival
2023-03-30,BLR,Bengaluru,26.02,0.0,61.14,34.5,False,False,No festival
2023-03-30,CHE,Chennai,30.96,0.0,74.73,57.72,False,False,No festival
2023-03-30,DEL,Delhi NCR,38.84,0.0,53.05,222.61,False,False,No festival
2023-03-30,HYD,Hyderabad,35.44,0.0,50.9,107.76,False,False,No festival
2023-03-30,KOL,Kolkata,32.89,0.0,66.28,115.42,False,False,No festival
2023-03-30,MUM,Mumbai,32.32,0.0,62.79,101.6,False,False,No festival
2023-03-30,PUN,Pune,31.27,0.0,63.99,82.79,False,False,No festival
2023-03-31,AMD,Ahmedabad,39.63,0.0,40.16,83.73,False,False,No festival
2023-03-31,BLR,Bengaluru,30.47,0.0,61.44,117.07,False,False,No festival
2023-03-31,CHE,Chennai,31.09,0.0,70.81,82.55,False,False,No festival
2023-03-31,DEL,Delhi NCR,38.03,0.0,46.76,161.01,False,False,No festival
2023-03-31,HYD,Hyderabad,32.67,0.0,58.99,99.94,False,False,No festival
2023-03-31,KOL,Kolkata,34.2,0.0,66.84,111.02,False,False,No festival
2023-03-31,MUM,Mumbai,34.18,0.0,72.14,106.99,False,False,No festival
2023-03-31,PUN,Pune,32.04,0.0,49.31,95.22,False,False,No festival
2023-04-01,AMD,Ahmedabad,36.47,0.0,41.98,107.54,False,False,No festival
2023-04-01,BLR,Bengaluru,28.8,0.0,68.48,92.3,False,False,No festival
2023-04-01,CHE,Chennai,35.6,0.0,68.85,135.54,False,False,No festival
2023-04-01,DEL,Delhi NCR,37.99,0.0,50.67,190.2,False,False,No festival
2023-04-01,HYD,Hyderabad,35.7,0.0,48.29,99.8,False,False,No festival
2023-04-01,KOL,Kolkata,36.86,0.0,70.9,89.91,False,False,No festival
2023-04-01,MUM,Mumbai,31.56,0.0,69.29,124.0,False,False,No festival
2023-04-01,PUN,Pune,28.85,0.0,57.14,78.44,False,False,No festival
2023-04-02,AMD,Ahmedabad,40.51,0.0,41.59,130.51,True,False,No festival
2023-04-02,BLR,Bengaluru,24.86,0.0,58.65,32.43,False,False,No festival
2023-04-02,CHE,Chennai,31.9,0.0,72.8,59.97,False,False,No festival
2023-04-02,DEL,Delhi NCR,34.15,0.0,47.34,172.9,False,False,No festival
2023-04-02,HYD,Hyderabad,34.89,0.0,55.45,72.27,False,False,No festival
2023-04-02,KOL,Kolkata,35.74,0.0,66.56,125.77,False,False,No festival
2023-04-02,MUM,Mumbai,35.88,9.15,83.71,57.22,False,False,No festival
2023-04-02,PUN,Pune,33.78,0.0,55.2,115.49,False,False,No festival
2023-04-03,AMD,Ahmedabad,38.51,0.0,46.32,92.88,False,False,No festival
2023-04-03,BLR,Bengaluru,26.01,0.0,57.71,83.5,False,False,No festival
2023-04-03,CHE,Chennai,32.02,0.0,70.31,84.43,False,False,No festival
2023-04-03,DEL,Delhi NCR,36.95,0.0,48.56,182.52,False,False,No festival
2023-04-03,HYD,Hyderabad,34.48,0.0,46.85,76.92,False,False,No festival
2023-04-03,KOL,Kolkata,31.12,0.0,71.08,94.19,False,False,No festival
2023-04-03,MUM,Mumbai,31.89,0.0,66.67,77.03,False,False,No festival
2023-04-03,PUN,Pune,30.84,0.0,56.02,67.6,False,False,No festival
2023-04-04,AMD,Ahmedabad,38.18,0.0,39.02,88.96,False,False,No festival
2023-04-04,BLR,Bengaluru,29.01,0.0,58.86,33.41,False,False,No festival
2023-04-04,CHE,Chennai,33.32,0.0,71.57,105.13,False,False,No festival
2023-04-04,DEL,Delhi NCR,36.57,0.0,44.66,189.29,False,False,No festival
2023-04-04,HYD,Hyderabad,35.15,0.0,51.66,129.98,False,False,No festival
2023-04-04,KOL,Kolkata,31.04,0.0,69.81,133.94,False,False,No festival
2023-04-04,MUM,Mumbai,31.54,0.0,73.87,72.02,False,False,No festival
2023-04-04,PUN,Pune,31.18,0.0,59.17,86.79,False,False,No festival
2023-04-05,AMD,Ahmedabad,38.83,0.0,35.12,74.2,False,False,No festival
2023-04-05,BLR,Bengaluru,28.87,0.0,61.33,73.39,False,False,No festival
2023-04-05,CHE,Chennai,30.13,0.0,76.14,49.29,False,False,No festival
2023-04-05,DEL,Delhi NCR,38.94,0.0,41.24,158.21,False,False,No festival
2023-04-05,HYD,Hyderabad,33.94,0.0,46.41,128.27,False,False,No festival
2023-04-05,KOL,Kolkata,34.07,0.0,68.0,153.02,False,False,No festival
2023-04-05,MUM,Mumbai,30.75,0.0,66.57,60.12,False,False,No festival
2023-04-05,PUN,Pune,30.58,0.0,59.13,72.94,False,False,No festival
2023-04-06,AMD,Ahmedabad,39.92,0.0,40.29,56.27,False,False,No festival
2023-04-06,BLR,Bengaluru,30.33,0.0,57.92,92.75,False,False,No festival
2023-04-06,CHE,Chennai,32.05,0.0,73.63,85.91,False,False,No festival
2023-04-06,DEL,Delhi NCR,38.58,0.0,48.47,166.06,False,False,No festival
2023-04-06,HYD,Hyderabad,35.39,0.0,49.81,124.08,False,False,No festival
2023-04-06,KOL,Kolkata,32.53,0.0,60.4,121.25,False,False,No festival
2023-04-06,MUM,Mumbai,31.29,0.0,73.24,65.72,False,False,No festival
2023-04-06,PUN,Pune,27.86,0.0,55.68,53.79,False,False,No festival
2023-04-07,AMD,Ahmedabad,41.42,0.0,42.1,82.23,True,False,No festival
2023-04-07,BLR,Bengaluru,30.15,0.0,63.64,96.14,False,False,No festival
2023-04-07,CHE,Chennai,33.89,0.0,69.51,76.72,False,False,No festival
2023-04-07,DEL,Delhi NCR,40.72,0.0,46.85,149.43,True,False,No festival
2023-04-07,HYD,Hyderabad,33.28,0.0,59.8,94.71,False,False,No festival
2023-04-07,KOL,Kolkata,33.93,0.0,61.53,121.74,False,False,No festival
2023-04-07,MUM,Mumbai,34.25,0.0,67.41,144.73,False,False,No festival
2023-04-07,PUN,Pune,30.1,0.0,55.73,71.18,False,False,No festival
2023-04-08,AMD,Ahmedabad,38.6,0.0,38.81,66.65,False,False,No festival
2023-04-08,BLR,Bengaluru,27.03,0.0,58.93,112.4,False,False,No festival
2023-04-08,CHE,Chennai,34.33,0.0,67.53,76.29,False,False,No festival
2023-04-08,DEL,Delhi NCR,34.41,0.0,45.33,185.44,False,False,No festival
2023-04-08,HYD,Hyderabad,36.33,0.0,51.95,107.01,False,False,No festival
2023-04-08,KOL,Kolkata,33.02,0.0,65.01,122.96,False,False,No festival
2023-04-08,MUM,Mumbai,33.53,0.0,69.48,102.45,False,False,No festival
2023-04-08,PUN,Pune,27.6,0.0,58.99,88.94,False,False,No festival
2023-04-09,AMD,Ahmedabad,40.26,0.0,43.04,90.12,True,False,No festival
2023-04-09,BLR,Bengaluru,29.38,0.0,55.88,69.21,False,False,No festival
2023-04-09,CHE,Chennai,34.0,0.0,71.84,110.47,False,False,No festival
2023-04-09,DEL,Delhi NCR,38.84,0.0,45.92,166.97,False,False,No festival
2023-04-09,HYD,Hyderabad,36.67,0.0,52.02,102.04,False,False,No festival
2023-04-09,KOL,Kolkata,34.37,0.0,69.69,168.22,False,False,No festival
2023-04-09,MUM,Mumbai,31.95,0.0,74.34,80.27,False,False,No festival
2023-04-09,PUN,Pune,32.69,0.0,56.84,54.91,False,False,No festival
2023-04-10,AMD,Ahmedabad,40.56,4.61,59.31,127.41,True,False,No festival
2023-04-10,BLR,Bengaluru,29.6,0.0,56.8,65.71,False,False,No festival
2023-04-10,CHE,Chennai,31.0,0.0,73.8,83.44,False,False,No festival
2023-04-10,DEL,Delhi NCR,37.19,0.0,41.34,169.31,False,False,No festival
2023-04-10,HYD,Hyderabad,38.19,0.0,43.58,28.88,False,False,No festival
2023-04-10,KOL,Kolkata,35.65,0.0,62.62,130.86,False,False,No festival
2023-04-10,MUM,Mumbai,34.82,0.0,65.14,79.49,False,False,No festival
2023-04-10,PUN,Pune,29.72,0.0,62.13,99.41,False,False,No festival
2023-04-11,AMD,Ahmedabad,38.48,0.0,45.97,89.99,False,False,No festival
2023-04-11,BLR,Bengaluru,29.66,0.0,60.02,75.73,False,False,No festival
2023-04-11,CHE,Chennai,32.1,0.0,68.9,73.59,False,False,No festival
2023-04-11,DEL,Delhi NCR,37.98,0.0,39.34,166.65,False,False,No festival
2023-04-11,HYD,Hyderabad,40.62,0.0,41.78,95.16,True,False,No festival
2023-04-11,KOL,Kolkata,34.03,0.0,64.0,125.36,False,False,No festival
2023-04-11,MUM,Mumbai,31.83,0.0,74.1,64.52,False,False,No festival
2023-04-11,PUN,Pune,31.54,0.0,51.74,93.42,False,False,No festival
2023-04-12,AMD,Ahmedabad,40.89,0.0,49.84,110.91,True,False,No festival
2023-04-12,BLR,Bengaluru,29.11,0.0,63.82,115.25,False,False,No festival
2023-04-12,CHE,Chennai,32.96,0.0,61.83,111.42,False,False,No festival
2023-04-12,DEL,Delhi NCR,37.08,0.0,45.13,159.38,False,False,No festival
2023-04-12,HYD,Hyderabad,34.56,0.0,49.27,139.95,False,False,No festival
2023-04-12,KOL,Kolkata,35.52,0.0,67.49,99.31,False,False,No festival
2023-04-12,MUM,Mumbai,30.47,0.0,72.95,69.5,False,False,No festival
2023-04-12,PUN,Pune,31.15,0.0,50.95,121.93,False,False,No festival
2023-04-13,AMD,Ahmedabad,37.56,0.0,38.86,80.71,False,False,No festival
2023-04-13,BLR,Bengaluru,28.95,0.0,59.96,85.49,False,False,No festival
2023-04-13,CHE,Chennai,30.14,0.0,69.71,87.11,False,False,No festival
2023-04-13,DEL,Delhi NCR,40.15,0.0,45.88,170.29,True,False,No festival
2023-04-13,HYD,Hyderabad,35.31,0.0,43.91,69.41,False,False,No festival
2023-04-13,KOL,Kolkata,36.43,0.0,65.53,98.05,False,False,No festival
2023-04-13,MUM,Mumbai,31.99,0.0,81.94,106.41,False,False,No festival
2023-04-13,PUN,Pune,31.34,0.0,61.06,38.58,False,False,No festival
2023-04-14,AMD,Ahmedabad,37.19,0.0,48.43,88.83,False,False,No festival
2023-04-14,BLR,Bengaluru,29.36,0.0,67.97,26.66,False,False,No festival
2023-04-14,CHE,Chennai,32.55,0.0,67.33,83.23,False,False,No festival
2023-04-14,DEL,Delhi NCR,41.58,0.0,40.2,152.88,True,False,No festival
2023-04-14,HYD,Hyderabad,32.38,10.26,65.13,101.08,False,False,No festival
2023-04-14,KOL,Kolkata,34.84,0.0,66.45,140.02,False,False,No festival
2023-04-14,MUM,Mumbai,30.93,0.0,71.49,78.85,False,False,No festival
2023-04-14,PUN,Pune,30.16,0.0,59.85,65.23,False,False,No festival
2023-04-15,AMD,Ahmedabad,38.05,0.0,35.19,158.63,False,False,No festival
2023-04-15,BLR,Bengaluru,25.99,0.0,67.9,53.46,False,False,No festival
2023-04-15,CHE,Chennai,31.98,0.0,82.34,100.01,False,False,No festival
2023-04-15,DEL,Delhi NCR,38.45,0.0,52.24,144.06,False,False,No festival
2023-04-15,HYD,Hyderabad,36.0,0.0,54.69,125.41,False,False,No festival
2023-04-15,KOL,Kolkata,34.95,0.0,57.75,126.03,False,False,No festival
2023-04-15,MUM,Mumbai,33.58,0.0,76.62,78.31,False,False,No festival
2023-04-15,PUN,Pune,32.85,0.0,58.46,90.68,False,False,No festival
2023-04-16,AMD,Ahmedabad,38.02,0.0,35.66,130.21,False,False,No festival
2023-04-16,BLR,Bengaluru,27.77,0.0,63.72,84.7,False,False,No festival
2023-04-16,CHE,Chennai,33.58,4.14,85.74,74.17,False,False,No festival
2023-04-16,DEL,Delhi NCR,41.7,0.0,41.22,180.45,True,False,No festival
2023-04-16,HYD,Hyderabad,34.5,0.0,57.2,121.75,False,False,No festival
2023-04-16,KOL,Kolkata,35.92,0.0,66.54,104.84,False,False,No festival
2023-04-16,MUM,Mumbai,31.44,0.0,68.82,92.69,False,False,No festival
2023-04-16,PUN,Pune,32.32,0.0,56.71,101.8,False,False,No festival
2023-04-17,AMD,Ahmedabad,39.12,5.26,45.8,107.02,False,False,No festival
2023-04-17,BLR,Bengaluru,29.25,0.0,53.32,56.89,False,False,No festival
2023-04-17,CHE,Chennai,36.83,0.0,65.56,33.88,False,False,No festival
2023-04-17,DEL,Delhi NCR,42.6,0.0,48.07,175.25,True,False,No festival
2023-04-17,HYD,Hyderabad,34.4,0.0,53.9,102.43,False,False,No festival
2023-04-17,KOL,Kolkata,34.72,0.0,58.75,131.95,False,False,No festival
2023-04-17,MUM,Mumbai,34.01,0.0,78.58,79.3,False,False,No festival
2023-04-17,PUN,Pune,31.61,0.0,51.44,26.05,False,False,No festival
2023-04-18,AMD,Ahmedabad,36.49,0.0,45.65,128.21,False,False,No festival
2023-04-18,BLR,Bengaluru,27.44,0.0,54.02,83.98,False,False,No festival
2023-04-18,CHE,Chennai,35.14,0.0,74.44,75.26,False,False,No festival
2023-04-18,DEL,Delhi NCR,36.1,0.0,43.08,200.16,False,False,No festival
2023-04-18,HYD,Hyderabad,35.15,0.0,57.49,90.83,False,False,No festival
2023-04-18,KOL,Kolkata,33.55,0.0,70.65,116.95,False,False,No festival
2023-04-18,MUM,Mumbai,31.42,0.0,74.29,70.63,False,False,No festival
2023-04-18,PUN,Pune,31.31,9.43,72.02,127.63,False,False,No festival
2023-04-19,AMD,Ahmedabad,38.31,0.0,44.31,127.98,False,False,No festival
2023-04-19,BLR,Bengaluru,28.75,0.0,67.16,69.41,False,False,No festival
2023-04-19,CHE,Chennai,34.73,0.0,71.44,45.49,False,False,No festival
2023-04-19,DEL,Delhi NCR,39.28,0.0,38.7,160.56,False,False,No festival
2023-04-19,HYD,Hyderabad,38.22,0.0,54.99,82.82,False,False,No festival
2023-04-19,KOL,Kolkata,31.24,0.0,66.59,130.54,False,False,No festival
2023-04-19,MUM,Mumbai,32.3,0.0,69.75,70.85,False,False,No festival
2023-04-19,PUN,Pune,29.47,0.0,60.76,69.05,False,False,No festival
2023-04-20,AMD,Ahmedabad,39.69,0.0,38.1,78.54,False,True,Eid
2023-04-20,BLR,Bengaluru,28.18,0.0,58.71,88.89,False,True,Eid
2023-04-20,CHE,Chennai,32.51,0.0,71.09,89.34,False,True,Eid
2023-04-20,DEL,Delhi NCR,37.35,0.0,42.33,164.1,False,True,Eid
2023-04-20,HYD,Hyderabad,37.01,0.0,51.26,88.67,False,True,Eid
2023-04-20,KOL,Kolkata,35.76,0.0,66.96,109.42,False,True,Eid
2023-04-20,MUM,Mumbai,30.73,0.0,71.96,93.09,False,True,Eid
2023-04-20,PUN,Pune,34.29,0.0,59.54,51.66,False,True,Eid
2023-04-21,AMD,Ahmedabad,39.26,0.0,54.04,119.28,False,True,Eid
2023-04-21,BLR,Bengaluru,28.99,0.0,66.18,82.7,False,True,Eid
2023-04-21,CHE,Chennai,31.66,0.0,81.14,38.98,False,True,Eid
2023-04-21,DEL,Delhi NCR,38.32,0.0,46.65,142.04,False,True,Eid
2023-04-21,HYD,Hyderabad,35.03,0.0,60.28,126.76,False,True,Eid
2023-04-21,KOL,Kolkata,34.29,0.0,66.73,119.95,False,True,Eid
2023-04-21,MUM,Mumbai,32.33,0.0,70.91,86.17,False,True,Eid
2023-04-21,PUN,Pune,31.12,0.0,56.89,81.32,False,True,Eid
2023-04-22,AMD,Ahmedabad,38.72,0.0,35.3,106.1,False,True,Eid
2023-04-22,BLR,Bengaluru,27.76,0.0,59.91,65.57,False,True,Eid
2023-04-22,CHE,Chennai,36.1,0.0,74.91,82.23,False,True,Eid
2023-04-22,DEL,Delhi NCR,39.28,0.0,50.73,196.98,False,True,Eid
2023-04-22,HYD,Hyderabad,35.21,0.0,57.09,80.24,False,True,Eid
2023-04-22,KOL,Kolkata,35.28,0.0,61.77,107.23,False,True,Eid
2023-04-22,MUM,Mumbai,32.79,0.0,64.61,57.21,False,True,Eid
2023-04-22,PUN,Pune,31.37,0.0,61.04,74.98,False,True,Eid
2023-04-23,AMD,Ahmedabad,38.52,0.0,45.97,146.1,False,True,Eid
2023-04-23,BLR,Bengaluru,32.9,0.0,60.47,32.45,False,True,Eid
2023-04-23,CHE,Chennai,32.44,0.0,62.14,79.12,False,True,Eid
2023-04-23,DEL,Delhi NCR,42.41,0.0,53.6,138.37,True,True,Eid
2023-04-23,HYD,Hyderabad,36.7,0.0,50.49,109.75,False,True,Eid
2023-04-23,KOL,Kolkata,33.64,0.0,64.92,127.29,False,True,Eid
2023-04-23,MUM,Mumbai,30.62,0.0,66.17,49.8,False,True,Eid
2023-04-23,PUN,Pune,31.45,0.0,59.73,90.26,False,True,Eid
2023-04-24,AMD,Ahmedabad,38.07,0.0,36.05,94.31,False,False,No festival
2023-04-24,BLR,Bengaluru,26.27,0.0,67.79,45.03,False,False,No festival
2023-04-24,CHE,Chennai,34.36,0.0,67.66,56.2,False,False,No festival
2023-04-24,DEL,Delhi NCR,39.29,0.0,45.63,182.67,False,False,No festival
2023-04-24,HYD,Hyderabad,33.8,0.0,57.64,77.28,False,False,No festival
2023-04-24,KOL,Kolkata,34.38,0.0,64.65,98.58,False,False,No festival
2023-04-24,MUM,Mumbai,31.95,36.85,86.03,122.99,False,False,No festival
2023-04-24,PUN,Pune,31.74,0.0,58.7,25.0,False,False,No festival
2023-04-25,AMD,Ahmedabad,38.76,0.0,35.97,53.01,False,False,No festival
2023-04-25,BLR,Bengaluru,27.67,0.0,75.78,69.19,False,False,No festival
2023-04-25,CHE,Chennai,34.57,0.0,66.36,117.64,False,False,No festival
2023-04-25,DEL,Delhi NCR,41.4,0.0,43.61,195.93,True,False,No festival
2023-04-25,HYD,Hyderabad,38.32,0.0,46.16,120.66,False,False,No festival
2023-04-25,KOL,Kolkata,33.97,0.0,66.11,129.67,False,False,No festival
2023-04-25,MUM,Mumbai,30.64,0.0,76.7,65.14,False,False,No festival
2023-04-25,PUN,Pune,30.21,0.0,65.73,62.92,False,False,No festival
2023-04-26,AMD,Ahmedabad,41.02,4.63,56.05,91.06,True,False,No festival
2023-04-26,BLR,Bengaluru,32.11,0.0,67.39,61.24,False,False,No festival
2023-04-26,CHE,Chennai,29.81,0.0,68.37,84.42,False,False,No festival
2023-04-26,DEL,Delhi NCR,37.19,0.0,50.08,155.19,False,False,No festival
2023-04-26,HYD,Hyderabad,34.78,0.0,61.21,120.99,False,False,No festival
2023-04-26,KOL,Kolkata,33.65,0.0,60.26,114.28,False,False,No festival
2023-04-26,MUM,Mumbai,34.38,0.0,78.62,62.63,False,False,No festival
2023-04-26,PUN,Pune,30.55,0.0,57.59,125.11,False,False,No festival
2023-04-27,AMD,Ahmedabad,41.14,0.0,38.33,73.59,True,False,No festival
2023-04-27,BLR,Bengaluru,27.95,0.0,67.94,31.87,False,False,No festival
2023-04-27,CHE,Chennai,32.23,0.0,84.07,79.75,False,False,No festival
2023-04-27,DEL,Delhi NCR,39.78,0.0,42.55,187.69,False,False,No festival
2023-04-27,HYD,Hyderabad,37.92,0.0,54.26,128.96,False,False,No festival
2023-04-27,KOL,Kolkata,35.51,0.0,66.91,94.68,False,False,No festival
2023-04-27,MUM,Mumbai,34.58,0.0,73.83,69.42,False,False,No festival
2023-04-27,PUN,Pune,28.7,0.0,49.45,65.95,False,False,No festival
2023-04-28,AMD,Ahmedabad,39.97,0.0,48.96,103.25,False,False,No festival
2023-04-28,BLR,Bengaluru,30.07,0.0,65.16,66.98,False,False,No festival
2023-04-28,CHE,Chennai,33.46,0.0,77.34,77.26,False,False,No festival
2023-04-28,DEL,Delhi NCR,41.4,0.0,40.77,155.16,True,False,No festival
2023-04-28,HYD,Hyderabad,35.68,0.0,50.77,82.05,False,False,No festival
2023-04-28,KOL,Kolkata,33.79,0.0,72.95,130.03,False,False,No festival
2023-04-28,MUM,Mumbai,30.84,0.0,78.73,109.54,False,False,No festival
2023-04-28,PUN,Pune,30.9,0.0,58.51,90.18,False,False,No festival
2023-04-29,AMD,Ahmedabad,39.74,3.99,51.75,129.53,False,False,No festival
2023-04-29,BLR,Bengaluru,32.59,0.0,62.73,50.64,False,False,No festival
2023-04-29,CHE,Chennai,31.05,0.0,76.53,126.44,False,False,No festival
2023-04-29,DEL,Delhi NCR,40.98,0.0,43.58,171.35,True,False,No festival
2023-04-29,HYD,Hyderabad,39.15,0.0,55.6,97.27,False,False,No festival
2023-04-29,KOL,Kolkata,34.51,0.0,73.81,165.49,False,False,No festival
2023-04-29,MUM,Mumbai,33.26,22.35,71.98,110.53,False,False,No festival
2023-04-29,PUN,Pune,32.14,0.0,65.84,78.32,False,False,No festival
2023-04-30,AMD,Ahmedabad,40.11,0.0,46.92,107.74,True,False,No festival
2023-04-30,BLR,Bengaluru,30.03,0.0,57.74,73.36,False,False,No festival
2023-04-30,CHE,Chennai,31.68,0.0,68.12,93.53,False,False,No festival
2023-04-30,DEL,Delhi NCR,38.84,0.0,36.48,166.26,False,False,No festival
2023-04-30,HYD,Hyderabad,35.07,0.0,55.49,94.58,False,False,No festival
2023-04-30,KOL,Kolkata,33.42,0.0,65.06,87.22,False,False,No festival
2023-04-30,MUM,Mumbai,30.81,0.0,74.59,71.33,False,False,No festival
2023-04-30,PUN,Pune,33.26,0.0,57.32,70.59,False,False,No festival
2023-05-01,AMD,Ahmedabad,38.82,0.0,42.49,107.38,False,False,No festival
2023-05-01,BLR,Bengaluru,30.5,0.0,65.51,69.45,False,False,No festival
2023-05-01,CHE,Chennai,33.84,0.0,76.6,77.84,False,False,No festival
2023-05-01,DEL,Delhi NCR,39.75,0.0,43.42,213.6,False,False,No festival
2023-05-01,HYD,Hyderabad,35.9,0.0,49.02,49.75,False,False,No festival
2023-05-01,KOL,Kolkata,31.53,0.0,72.53,120.83,False,False,No festival
2023-05-01,MUM,Mumbai,29.87,0.0,71.98,89.42,False,False,No festival
2023-05-01,PUN,Pune,31.77,0.0,60.18,105.3,False,False,No festival
2023-05-02,AMD,Ahmedabad,36.77,0.0,37.95,93.56,False,False,No festival
2023-05-02,BLR,Bengaluru,27.46,0.0,71.11,125.1,False,False,No festival
2023-05-02,CHE,Chennai,31.45,0.0,64.68,84.19,False,False,No festival
2023-05-02,DEL,Delhi NCR,40.74,0.0,38.69,158.65,True,False,No festival
2023-05-02,HYD,Hyderabad,33.65,0.0,52.99,67.71,False,False,No festival
2023-05-02,KOL,Kolkata,34.3,0.0,74.3,105.7,False,False,No festival
2023-05-02,MUM,Mumbai,34.02,0.0,73.35,90.59,False,False,No festival
2023-05-02,PUN,Pune,30.91,0.0,57.93,124.65,False,False,No festival
2023-05-03,AMD,Ahmedabad,41.49,0.0,31.61,90.49,True,False,No festival
2023-05-03,BLR,Bengaluru,31.23,0.0,65.28,30.62,False,False,No festival
2023-05-03,CHE,Chennai,31.25,0.0,69.03,53.04,False,False,No festival
2023-05-03,DEL,Delhi NCR,39.97,0.0,42.31,175.61,False,False,No festival
2023-05-03,HYD,Hyderabad,35.91,0.0,49.74,87.99,False,False,No festival
2023-05-03,KOL,Kolkata,35.3,0.0,65.44,99.92,False,False,No festival
2023-05-03,MUM,Mumbai,35.21,0.0,76.99,93.38,False,False,No festival
2023-05-03,PUN,Pune,31.45,0.0,52.57,74.06,False,False,No festival
2023-05-04,AMD,Ahmedabad,39.87,0.0,33.86,115.77,False,False,No festival
2023-05-04,BLR,Bengaluru,29.69,0.0,71.72,94.16,False,False,No festival
2023-05-04,CHE,Chennai,33.47,0.0,74.71,92.75,False,False,No festival
2023-05-04,DEL,Delhi NCR,40.94,0.0,44.74,204.77,True,False,No festival
2023-05-04,HYD,Hyderabad,35.7,0.0,56.46,103.56,False,False,No festival
2023-05-04,KOL,Kolkata,35.56,0.0,67.85,139.09,False,False,No festival
2023-05-04,MUM,Mumbai,33.77,0.0,71.83,80.28,False,False,No festival
2023-05-04,PUN,Pune,34.25,0.0,55.8,38.74,False,False,No festival
2023-05-05,AMD,Ahmedabad,37.88,0.0,48.41,55.18,False,False,No festival
2023-05-05,BLR,Bengaluru,27.1,0.0,65.6,112.18,False,False,No festival
2023-05-05,CHE,Chennai,32.98,0.0,69.89,71.35,False,False,No festival
2023-05-05,DEL,Delhi NCR,40.96,0.0,48.94,180.44,True,False,No festival
2023-05-05,HYD,Hyderabad,39.83,0.0,53.67,92.32,False,False,No festival
2023-05-05,KOL,Kolkata,34.62,0.0,60.61,174.55,False,False,No festival
2023-05-05,MUM,Mumbai,34.63,0.0,72.85,85.14,False,False,No festival
2023-05-05,PUN,Pune,34.24,0.0,58.17,78.58,False,False,No festival
2023-05-06,AMD,Ahmedabad,41.97,0.0,39.28,111.34,True,False,No festival
2023-05-06,BLR,Bengaluru,28.97,0.0,70.53,84.56,False,False,No festival
2023-05-06,CHE,Chennai,33.26,0.0,73.33,86.79,False,False,No festival
2023-05-06,DEL,Delhi NCR,37.59,0.0,49.63,171.94,False,False,No festival
2023-05-06,HYD,Hyderabad,39.1,0.0,47.45,78.94,False,False,No festival
2023-05-06,KOL,Kolkata,33.97,0.0,62.4,124.18,False,False,No festival
2023-05-06,MUM,Mumbai,32.23,0.0,76.19,114.34,False,False,No festival
2023-05-06,PUN,Pune,32.17,0.0,62.86,73.99,False,False,No festival
2023-05-07,AMD,Ahmedabad,39.64,0.0,45.51,119.29,False,False,No festival
2023-05-07,BLR,Bengaluru,28.74,0.0,59.26,69.82,False,False,No festival
2023-05-07,CHE,Chennai,33.48,0.0,72.12,74.62,False,False,No festival
2023-05-07,DEL,Delhi NCR,40.79,0.0,56.84,154.68,True,False,No festival
2023-05-07,HYD,Hyderabad,33.11,0.0,58.67,122.18,False,False,No festival
2023-05-07,KOL,Kolkata,32.69,0.0,69.28,88.19,False,False,No festival
2023-05-07,MUM,Mumbai,33.68,0.0,70.77,84.66,False,False,No festival
2023-05-07,PUN,Pune,29.81,0.0,66.13,83.33,False,False,No festival
2023-05-08,AMD,Ahmedabad,39.17,0.0,33.76,101.44,False,False,No festival
2023-05-08,BLR,Bengaluru,29.05,0.0,60.51,73.4,False,False,No festival
2023-05-08,CHE,Chennai,36.2,0.0,68.67,112.13,False,False,No festival
2023-05-08,DEL,Delhi NCR,41.36,0.0,40.51,137.6,True,False,No festival
2023-05-08,HYD,Hyderabad,33.5,0.0,56.21,73.53,False,False,No festival
2023-05-08,KOL,Kolkata,32.98,0.0,62.68,116.19,False,False,No festival
2023-05-08,MUM,Mumbai,33.65,0.0,60.18,82.32,False,False,No festival
2023-05-08,PUN,Pune,33.44,0.0,52.23,78.58,False,False,No festival
2023-05-09,AMD,Ahmedabad,39.02,0.0,44.21,89.16,False,False,No festival
2023-05-09,BLR,Bengaluru,26.36,0.0,60.35,74.24,False,False,No festival
2023-05-09,CHE,Chennai,34.67,0.0,78.08,58.62,False,False,No festival
2023-05-09,DEL,Delhi NCR,38.24,0.0,47.49,134.59,False,False,No festival
2023-05-09,HYD,Hyderabad,32.77,0.0,59.04,73.35,False,False,No festival
2023-05-09,KOL,Kolkata,33.24,9.7,72.88,105.47,False,False,No festival
2023-05-09,MUM,Mumbai,34.93,0.0,70.29,98.42,False,False,No festival
2023-05-09,PUN,Pune,32.14,0.0,54.99,98.42,False,False,No festival
2023-05-10,AMD,Ahmedabad,39.2,3.05,49.82,92.03,False,False,No festival
2023-05-10,BLR,Bengaluru,30.68,0.0,55.27,42.14,False,False,No festival
2023-05-10,CHE,Chennai,32.59,0.0,70.82,79.0,False,False,No festival
2023-05-10,DEL,Delhi NCR,39.0,0.0,40.43,168.69,False,False,No festival
2023-05-10,HYD,Hyderabad,34.28,0.0,53.91,114.0,False,False,No festival
2023-05-10,KOL,Kolkata,33.24,0.0,65.39,83.93,False,False,No festival
2023-05-10,MUM,Mumbai,32.19,0.0,67.47,114.06,False,False,No festival
2023-05-10,PUN,Pune,30.53,0.0,57.86,75.4,False,False,No festival
2023-05-11,AMD,Ahmedabad,41.41,0.0,45.55,125.69,True,False,No festival
2023-05-11,BLR,Bengaluru,30.16,0.0,64.31,69.1,False,False,No festival
2023-05-11,CHE,Chennai,35.08,0.0,64.54,70.38,False,False,No festival
2023-05-11,DEL,Delhi NCR,39.02,0.0,48.23,197.47,False,False,No festival
2023-05-11,HYD,Hyderabad,37.02,0.0,60.84,70.82,False,False,No festival
2023-05-11,KOL,Kolkata,34.27,0.0,75.16,103.03,False,False,No festival
2023-05-11,MUM,Mumbai,34.66,0.0,74.58,109.4,False,False,No festival
2023-05-11,PUN,Pune,30.23,0.0,64.18,109.45,False,False,No festival
2023-05-12,AMD,Ahmedabad,39.29,0.0,46.75,149.77,False,False,No festival
2023-05-12,BLR,Bengaluru,30.76,0.0,64.69,100.99,False,False,No festival
2023-05-12,CHE,Chennai,31.59,0.0,76.19,92.24,False,False,No festival
2023-05-12,DEL,Delhi NCR,37.78,0.0,48.06,142.34,False,False,No festival
2023-05-12,HYD,Hyderabad,37.06,0.0,48.2,85.96,False,False,No festival
2023-05-12,KOL,Kolkata,33.5,0.0,64.78,121.44,False,False,No festival
2023-05-12,MUM,Mumbai,30.05,0.0,70.63,94.54,False,False,No festival
2023-05-12,PUN,Pune,33.21,0.0,51.33,92.3,False,False,No festival
2023-05-13,AMD,Ahmedabad,40.04,0.0,42.09,114.42,True,False,No festival
2023-05-13,BLR,Bengaluru,31.16,0.0,63.02,76.21,False,False,No festival
2023-05-13,CHE,Chennai,33.8,0.0,64.64,107.52,False,False,No festival
2023-05-13,DEL,Delhi NCR,42.27,0.0,46.33,129.85,True,False,No festival
2023-05-13,HYD,Hyderabad,35.44,0.0,52.86,57.26,False,False,No festival
2023-05-13,KOL,Kolkata,33.43,0.0,62.28,118.47,False,False,No festival
2023-05-13,MUM,Mumbai,32.0,0.0,68.34,97.07,False,False,No festival
2023-05-13,PUN,Pune,31.92,3.54,55.77,90.45,False,False,No festival
2023-05-14,AMD,Ahmedabad,38.2,0.0,44.71,102.67,False,False,No festival
2023-05-14,BLR,Bengaluru,29.74,0.0,71.77,68.51,False,False,No festival
2023-05-14,CHE,Chennai,35.73,0.0,64.64,74.68,False,False,No festival
2023-05-14,DEL,Delhi NCR,38.84,0.0,52.43,172.82,False,False,No festival
2023-05-14,HYD,Hyderabad,33.78,0.0,47.25,69.99,False,False,No festival
2023-05-14,KOL,Kolkata,35.98,0.0,64.21,78.47,False,False,No festival
2023-05-14,MUM,Mumbai,34.03,0.0,79.11,73.36,False,False,No festival
2023-05-14,PUN,Pune,32.96,0.0,57.56,47.43,False,False,No festival
2023-05-15,AMD,Ahmedabad,35.68,0.0,42.72,151.73,False,False,No festival
2023-05-15,BLR,Bengaluru,30.56,0.0,64.31,72.64,False,False,No festival
2023-05-15,CHE,Chennai,34.54,0.0,75.17,115.74,False,False,No festival
2023-05-15,DEL,Delhi NCR,42.6,0.0,47.44,201.15,True,False,No festival
2023-05-15,HYD,Hyderabad,37.25,0.0,41.31,97.89,False,False,No festival
2023-05-15,KOL,Kolkata,35.74,0.0,65.41,84.69,False,False,No festival
2023-05-15,MUM,Mumbai,32.37,0.0,71.04,46.72,False,False,No festival
2023-05-15,PUN,Pune,29.99,0.0,53.01,49.05,False,False,No festival
2023-05-16,AMD,Ahmedabad,38.39,0.0,45.37,90.97,False,False,No festival
2023-05-16,BLR,Bengaluru,27.87,0.0,60.1,117.32,False,False,No festival
2023-05-16,CHE,Chennai,34.85,0.0,71.33,103.44,False,False,No festival
2023-05-16,DEL,Delhi NCR,42.78,0.0,51.71,155.29,True,False,No festival
2023-05-16,HYD,Hyderabad,35.43,0.0,55.81,64.11,False,False,No festival
2023-05-16,KOL,Kolkata,33.39,0.0,73.38,151.26,False,False,No festival
2023-05-16,MUM,Mumbai,32.37,0.0,76.92,105.62,False,False,No festival
2023-05-16,PUN,Pune,33.54,0.0,54.63,98.73,False,False,No festival
2023-05-17,AMD,Ahmedabad,38.44,1.86,52.13,129.84,False,False,No festival
2023-05-17,BLR,Bengaluru,27.4,0.0,58.24,50.73,False,False,No festival
2023-05-17,CHE,Chennai,35.82,0.0,67.91,34.86,False,False,No festival
2023-05-17,DEL,Delhi NCR,40.26,0.0,40.0,193.4,True,False,No festival
2023-05-17,HYD,Hyderabad,38.65,0.0,38.23,74.04,False,False,No festival
2023-05-17,KOL,Kolkata,33.18,2.5,84.67,115.52,False,False,No festival
2023-05-17,MUM,Mumbai,33.0,0.0,64.68,86.44,False,False,No festival
2023-05-17,PUN,Pune,32.28,0.0,61.56,68.36,False,False,No festival
2023-05-18,AMD,Ahmedabad,40.29,0.0,53.53,115.48,True,False,No festival
2023-05-18,BLR,Bengaluru,28.22,0.0,52.55,69.14,False,False,No festival
2023-05-18,CHE,Chennai,34.64,0.0,78.29,62.73,False,False,No festival
2023-05-18,DEL,Delhi NCR,40.34,0.0,45.44,200.32,True,False,No festival
2023-05-18,HYD,Hyderabad,37.7,0.0,39.49,124.36,False,False,No festival
2023-05-18,KOL,Kolkata,37.84,13.61,79.29,100.92,False,False,No festival
2023-05-18,MUM,Mumbai,32.15,0.0,70.45,89.68,False,False,No festival
2023-05-18,PUN,Pune,30.9,0.0,50.29,108.26,False,False,No festival
2023-05-19,AMD,Ahmedabad,38.48,0.0,43.86,158.66,False,False,No festival
2023-05-19,BLR,Bengaluru,27.36,0.0,63.33,73.29,False,False,No festival
2023-05-19,CHE,Chennai,31.75,0.0,68.13,88.1,False,False,No festival
2023-05-19,DEL,Delhi NCR,41.3,0.0,41.24,153.29,True,False,No festival
2023-05-19,HYD,Hyderabad,34.19,0.0,60.42,85.2,False,False,No festival
2023-05-19,KOL,Kolkata,36.41,0.0,65.35,94.68,False,False,No festival
2023-05-19,MUM,Mumbai,33.06,0.0,75.86,95.54,False,False,No festival
2023-05-19,PUN,Pune,29.5,0.0,58.83,57.08,False,False,No festival
2023-05-20,AMD,Ahmedabad,38.2,0.0,42.21,90.57,False,False,No festival
2023-05-20,BLR,Bengaluru,27.61,0.0,63.98,62.84,False,False,No festival
2023-05-20,CHE,Chennai,33.17,0.0,73.02,118.26,False,False,No festival
2023-05-20,DEL,Delhi NCR,39.18,0.0,39.63,188.93,False,False,No festival
2023-05-20,HYD,Hyderabad,34.18,9.06,57.91,111.52,False,False,No festival
2023-05-20,KOL,Kolkata,35.45,0.0,70.12,123.08,False,False,No festival
2023-05-20,MUM,Mumbai,33.99,0.0,66.22,89.76,False,False,No festival
2023-05-20,PUN,Pune,30.73,0.0,55.55,30.08,False,False,No festival
2023-05-21,AMD,Ahmedabad,38.82,0.0,48.98,96.97,False,False,No festival
2023-05-21,BLR,Bengaluru,29.76,0.0,68.6,77.44,False,False,No festival
2023-05-21,CHE,Chennai,32.8,0.0,76.11,63.72,False,False,No festival
2023-05-21,DEL,Delhi NCR,37.92,0.0,53.36,187.56,False,False,No festival
2023-05-21,HYD,Hyderabad,38.82,0.0,55.27,105.28,False,False,No festival
2023-05-21,KOL,Kolkata,35.78,0.0,64.86,117.5,False,False,No festival
2023-05-21,MUM,Mumbai,35.94,0.0,69.89,103.9,False,False,No festival
2023-05-21,PUN,Pune,29.58,0.0,61.09,70.42,False,False,No festival
2023-05-22,AMD,Ahmedabad,41.82,0.0,33.63,72.65,True,False,No festival
2023-05-22,BLR,Bengaluru,29.51,0.0,63.59,91.82,False,False,No festival
2023-05-22,CHE,Chennai,35.41,0.0,63.79,80.08,False,False,No festival
2023-05-22,DEL,Delhi NCR,41.83,0.0,50.66,162.58,True,False,No festival
2023-05-22,HYD,Hyderabad,37.33,0.0,50.81,109.52,False,False,No festival
2023-05-22,KOL,Kolkata,37.22,0.0,69.1,66.17,False,False,No festival
2023-05-22,MUM,Mumbai,33.76,0.0,67.3,89.43,False,False,No festival
2023-05-22,PUN,Pune,32.1,0.0,68.92,90.75,False,False,No festival
2023-05-23,AMD,Ahmedabad,40.94,0.0,46.31,108.97,True,False,No festival
2023-05-23,BLR,Bengaluru,28.36,0.0,68.11,98.41,False,False,No festival
2023-05-23,CHE,Chennai,32.42,0.0,69.15,94.61,False,False,No festival
2023-05-23,DEL,Delhi NCR,40.72,0.0,43.79,174.4,True,False,No festival
2023-05-23,HYD,Hyderabad,34.08,0.0,54.88,63.41,False,False,No festival
2023-05-23,KOL,Kolkata,33.27,0.0,62.78,106.23,False,False,No festival
2023-05-23,MUM,Mumbai,31.64,0.0,72.07,86.6,False,False,No festival
2023-05-23,PUN,Pune,32.35,0.0,60.77,86.8,False,False,No festival
2023-05-24,AMD,Ahmedabad,40.11,0.0,38.24,128.69,True,False,No festival
2023-05-24,BLR,Bengaluru,30.7,0.0,61.59,75.95,False,False,No festival
2023-05-24,CHE,Chennai,30.87,0.0,70.26,71.46,False,False,No festival
2023-05-24,DEL,Delhi NCR,41.93,0.0,42.92,170.15,True,False,No festival
2023-05-24,HYD,Hyderabad,35.3,0.0,54.57,81.53,False,False,No festival
2023-05-24,KOL,Kolkata,33.42,0.0,73.48,116.91,False,False,No festival
2023-05-24,MUM,Mumbai,36.41,0.0,69.46,112.18,False,False,No festival
2023-05-24,PUN,Pune,32.94,0.0,59.89,55.05,False,False,No festival
2023-05-25,AMD,Ahmedabad,37.32,0.0,39.0,95.6,False,False,No festival
2023-05-25,BLR,Bengaluru,25.31,0.0,68.74,95.66,False,False,No festival
2023-05-25,CHE,Chennai,30.73,0.0,81.38,76.9,False,False,No festival
2023-05-25,DEL,Delhi NCR,37.28,0.0,47.58,157.85,False,False,No festival
2023-05-25,HYD,Hyderabad,36.22,0.0,46.59,95.57,False,False,No festival
2023-05-25,KOL,Kolkata,34.54,0.0,69.94,138.35,False,False,No festival
2023-05-25,MUM,Mumbai,34.51,0.0,65.58,83.69,False,False,No festival
2023-05-25,PUN,Pune,33.34,0.0,49.6,66.89,False,False,No festival
2023-05-26,AMD,Ahmedabad,39.68,0.0,39.45,108.08,False,False,No festival
2023-05-26,BLR,Bengaluru,29.03,0.0,58.89,63.78,False,False,No festival
2023-05-26,CHE,Chennai,34.09,0.0,75.1,104.6,False,False,No festival
2023-05-26,DEL,Delhi NCR,42.49,0.0,51.65,139.22,True,False,No festival
2023-05-26,HYD,Hyderabad,38.61,0.0,50.18,65.94,False,False,No festival
2023-05-26,KOL,Kolkata,33.46,0.0,68.29,130.28,False,False,No festival
2023-05-26,MUM,Mumbai,30.45,0.0,65.27,130.46,False,False,No festival
2023-05-26,PUN,Pune,35.55,0.0,62.86,89.54,False,False,No festival
2023-05-27,AMD,Ahmedabad,41.08,5.8,52.21,137.3,True,False,No festival
2023-05-27,BLR,Bengaluru,27.78,0.0,58.95,72.95,False,False,No festival
2023-05-27,CHE,Chennai,34.9,0.0,65.18,128.85,False,False,No festival
2023-05-27,DEL,Delhi NCR,38.07,0.0,41.07,134.05,False,False,No festival
2023-05-27,HYD,Hyderabad,34.26,0.0,54.38,61.48,False,False,No festival
2023-05-27,KOL,Kolkata,34.13,0.0,63.99,145.26,False,False,No festival
2023-05-27,MUM,Mumbai,31.74,0.0,68.53,107.66,False,False,No festival
2023-05-27,PUN,Pune,32.34,0.0,55.1,64.6,False,False,No festival
2023-05-28,AMD,Ahmedabad,39.59,0.0,42.32,72.9,False,False,No festival
2023-05-28,BLR,Bengaluru,33.49,0.0,63.77,81.12,False,False,No festival
2023-05-28,CHE,Chennai,34.34,0.0,66.17,109.15,False,False,No festival
2023-05-28,DEL,Delhi NCR,37.76,0.0,47.34,151.8,False,False,No festival
2023-05-28,HYD,Hyderabad,34.95,0.0,51.61,61.03,False,False,No festival
2023-05-28,KOL,Kolkata,34.04,0.0,62.06,114.49,False,False,No festival
2023-05-28,MUM,Mumbai,32.45,0.0,81.57,123.47,False,False,No festival
2023-05-28,PUN,Pune,32.61,0.0,56.44,79.49,False,False,No festival
2023-05-29,AMD,Ahmedabad,41.34,0.0,42.26,117.85,True,False,No festival
2023-05-29,BLR,Bengaluru,30.44,0.0,68.03,54.51,False,False,No festival
2023-05-29,CHE,Chennai,31.47,0.0,79.54,115.51,False,False,No festival
2023-05-29,DEL,Delhi NCR,37.81,0.0,42.31,157.09,False,False,No festival
2023-05-29,HYD,Hyderabad,34.02,0.0,48.7,100.44,False,False,No festival
2023-05-29,KOL,Kolkata,33.81,0.0,74.41,134.92,False,False,No festival
2023-05-29,MUM,Mumbai,32.67,0.0,73.12,84.26,False,False,No festival
2023-05-29,PUN,Pune,31.74,0.0,56.86,133.52,False,False,No festival
2023-05-30,AMD,Ahmedabad,36.4,0.0,35.84,119.86,False,False,No festival
2023-05-30,BLR,Bengaluru,30.13,0.0,62.65,75.75,False,False,No festival
2023-05-30,CHE,Chennai,31.0,0.0,71.95,77.51,False,False,No festival
2023-05-30,DEL,Delhi NCR,40.68,0.0,41.12,126.48,True,False,No festival
2023-05-30,HYD,Hyderabad,35.17,0.0,62.74,104.27,False,False,No festival
2023-05-30,KOL,Kolkata,33.47,0.0,63.22,139.75,False,False,No festival
2023-05-30,MUM,Mumbai,33.46,0.0,67.84,147.85,False,False,No festival
2023-05-30,PUN,Pune,32.43,0.0,53.51,74.6,False,False,No festival
2023-05-31,AMD,Ahmedabad,39.62,0.0,43.79,85.12,False,False,No festival
2023-05-31,BLR,Bengaluru,26.37,0.0,50.59,86.61,False,False,No festival
2023-05-31,CHE,Chennai,33.32,0.0,66.86,62.43,False,False,No festival
2023-05-31,DEL,Delhi NCR,40.67,0.0,39.18,184.32,True,False,No festival
2023-05-31,HYD,Hyderabad,36.69,0.0,47.99,87.38,False,False,No festival
2023-05-31,KOL,Kolkata,33.51,0.0,61.73,126.47,False,False,No festival
2023-05-31,MUM,Mumbai,34.01,0.0,69.74,109.4,False,False,No festival
2023-05-31,PUN,Pune,32.12,0.0,65.04,118.11,False,False,No festival
2023-06-01,AMD,Ahmedabad,38.93,0.0,42.48,107.99,False,False,No festival
2023-06-01,BLR,Bengaluru,29.18,0.0,52.06,92.39,False,False,No festival
2023-06-01,CHE,Chennai,31.9,8.5,86.53,106.33,False,False,No festival
2023-06-01,DEL,Delhi NCR,37.91,0.0,47.77,205.95,False,False,No festival
2023-06-01,HYD,Hyderabad,34.33,5.3,53.78,55.63,False,False,No festival
2023-06-01,KOL,Kolkata,34.51,0.0,68.54,152.49,False,False,No festival
2023-06-01,MUM,Mumbai,34.34,0.0,74.41,60.35,False,False,No festival
2023-06-01,PUN,Pune,31.69,0.0,55.2,129.37,False,False,No festival
2023-06-02,AMD,Ahmedabad,37.19,0.0,33.28,98.61,False,False,No festival
2023-06-02,BLR,Bengaluru,30.48,15.06,72.96,62.47,False,False,No festival
2023-06-02,CHE,Chennai,38.48,0.0,73.43,91.33,False,False,No festival
2023-06-02,DEL,Delhi NCR,39.07,0.0,43.82,112.45,False,False,No festival
2023-06-02,HYD,Hyderabad,32.5,0.0,53.76,85.18,False,False,No festival
2023-06-02,KOL,Kolkata,34.08,0.0,71.03,92.83,False,False,No festival
2023-06-02,MUM,Mumbai,33.58,22.39,81.13,103.4,False,False,No festival
2023-06-02,PUN,Pune,32.42,2.21,73.14,72.78,False,False,No festival
2023-06-03,AMD,Ahmedabad,43.11,3.71,55.42,101.52,True,False,No festival
2023-06-03,BLR,Bengaluru,28.0,0.0,55.17,96.13,False,False,No festival
2023-06-03,CHE,Chennai,34.23,22.86,73.53,109.78,False,False,No festival
2023-06-03,DEL,Delhi NCR,41.9,0.0,41.58,140.16,True,False,No festival
2023-06-03,HYD,Hyderabad,35.23,0.0,51.48,100.65,False,False,No festival
2023-06-03,KOL,Kolkata,36.78,20.97,80.05,128.73,False,False,No festival
2023-06-03,MUM,Mumbai,33.76,0.0,78.24,62.31,False,False,No festival
2023-06-03,PUN,Pune,33.72,0.0,57.31,68.25,False,False,No festival
2023-06-04,AMD,Ahmedabad,42.35,0.0,42.47,114.72,True,False,No festival
2023-06-04,BLR,Bengaluru,29.75,0.0,59.28,82.8,False,False,No festival
2023-06-04,CHE,Chennai,29.33,11.07,85.49,81.73,False,False,No festival
2023-06-04,DEL,Delhi NCR,39.91,10.38,56.34,194.03,False,False,No festival
2023-06-04,HYD,Hyderabad,31.64,0.0,49.94,77.1,False,False,No festival
2023-06-04,KOL,Kolkata,29.99,0.0,69.72,133.14,False,False,No festival
2023-06-04,MUM,Mumbai,32.07,0.0,69.25,119.73,False,False,No festival
2023-06-04,PUN,Pune,32.05,15.58,65.59,86.77,False,False,No festival
2023-06-05,AMD,Ahmedabad,40.69,0.0,43.81,127.6,True,False,No festival
2023-06-05,BLR,Bengaluru,30.78,0.0,63.37,70.18,False,False,No festival
2023-06-05,CHE,Chennai,36.22,0.0,69.67,81.66,False,False,No festival
2023-06-05,DEL,Delhi NCR,38.89,0.0,41.34,165.28,False,False,No festival
2023-06-05,HYD,Hyderabad,34.33,0.0,44.44,103.34,False,False,No festival
2023-06-05,KOL,Kolkata,35.31,8.44,73.45,129.77,False,False,No festival
2023-06-05,MUM,Mumbai,33.58,0.0,67.05,112.53,False,False,No festival
2023-06-05,PUN,Pune,32.68,0.0,58.88,48.07,False,False,No festival
2023-06-06,AMD,Ahmedabad,39.47,0.0,37.49,114.12,False,False,No festival
2023-06-06,BLR,Bengaluru,30.02,0.0,55.31,45.24,False,False,No festival
2023-06-06,CHE,Chennai,34.07,34.17,78.87,67.79,False,False,No festival
2023-06-06,DEL,Delhi NCR,39.0,0.0,44.5,166.07,False,False,No festival
2023-06-06,HYD,Hyderabad,37.8,0.0,51.88,72.67,False,False,No festival
2023-06-06,KOL,Kolkata,35.66,15.91,77.69,143.68,False,False,No festival
2023-06-06,MUM,Mumbai,33.28,0.0,63.88,66.05,False,False,No festival
2023-06-06,PUN,Pune,31.13,0.0,59.47,87.07,False,False,No festival
2023-06-07,AMD,Ahmedabad,38.93,0.0,39.48,91.48,False,False,No festival
2023-06-07,BLR,Bengaluru,30.77,0.0,67.21,82.6,False,False,No festival
2023-06-07,CHE,Chennai,32.26,0.0,70.11,100.33,False,False,No festival
2023-06-07,DEL,Delhi NCR,38.41,0.0,48.09,143.02,False,False,No festival
2023-06-07,HYD,Hyderabad,34.32,0.0,49.35,76.72,False,False,No festival
2023-06-07,KOL,Kolkata,32.78,7.91,85.17,87.23,False,False,No festival
2023-06-07,MUM,Mumbai,34.91,16.91,76.19,129.93,False,False,No festival
2023-06-07,PUN,Pune,31.79,10.67,72.45,81.91,False,False,No festival
2023-06-08,AMD,Ahmedabad,38.21,0.0,42.52,74.03,False,False,No festival
2023-06-08,BLR,Bengaluru,28.82,4.03,72.53,44.08,False,False,No festival
2023-06-08,CHE,Chennai,32.61,6.52,80.36,82.86,False,False,No festival
2023-06-08,DEL,Delhi NCR,39.63,0.0,35.76,216.61,False,False,No festival
2023-06-08,HYD,Hyderabad,37.54,0.0,51.51,96.69,False,False,No festival
2023-06-08,KOL,Kolkata,34.31,0.0,65.59,123.88,False,False,No festival
2023-06-08,MUM,Mumbai,31.87,0.0,72.66,123.13,False,False,No festival
2023-06-08,PUN,Pune,34.05,0.0,63.96,64.69,False,False,No festival
2023-06-09,AMD,Ahmedabad,40.78,0.0,37.86,125.21,True,False,No festival
2023-06-09,BLR,Bengaluru,30.28,0.0,65.35,60.59,False,False,No festival
2023-06-09,CHE,Chennai,30.41,25.03,91.3,92.09,False,False,No festival
2023-06-09,DEL,Delhi NCR,40.44,0.0,39.2,170.16,True,False,No festival
2023-06-09,HYD,Hyderabad,35.86,5.24,65.94,91.17,False,False,No festival
2023-06-09,KOL,Kolkata,33.99,7.45,83.57,121.79,False,False,No festival
2023-06-09,MUM,Mumbai,34.74,4.0,80.78,69.63,False,False,No festival
2023-06-09,PUN,Pune,32.52,4.76,66.67,67.33,False,False,No festival
2023-06-10,AMD,Ahmedabad,40.27,0.0,37.73,101.64,True,False,No festival
2023-06-10,BLR,Bengaluru,27.75,0.0,61.01,84.56,False,False,No festival
2023-06-10,CHE,Chennai,33.37,0.0,72.47,92.76,False,False,No festival
2023-06-10,DEL,Delhi NCR,42.66,0.0,42.91,183.55,True,False,No festival
2023-06-10,HYD,Hyderabad,35.13,0.0,55.22,92.58,False,False,No festival
2023-06-10,KOL,Kolkata,34.73,19.19,71.46,132.85,False,False,No festival
2023-06-10,MUM,Mumbai,30.72,5.48,89.26,108.37,False,False,No festival
2023-06-10,PUN,Pune,32.87,0.0,55.33,93.29,False,False,No festival
2023-06-11,AMD,Ahmedabad,37.38,8.43,53.81,88.77,False,False,No festival
2023-06-11,BLR,Bengaluru,29.35,0.0,56.0,74.04,False,False,No festival
2023-06-11,CHE,Chennai,33.6,0.0,74.2,73.48,False,False,No festival
2023-06-11,DEL,Delhi NCR,40.33,10.39,64.24,168.53,True,False,No festival
2023-06-11,HYD,Hyderabad,35.12,0.0,53.32,69.84,False,False,No festival
2023-06-11,KOL,Kolkata,29.97,14.08,80.83,103.07,False,False,No festival
2023-06-11,MUM,Mumbai,32.25,0.0,71.42,82.55,False,False,No festival
2023-06-11,PUN,Pune,29.54,0.0,52.57,65.93,False,False,No festival
2023-06-12,AMD,Ahmedabad,35.98,0.0,40.09,116.53,False,False,No festival
2023-06-12,BLR,Bengaluru,31.94,5.97,70.28,97.25,False,False,No festival
2023-06-12,CHE,Chennai,35.1,0.0,69.45,116.35,False,False,No festival
2023-06-12,DEL,Delhi NCR,37.88,0.0,52.12,176.19,False,False,No festival
2023-06-12,HYD,Hyderabad,31.88,0.0,60.59,42.96,False,False,No festival
2023-06-12,KOL,Kolkata,34.64,0.0,59.4,114.28,False,False,No festival
2023-06-12,MUM,Mumbai,31.21,29.33,86.15,82.77,False,False,No festival
2023-06-12,PUN,Pune,31.5,0.0,51.46,101.02,False,False,No festival
2023-06-13,AMD,Ahmedabad,40.34,0.0,42.28,108.15,True,False,No festival
2023-06-13,BLR,Bengaluru,26.04,14.86,70.98,51.71,False,False,No festival
2023-06-13,CHE,Chennai,33.54,0.0,74.47,87.33,False,False,No festival
2023-06-13,DEL,Delhi NCR,36.6,1.24,54.46,204.24,False,False,No festival
2023-06-13,HYD,Hyderabad,31.69,0.0,55.76,97.63,False,False,No festival
2023-06-13,KOL,Kolkata,37.34,21.21,76.48,124.29,False,False,No festival
2023-06-13,MUM,Mumbai,33.84,0.0,70.7,89.95,False,False,No festival
2023-06-13,PUN,Pune,28.63,6.19,66.04,88.33,False,False,No festival
2023-06-14,AMD,Ahmedabad,38.21,3.11,55.87,104.09,False,False,No festival
2023-06-14,BLR,Bengaluru,27.11,6.84,72.96,48.6,False,False,No festival
2023-06-14,CHE,Chennai,33.8,8.83,88.12,46.35,False,False,No festival
2023-06-14,DEL,Delhi NCR,38.99,0.0,43.17,176.06,False,False,No festival
2023-06-14,HYD,Hyderabad,33.9,0.0,57.44,85.59,False,False,No festival
2023-06-14,KOL,Kolkata,35.62,9.07,80.91,156.96,False,False,No festival
2023-06-14,MUM,Mumbai,35.11,6.11,77.98,55.55,False,False,No festival
2023-06-14,PUN,Pune,31.56,0.0,55.78,59.46,False,False,No festival
2023-06-15,AMD,Ahmedabad,40.62,0.0,42.82,72.82,True,False,No festival
2023-06-15,BLR,Bengaluru,28.75,8.15,70.81,84.81,False,False,No festival
2023-06-15,CHE,Chennai,33.94,17.0,79.6,122.11,False,False,No festival
2023-06-15,DEL,Delhi NCR,36.99,0.0,45.66,151.09,False,False,No festival
2023-06-15,HYD,Hyderabad,37.6,1.58,66.94,103.39,False,False,No festival
2023-06-15,KOL,Kolkata,31.15,0.0,63.92,133.12,False,False,No festival
2023-06-15,MUM,Mumbai,31.68,9.43,83.44,81.91,False,False,No festival
2023-06-15,PUN,Pune,29.56,0.0,56.82,92.43,False,False,No festival
2023-06-16,AMD,Ahmedabad,41.25,9.51,50.09,113.55,True,False,No festival
2023-06-16,BLR,Bengaluru,29.78,0.0,58.58,83.08,False,False,No festival
2023-06-16,CHE,Chennai,33.17,0.0,67.11,57.26,False,False,No festival
2023-06-16,DEL,Delhi NCR,37.2,0.0,44.33,144.72,False,False,No festival
2023-06-16,HYD,Hyderabad,37.03,9.35,54.18,106.03,False,False,No festival
2023-06-16,KOL,Kolkata,32.62,0.0,67.63,137.0,False,False,No festival
2023-06-16,MUM,Mumbai,32.41,0.0,71.97,47.62,False,False,No festival
2023-06-16,PUN,Pune,30.11,2.98,69.74,96.38,False,False,No festival
2023-06-17,AMD,Ahmedabad,39.61,0.0,31.86,142.2,False,False,No festival
2023-06-17,BLR,Bengaluru,28.27,0.0,64.31,70.48,False,False,No festival
2023-06-17,CHE,Chennai,35.05,1.93,93.08,54.25,False,False,No festival
2023-06-17,DEL,Delhi NCR,38.48,0.0,47.79,190.69,False,False,No festival
2023-06-17,HYD,Hyderabad,38.75,0.0,48.08,100.89,False,False,No festival
2023-06-17,KOL,Kolkata,38.14,18.25,65.04,112.47,False,False,No festival
2023-06-17,MUM,Mumbai,33.0,0.0,76.58,104.01,False,False,No festival
2023-06-17,PUN,Pune,34.03,0.0,53.15,103.35,False,False,No festival
2023-06-18,AMD,Ahmedabad,40.32,4.77,50.39,119.78,True,False,No festival
2023-06-18,BLR,Bengaluru,29.84,6.94,73.2,105.24,False,False,No festival
2023-06-18,CHE,Chennai,36.64,0.0,65.58,52.53,False,False,No festival
2023-06-18,DEL,Delhi NCR,38.2,26.24,62.22,157.5,False,False,No festival
2023-06-18,HYD,Hyderabad,34.38,11.06,66.07,53.21,False,False,No festival
2023-06-18,KOL,Kolkata,32.97,0.0,62.15,112.75,False,False,No festival
2023-06-18,MUM,Mumbai,32.54,0.0,68.3,95.21,False,False,No festival
2023-06-18,PUN,Pune,32.61,0.0,60.78,127.08,False,False,No festival
2023-06-19,AMD,Ahmedabad,38.41,0.0,42.49,125.82,False,False,No festival
2023-06-19,BLR,Bengaluru,27.5,0.0,67.61,80.55,False,False,No festival
2023-06-19,CHE,Chennai,30.23,0.0,69.42,132.34,False,False,No festival
2023-06-19,DEL,Delhi NCR,35.79,0.0,44.68,168.2,False,False,No festival
2023-06-19,HYD,Hyderabad,35.59,5.04,60.92,74.28,False,False,No festival
2023-06-19,KOL,Kolkata,37.11,0.0,67.29,133.54,False,False,No festival
2023-06-19,MUM,Mumbai,26.06,8.87,75.84,108.15,False,False,No festival
2023-06-19,PUN,Pune,31.91,0.0,51.89,86.65,False,False,No festival
2023-06-20,AMD,Ahmedabad,36.91,0.0,37.05,105.85,False,False,No festival
2023-06-20,BLR,Bengaluru,27.32,0.0,67.02,56.65,False,False,No festival
2023-06-20,CHE,Chennai,33.84,0.0,78.21,117.37,False,False,No festival
2023-06-20,DEL,Delhi NCR,37.37,0.0,46.28,189.07,False,False,No festival
2023-06-20,HYD,Hyderabad,36.52,0.0,60.81,71.56,False,False,No festival
2023-06-20,KOL,Kolkata,37.1,0.0,59.43,122.88,False,False,No festival
2023-06-20,MUM,Mumbai,32.46,10.28,84.72,108.44,False,False,No festival
2023-06-20,PUN,Pune,32.55,0.0,66.85,70.0,False,False,No festival
2023-06-21,AMD,Ahmedabad,38.21,0.0,34.59,118.98,False,False,No festival
2023-06-21,BLR,Bengaluru,27.19,0.0,60.92,51.23,False,False,No festival
2023-06-21,CHE,Chennai,29.47,0.88,82.72,29.14,False,False,No festival
2023-06-21,DEL,Delhi NCR,40.94,0.0,40.77,146.11,True,False,No festival
2023-06-21,HYD,Hyderabad,35.78,0.0,59.46,126.59,False,False,No festival
2023-06-21,KOL,Kolkata,32.23,0.0,68.25,121.36,False,False,No festival
2023-06-21,MUM,Mumbai,27.4,12.83,80.38,71.76,False,False,No festival
2023-06-21,PUN,Pune,30.29,7.82,74.57,120.38,False,False,No festival
2023-06-22,AMD,Ahmedabad,37.28,0.0,44.97,70.57,False,False,No festival
2023-06-22,BLR,Bengaluru,24.86,2.32,76.86,90.79,False,False,No festival
2023-06-22,CHE,Chennai,32.33,2.61,82.89,131.89,False,False,No festival
2023-06-22,DEL,Delhi NCR,42.07,0.0,42.38,157.18,True,False,No festival
2023-06-22,HYD,Hyderabad,34.67,0.0,47.95,72.77,False,False,No festival
2023-06-22,KOL,Kolkata,31.67,5.22,74.27,93.56,False,False,No festival
2023-06-22,MUM,Mumbai,35.29,12.43,77.3,115.35,False,False,No festival
2023-06-22,PUN,Pune,33.82,5.11,62.76,42.19,False,False,No festival
2023-06-23,AMD,Ahmedabad,38.59,0.0,42.15,139.03,False,False,No festival
2023-06-23,BLR,Bengaluru,27.0,0.0,66.76,93.87,False,False,No festival
2023-06-23,CHE,Chennai,33.49,0.0,61.96,102.57,False,False,No festival
2023-06-23,DEL,Delhi NCR,40.27,21.5,56.91,159.59,True,False,No festival
2023-06-23,HYD,Hyderabad,34.27,0.0,49.37,95.7,False,False,No festival
2023-06-23,KOL,Kolkata,32.68,2.1,80.59,146.5,False,False,No festival
2023-06-23,MUM,Mumbai,33.52,0.0,68.92,85.22,False,False,No festival
2023-06-23,PUN,Pune,30.88,8.92,74.15,105.36,False,False,No festival
2023-06-24,AMD,Ahmedabad,39.93,0.0,42.43,105.92,False,False,No festival
2023-06-24,BLR,Bengaluru,26.89,5.86,79.03,90.07,False,False,No festival
2023-06-24,CHE,Chennai,34.25,0.0,74.31,118.14,False,False,No festival
2023-06-24,DEL,Delhi NCR,36.63,0.0,44.94,181.15,False,False,No festival
2023-06-24,HYD,Hyderabad,37.84,0.0,45.06,78.44,False,False,No festival
2023-06-24,KOL,Kolkata,33.22,0.0,63.01,158.3,False,False,No festival
2023-06-24,MUM,Mumbai,33.94,30.36,79.45,63.67,False,False,No festival
2023-06-24,PUN,Pune,30.25,5.42,71.03,80.45,False,False,No festival
2023-06-25,AMD,Ahmedabad,37.19,8.95,57.59,94.95,False,False,No festival
2023-06-25,BLR,Bengaluru,28.84,0.0,61.26,76.39,False,False,No festival
2023-06-25,CHE,Chennai,31.17,6.89,88.84,85.18,False,False,No festival
2023-06-25,DEL,Delhi NCR,35.76,0.84,54.84,143.91,False,False,No festival
2023-06-25,HYD,Hyderabad,35.91,0.0,53.33,79.14,False,False,No festival
2023-06-25,KOL,Kolkata,32.6,8.22,79.25,116.71,False,False,No festival
2023-06-25,MUM,Mumbai,32.37,31.6,85.24,71.77,False,False,No festival
2023-06-25,PUN,Pune,29.95,0.0,56.37,118.32,False,False,No festival
2023-06-26,AMD,Ahmedabad,34.74,0.0,37.95,91.82,False,False,No festival
2023-06-26,BLR,Bengaluru,26.82,0.0,58.14,51.28,False,False,No festival
2023-06-26,CHE,Chennai,33.72,16.93,77.66,72.74,False,False,No festival
2023-06-26,DEL,Delhi NCR,40.44,0.0,42.48,207.37,True,False,No festival
2023-06-26,HYD,Hyderabad,37.83,0.0,50.21,59.26,False,False,No festival
2023-06-26,KOL,Kolkata,36.19,0.0,67.8,107.68,False,False,No festival
2023-06-26,MUM,Mumbai,33.12,0.0,64.01,115.66,False,False,No festival
2023-06-26,PUN,Pune,31.33,0.0,49.16,68.56,False,False,No festival
2023-06-27,AMD,Ahmedabad,39.39,0.0,34.5,89.48,False,False,No festival
2023-06-27,BLR,Bengaluru,28.46,0.0,66.13,69.23,False,False,No festival
2023-06-27,CHE,Chennai,31.45,0.0,63.66,68.99,False,False,No festival
2023-06-27,DEL,Delhi NCR,39.91,0.0,49.44,174.85,False,False,No festival
2023-06-27,HYD,Hyderabad,35.14,15.37,68.32,105.56,False,False,No festival
2023-06-27,KOL,Kolkata,32.44,2.69,84.71,104.46,False,False,No festival
2023-06-27,MUM,Mumbai,34.76,0.0,74.85,102.34,False,False,No festival
2023-06-27,PUN,Pune,32.58,0.0,63.89,72.6,False,False,No festival
2023-06-28,AMD,Ahmedabad,38.92,0.0,39.59,95.81,False,False,No festival
2023-06-28,BLR,Bengaluru,25.6,0.0,63.68,93.64,False,False,No festival
2023-06-28,CHE,Chennai,33.23,0.0,76.22,121.62,False,False,No festival
2023-06-28,DEL,Delhi NCR,35.87,0.0,42.14,162.19,False,False,No festival
2023-06-28,HYD,Hyderabad,35.35,0.0,50.18,84.74,False,False,No festival
2023-06-28,KOL,Kolkata,32.17,15.9,77.68,161.96,False,False,No festival
2023-06-28,MUM,Mumbai,34.18,0.0,71.89,86.45,False,False,No festival
2023-06-28,PUN,Pune,30.16,6.24,69.48,71.26,False,False,No festival
2023-06-29,AMD,Ahmedabad,38.84,0.0,39.71,90.54,False,False,No festival
2023-06-29,BLR,Bengaluru,27.53,3.58,72.68,130.15,False,False,No festival
2023-06-29,CHE,Chennai,32.74,25.87,86.33,87.66,False,False,No festival
2023-06-29,DEL,Delhi NCR,39.84,0.0,38.53,155.92,False,False,No festival
2023-06-29,HYD,Hyderabad,33.51,6.12,73.75,84.18,False,False,No festival
2023-06-29,KOL,Kolkata,33.03,0.0,71.87,149.92,False,False,No festival
2023-06-29,MUM,Mumbai,32.1,0.0,73.55,122.64,False,False,No festival
2023-06-29,PUN,Pune,32.34,4.43,69.74,53.53,False,False,No festival
2023-06-30,AMD,Ahmedabad,36.81,0.0,39.16,116.74,False,False,No festival
2023-06-30,BLR,Bengaluru,25.9,27.32,85.16,135.93,False,False,No festival
2023-06-30,CHE,Chennai,35.14,10.26,71.44,62.06,False,False,No festival
2023-06-30,DEL,Delhi NCR,36.58,0.0,50.62,132.19,False,False,No festival
2023-06-30,HYD,Hyderabad,35.75,0.0,54.67,66.34,False,False,No festival
2023-06-30,KOL,Kolkata,31.19,0.0,60.21,115.3,False,False,No festival
2023-06-30,MUM,Mumbai,33.45,0.0,67.11,66.67,False,False,No festival
2023-06-30,PUN,Pune,31.22,0.0,60.78,84.05,False,False,No festival
2023-07-01,AMD,Ahmedabad,37.96,0.0,36.69,137.7,False,False,No festival
2023-07-01,BLR,Bengaluru,25.75,0.0,61.32,85.65,False,False,No festival
2023-07-01,CHE,Chennai,32.77,0.0,67.47,80.78,False,False,No festival
2023-07-01,DEL,Delhi NCR,33.68,0.0,50.31,145.39,False,False,No festival
2023-07-01,HYD,Hyderabad,35.54,0.0,50.6,102.49,False,False,No festival
2023-07-01,KOL,Kolkata,33.93,0.0,65.81,110.74,False,False,No festival
2023-07-01,MUM,Mumbai,33.96,17.61,85.83,103.57,False,False,No festival
2023-07-01,PUN,Pune,30.83,15.02,71.35,96.06,False,False,No festival
2023-07-02,AMD,Ahmedabad,34.47,0.0,41.47,139.23,False,False,No festival
2023-07-02,BLR,Bengaluru,32.79,17.47,77.02,99.51,False,False,No festival
2023-07-02,CHE,Chennai,31.0,9.28,91.08,63.97,False,False,No festival
2023-07-02,DEL,Delhi NCR,36.28,0.0,50.1,129.85,False,False,No festival
2023-07-02,HYD,Hyderabad,32.02,0.0,58.31,81.21,False,False,No festival
2023-07-02,KOL,Kolkata,34.62,11.61,84.8,129.78,False,False,No festival
2023-07-02,MUM,Mumbai,33.81,0.0,65.28,73.01,False,False,No festival
2023-07-02,PUN,Pune,33.36,0.0,61.58,119.12,False,False,No festival
2023-07-03,AMD,Ahmedabad,34.99,0.0,36.8,106.43,False,False,No festival
2023-07-03,BLR,Bengaluru,29.33,0.0,62.88,84.7,False,False,No festival
2023-07-03,CHE,Chennai,34.04,0.0,74.71,62.68,False,False,No festival
2023-07-03,DEL,Delhi NCR,38.05,0.0,49.25,174.17,False,False,No festival
2023-07-03,HYD,Hyderabad,34.52,0.0,55.9,84.21,False,False,No festival
2023-07-03,KOL,Kolkata,32.36,0.0,65.74,136.37,False,False,No festival
2023-07-03,MUM,Mumbai,33.55,16.49,81.19,110.69,False,False,No festival
2023-07-03,PUN,Pune,30.36,0.0,57.67,85.34,False,False,No festival
2023-07-04,AMD,Ahmedabad,39.7,0.0,42.12,93.75,False,False,No festival
2023-07-04,BLR,Bengaluru,27.29,2.16,73.01,77.07,False,False,No festival
2023-07-04,CHE,Chennai,31.1,0.0,77.39,64.9,False,False,No festival
2023-07-04,DEL,Delhi NCR,36.05,0.0,44.95,159.75,False,False,No festival
2023-07-04,HYD,Hyderabad,32.14,0.0,60.5,70.61,False,False,No festival
2023-07-04,KOL,Kolkata,31.86,0.0,69.21,142.75,False,False,No festival
2023-07-04,MUM,Mumbai,31.97,6.17,78.12,84.09,False,False,No festival
2023-07-04,PUN,Pune,29.94,0.0,56.83,82.1,False,False,No festival
2023-07-05,AMD,Ahmedabad,37.7,17.22,46.47,93.84,False,False,No festival
2023-07-05,BLR,Bengaluru,27.49,11.83,73.32,29.06,False,False,No festival
2023-07-05,CHE,Chennai,32.03,0.0,70.62,71.39,False,False,No festival
2023-07-05,DEL,Delhi NCR,34.93,0.0,53.75,186.45,False,False,No festival
2023-07-05,HYD,Hyderabad,37.4,0.0,53.44,113.19,False,False,No festival
2023-07-05,KOL,Kolkata,29.62,0.0,69.08,114.15,False,False,No festival
2023-07-05,MUM,Mumbai,35.05,7.53,83.76,96.27,False,False,No festival
2023-07-05,PUN,Pune,27.33,0.0,58.52,80.72,False,False,No festival
2023-07-06,AMD,Ahmedabad,34.87,0.0,44.87,121.37,False,False,No festival
2023-07-06,BLR,Bengaluru,30.77,0.0,64.18,55.61,False,False,No festival
2023-07-06,CHE,Chennai,33.0,17.64,89.4,92.21,False,False,No festival
2023-07-06,DEL,Delhi NCR,36.31,0.0,46.12,180.84,False,False,No festival
2023-07-06,HYD,Hyderabad,34.7,0.0,59.98,92.69,False,False,No festival
2023-07-06,KOL,Kolkata,34.03,0.0,59.97,146.55,False,False,No festival
2023-07-06,MUM,Mumbai,31.79,3.22,86.98,68.77,False,False,No festival
2023-07-06,PUN,Pune,31.81,3.06,79.23,59.29,False,False,No festival
2023-07-07,AMD,Ahmedabad,37.94,0.0,42.7,112.54,False,False,No festival
2023-07-07,BLR,Bengaluru,29.02,2.53,80.7,101.51,False,False,No festival
2023-07-07,CHE,Chennai,30.43,0.0,71.48,94.74,False,False,No festival
2023-07-07,DEL,Delhi NCR,35.56,0.0,48.5,130.41,False,False,No festival
2023-07-07,HYD,Hyderabad,34.4,2.95,61.89,94.78,False,False,No festival
2023-07-07,KOL,Kolkata,34.08,0.0,65.48,150.54,False,False,No festival
2023-07-07,MUM,Mumbai,32.22,0.0,76.85,61.98,False,False,No festival
2023-07-07,PUN,Pune,30.33,0.0,61.3,62.11,False,False,No festival
2023-07-08,AMD,Ahmedabad,38.56,0.0,39.18,81.2,False,False,No festival
2023-07-08,BLR,Bengaluru,28.37,4.85,79.07,39.31,False,False,No festival
2023-07-08,CHE,Chennai,32.72,30.0,87.35,103.35,False,False,No festival
2023-07-08,DEL,Delhi NCR,35.58,1.62,63.26,180.32,False,False,No festival
2023-07-08,HYD,Hyderabad,34.05,0.0,50.26,103.81,False,False,No festival
2023-07-08,KOL,Kolkata,33.63,0.0,66.6,124.82,False,False,No festival
2023-07-08,MUM,Mumbai,29.21,0.0,70.5,48.77,False,False,No festival
2023-07-08,PUN,Pune,30.41,5.83,66.7,80.25,False,False,No festival
2023-07-09,AMD,Ahmedabad,35.46,0.0,33.36,121.7,False,False,No festival
2023-07-09,BLR,Bengaluru,25.65,0.0,58.2,99.1,False,False,No festival
2023-07-09,CHE,Chennai,34.12,0.0,80.07,76.99,False,False,No festival
2023-07-09,DEL,Delhi NCR,36.25,0.0,41.03,159.38,False,False,No festival
2023-07-09,HYD,Hyderabad,31.7,0.0,57.85,68.14,False,False,No festival
2023-07-09,KOL,Kolkata,32.33,0.0,81.76,103.87,False,False,No festival
2023-07-09,MUM,Mumbai,31.72,0.0,61.47,65.93,False,False,No festival
2023-07-09,PUN,Pune,30.92,0.0,64.8,52.67,False,False,No festival
2023-07-10,AMD,Ahmedabad,34.53,0.0,39.7,79.88,False,False,No festival
2023-07-10,BLR,Bengaluru,31.87,10.81,83.66,84.12,False,False,No festival
2023-07-10,CHE,Chennai,32.85,0.0,75.78,110.45,False,False,No festival
2023-07-10,DEL,Delhi NCR,34.34,0.0,43.72,143.81,False,False,No festival
2023-07-10,HYD,Hyderabad,36.13,0.0,59.47,40.45,False,False,No festival
2023-07-10,KOL,Kolkata,32.03,15.18,86.98,154.79,False,False,No festival
2023-07-10,MUM,Mumbai,29.18,0.0,74.05,78.96,False,False,No festival
2023-07-10,PUN,Pune,29.77,0.0,52.31,88.0,False,False,No festival
2023-07-11,AMD,Ahmedabad,37.19,0.0,42.62,112.89,False,False,No festival
2023-07-11,BLR,Bengaluru,31.5,0.0,55.8,84.98,False,False,No festival
2023-07-11,CHE,Chennai,33.67,24.36,88.2,61.63,False,False,No festival
2023-07-11,DEL,Delhi NCR,33.29,0.0,50.78,151.46,False,False,No festival
2023-07-11,HYD,Hyderabad,32.16,0.44,63.34,99.33,False,False,No festival
2023-07-11,KOL,Kolkata,30.01,0.0,63.25,156.98,False,False,No festival
2023-07-11,MUM,Mumbai,28.96,20.75,76.98,130.35,False,False,No festival
2023-07-11,PUN,Pune,30.33,27.62,65.18,72.68,False,False,No festival
2023-07-12,AMD,Ahmedabad,38.05,0.0,48.1,140.17,False,False,No festival
2023-07-12,BLR,Bengaluru,26.9,0.0,68.9,100.96,False,False,No festival
2023-07-12,CHE,Chennai,31.41,0.0,60.87,54.25,False,False,No festival
2023-07-12,DEL,Delhi NCR,33.27,0.0,47.37,179.98,False,False,No festival
2023-07-12,HYD,Hyderabad,36.28,0.0,61.08,126.85,False,False,No festival
2023-07-12,KOL,Kolkata,32.96,0.0,66.95,88.57,False,False,No festival
2023-07-12,MUM,Mumbai,29.57,0.0,77.26,77.19,False,False,No festival
2023-07-12,PUN,Pune,28.15,0.0,54.01,107.16,False,False,No festival
2023-07-13,AMD,Ahmedabad,34.12,0.0,40.74,126.94,False,False,No festival
2023-07-13,BLR,Bengaluru,29.71,0.0,58.38,134.27,False,False,No festival
2023-07-13,CHE,Chennai,32.96,0.0,69.33,101.57,False,False,No festival
2023-07-13,DEL,Delhi NCR,33.68,24.0,63.12,174.11,False,False,No festival
2023-07-13,HYD,Hyderabad,36.53,5.49,68.18,105.79,False,False,No festival
2023-07-13,KOL,Kolkata,32.07,0.0,65.91,120.39,False,False,No festival
2023-07-13,MUM,Mumbai,30.18,0.0,69.6,39.71,False,False,No festival
2023-07-13,PUN,Pune,27.13,0.0,59.14,74.08,False,False,No festival
2023-07-14,AMD,Ahmedabad,34.41,0.0,42.74,98.55,False,False,No festival
2023-07-14,BLR,Bengaluru,27.58,0.0,64.8,85.21,False,False,No festival
2023-07-14,CHE,Chennai,32.5,0.0,71.59,61.64,False,False,No festival
2023-07-14,DEL,Delhi NCR,33.85,0.0,51.28,180.31,False,False,No festival
2023-07-14,HYD,Hyderabad,30.77,0.0,61.88,86.58,False,False,No festival
2023-07-14,KOL,Kolkata,33.58,20.24,79.68,127.42,False,False,No festival
2023-07-14,MUM,Mumbai,31.86,6.66,92.82,128.12,False,False,No festival
2023-07-14,PUN,Pune,28.44,0.0,64.56,91.69,False,False,No festival
2023-07-15,AMD,Ahmedabad,35.28,0.0,44.44,79.17,False,False,No festival
2023-07-15,BLR,Bengaluru,25.9,0.0,67.15,48.85,False,False,No festival
2023-07-15,CHE,Chennai,31.43,0.0,76.75,101.42,False,False,No festival
2023-07-15,DEL,Delhi NCR,35.14,0.0,42.92,180.39,False,False,No festival
2023-07-15,HYD,Hyderabad,34.34,0.0,42.77,87.48,False,False,No festival
2023-07-15,KOL,Kolkata,33.18,0.0,60.09,104.42,False,False,No festival
2023-07-15,MUM,Mumbai,31.52,26.89,88.77,36.23,False,False,No festival
2023-07-15,PUN,Pune,29.48,0.0,61.56,75.95,False,False,No festival
2023-07-16,AMD,Ahmedabad,35.72,16.16,49.06,104.64,False,False,No festival
2023-07-16,BLR,Bengaluru,27.76,0.0,68.63,67.22,False,False,No festival
2023-07-16,CHE,Chennai,32.37,0.0,69.83,70.5,False,False,No festival
2023-07-16,DEL,Delhi NCR,34.94,0.0,50.72,172.66,False,False,No festival
2023-07-16,HYD,Hyderabad,32.84,0.0,62.01,114.66,False,False,No festival
2023-07-16,KOL,Kolkata,31.24,0.0,69.1,109.68,False,False,No festival
2023-07-16,MUM,Mumbai,31.79,0.0,74.12,99.71,False,False,No festival
2023-07-16,PUN,Pune,29.72,0.0,57.41,85.9,False,False,No festival
2023-07-17,AMD,Ahmedabad,36.8,0.0,43.75,102.32,False,False,No festival
2023-07-17,BLR,Bengaluru,26.75,0.0,63.83,114.45,False,False,No festival
2023-07-17,CHE,Chennai,33.28,0.0,71.07,67.46,False,False,No festival
2023-07-17,DEL,Delhi NCR,34.11,0.0,48.45,189.3,False,False,No festival
2023-07-17,HYD,Hyderabad,30.25,0.0,59.76,91.74,False,False,No festival
2023-07-17,KOL,Kolkata,31.73,13.3,74.38,104.85,False,False,No festival
2023-07-17,MUM,Mumbai,30.25,20.47,84.45,84.72,False,False,No festival
2023-07-17,PUN,Pune,28.56,4.16,73.89,94.74,False,False,No festival
2023-07-18,AMD,Ahmedabad,36.06,0.0,33.56,112.46,False,False,No festival
2023-07-18,BLR,Bengaluru,27.37,0.0,57.28,60.59,False,False,No festival
2023-07-18,CHE,Chennai,31.5,0.0,64.69,106.61,False,False,No festival
2023-07-18,DEL,Delhi NCR,33.96,0.0,51.25,176.0,False,False,No festival
2023-07-18,HYD,Hyderabad,31.22,0.0,52.47,85.5,False,False,No festival
2023-07-18,KOL,Kolkata,35.39,8.35,73.98,134.25,False,False,No festival
2023-07-18,MUM,Mumbai,30.36,8.99,79.6,113.63,False,False,No festival
2023-07-18,PUN,Pune,30.66,0.0,65.26,88.5,False,False,No festival
2023-07-19,AMD,Ahmedabad,36.39,0.0,42.52,108.47,False,False,No festival
2023-07-19,BLR,Bengaluru,29.75,0.0,67.82,91.6,False,False,No festival
2023-07-19,CHE,Chennai,31.25,0.0,62.83,77.52,False,False,No festival
2023-07-19,DEL,Delhi NCR,34.56,0.0,48.27,194.2,False,False,No festival
2023-07-19,HYD,Hyderabad,38.53,0.0,51.06,86.95,False,False,No festival
2023-07-19,KOL,Kolkata,30.78,0.0,77.01,93.05,False,False,No festival
2023-07-19,MUM,Mumbai,29.74,0.0,72.85,92.08,False,False,No festival
2023-07-19,PUN,Pune,31.17,0.0,49.69,117.62,False,False,No festival
2023-07-20,AMD,Ahmedabad,34.78,0.0,34.42,127.66,False,False,No festival
2023-07-20,BLR,Bengaluru,28.38,0.0,62.31,106.35,False,False,No festival
2023-07-20,CHE,Chennai,32.96,45.24,82.01,84.14,False,False,No festival
2023-07-20,DEL,Delhi NCR,36.19,2.41,63.72,177.14,False,False,No festival
2023-07-20,HYD,Hyderabad,32.84,0.0,53.82,83.63,False,False,No festival
2023-07-20,KOL,Kolkata,32.57,0.0,70.38,118.13,False,False,No festival
2023-07-20,MUM,Mumbai,32.8,23.69,93.8,135.07,False,False,No festival
2023-07-20,PUN,Pune,29.88,11.13,68.77,112.74,False,False,No festival
2023-07-21,AMD,Ahmedabad,33.54,0.0,41.78,110.59,False,False,No festival
2023-07-21,BLR,Bengaluru,27.7,3.47,72.99,82.25,False,False,No festival
2023-07-21,CHE,Chennai,34.47,10.55,78.82,67.41,False,False,No festival
2023-07-21,DEL,Delhi NCR,33.05,0.0,51.39,189.92,False,False,No festival
2023-07-21,HYD,Hyderabad,32.51,14.57,67.68,78.45,False,False,No festival
2023-07-21,KOL,Kolkata,32.62,15.11,78.2,81.64,False,False,No festival
2023-07-21,MUM,Mumbai,30.03,0.0,69.81,112.97,False,False,No festival
2023-07-21,PUN,Pune,29.56,13.96,69.28,76.94,False,False,No festival
2023-07-22,AMD,Ahmedabad,31.63,0.0,48.35,103.21,False,False,No festival
2023-07-22,BLR,Bengaluru,28.48,0.0,61.98,81.14,False,False,No festival
2023-07-22,CHE,Chennai,28.77,13.95,78.42,78.35,False,False,No festival
2023-07-22,DEL,Delhi NCR,31.75,2.22,67.07,156.38,False,False,No festival
2023-07-22,HYD,Hyderabad,32.6,9.55,60.08,91.27,False,False,No festival
2023-07-22,KOL,Kolkata,33.96,0.0,67.41,147.65,False,False,No festival
2023-07-22,MUM,Mumbai,33.12,0.0,73.97,91.4,False,False,No festival
2023-07-22,PUN,Pune,28.56,0.0,63.88,43.55,False,False,No festival
2023-07-23,AMD,Ahmedabad,37.75,0.0,44.99,143.57,False,False,No festival
2023-07-23,BLR,Bengaluru,28.93,0.0,54.14,81.11,False,False,No festival
2023-07-23,CHE,Chennai,30.07,0.0,78.27,114.3,False,False,No festival
2023-07-23,DEL,Delhi NCR,33.8,0.0,52.8,142.99,False,False,No festival
2023-07-23,HYD,Hyderabad,33.81,0.0,65.9,75.05,False,False,No festival
2023-07-23,KOL,Kolkata,31.95,0.0,65.95,128.51,False,False,No festival
2023-07-23,MUM,Mumbai,33.67,29.95,85.16,50.25,False,False,No festival
2023-07-23,PUN,Pune,29.96,0.0,51.93,71.76,False,False,No festival
2023-07-24,AMD,Ahmedabad,31.18,0.0,43.82,102.62,False,False,No festival
2023-07-24,BLR,Bengaluru,28.34,0.0,61.91,70.37,False,False,No festival
2023-07-24,CHE,Chennai,31.62,4.02,91.06,39.74,False,False,No festival
2023-07-24,DEL,Delhi NCR,34.38,0.0,43.3,176.68,False,False,No festival
2023-07-24,HYD,Hyderabad,31.74,0.0,50.49,69.65,False,False,No festival
2023-07-24,KOL,Kolkata,31.04,11.22,75.65,90.7,False,False,No festival
2023-07-24,MUM,Mumbai,30.87,0.0,60.15,159.33,False,False,No festival
2023-07-24,PUN,Pune,29.0,0.0,62.17,76.35,False,False,No festival
2023-07-25,AMD,Ahmedabad,34.8,5.07,63.88,85.92,False,False,No festival
2023-07-25,BLR,Bengaluru,28.97,0.0,72.38,64.15,False,False,No festival
2023-07-25,CHE,Chennai,32.04,0.0,72.77,122.48,False,False,No festival
2023-07-25,DEL,Delhi NCR,32.3,2.43,48.86,172.9,False,False,No festival
2023-07-25,HYD,Hyderabad,30.82,0.0,46.86,83.74,False,False,No festival
2023-07-25,KOL,Kolkata,30.63,0.0,63.59,159.52,False,False,No festival
2023-07-25,MUM,Mumbai,28.57,19.58,86.21,64.28,False,False,No festival
2023-07-25,PUN,Pune,28.45,6.45,73.97,72.62,False,False,No festival
2023-07-26,AMD,Ahmedabad,31.87,0.0,48.1,70.93,False,False,No festival
2023-07-26,BLR,Bengaluru,28.9,0.0,62.84,53.94,False,False,No festival
2023-07-26,CHE,Chennai,30.97,7.76,88.31,83.46,False,False,No festival
2023-07-26,DEL,Delhi NCR,35.26,0.0,42.15,167.06,False,False,No festival
2023-07-26,HYD,Hyderabad,30.5,0.0,52.57,135.02,False,False,No festival
2023-07-26,KOL,Kolkata,31.56,5.88,78.35,128.01,False,False,No festival
2023-07-26,MUM,Mumbai,30.72,0.0,76.32,146.97,False,False,No festival
2023-07-26,PUN,Pune,29.74,0.0,62.65,80.12,False,False,No festival
2023-07-27,AMD,Ahmedabad,36.03,0.0,35.6,101.08,False,False,No festival
2023-07-27,BLR,Bengaluru,28.79,0.0,59.96,25.0,False,False,No festival
2023-07-27,CHE,Chennai,30.79,0.0,68.39,102.23,False,False,No festival
2023-07-27,DEL,Delhi NCR,35.91,0.0,48.11,162.86,False,False,No festival
2023-07-27,HYD,Hyderabad,30.46,0.0,56.43,87.47,False,False,No festival
2023-07-27,KOL,Kolkata,27.73,0.0,69.51,111.56,False,False,No festival
2023-07-27,MUM,Mumbai,32.47,0.0,66.5,80.68,False,False,No festival
2023-07-27,PUN,Pune,30.24,11.55,71.46,97.66,False,False,No festival
2023-07-28,AMD,Ahmedabad,33.7,0.0,37.96,124.62,False,False,No festival
2023-07-28,BLR,Bengaluru,28.05,0.0,64.59,80.71,False,False,No festival
2023-07-28,CHE,Chennai,29.83,0.0,74.03,111.05,False,False,No festival
2023-07-28,DEL,Delhi NCR,32.12,0.0,51.49,156.97,False,False,No festival
2023-07-28,HYD,Hyderabad,31.82,0.0,58.65,87.87,False,False,No festival
2023-07-28,KOL,Kolkata,32.34,0.0,69.84,150.62,False,False,No festival
2023-07-28,MUM,Mumbai,29.1,8.85,86.16,64.49,False,False,No festival
2023-07-28,PUN,Pune,30.8,11.33,69.46,85.76,False,False,No festival
2023-07-29,AMD,Ahmedabad,34.86,0.0,42.42,123.68,False,False,No festival
2023-07-29,BLR,Bengaluru,27.89,0.0,57.75,89.36,False,False,No festival
2023-07-29,CHE,Chennai,32.64,13.68,88.85,73.01,False,False,No festival
2023-07-29,DEL,Delhi NCR,33.37,13.17,53.03,144.21,False,False,No festival
2023-07-29,HYD,Hyderabad,32.24,0.0,49.32,92.66,False,False,No festival
2023-07-29,KOL,Kolkata,30.14,0.0,69.3,107.13,False,False,No festival
2023-07-29,MUM,Mumbai,29.33,0.0,79.93,73.0,False,False,No festival
2023-07-29,PUN,Pune,28.74,0.0,57.57,60.26,False,False,No festival
2023-07-30,AMD,Ahmedabad,36.45,0.0,38.35,96.65,False,False,No festival
2023-07-30,BLR,Bengaluru,29.84,0.0,63.51,90.48,False,False,No festival
2023-07-30,CHE,Chennai,30.42,0.0,63.91,82.14,False,False,No festival
2023-07-30,DEL,Delhi NCR,32.66,0.0,51.06,160.57,False,False,No festival
2023-07-30,HYD,Hyderabad,30.51,0.0,51.61,86.39,False,False,No festival
2023-07-30,KOL,Kolkata,28.04,0.0,68.44,126.87,False,False,No festival
2023-07-30,MUM,Mumbai,31.74,0.0,73.68,94.62,False,False,No festival
2023-07-30,PUN,Pune,29.83,0.0,51.54,95.41,False,False,No festival
2023-07-31,AMD,Ahmedabad,31.74,0.0,45.16,97.93,False,False,No festival
2023-07-31,BLR,Bengaluru,27.34,1.78,81.89,77.49,False,False,No festival
2023-07-31,CHE,Chennai,26.32,0.0,71.23,91.51,False,False,No festival
2023-07-31,DEL,Delhi NCR,35.4,0.0,44.03,165.23,False,False,No festival
2023-07-31,HYD,Hyderabad,35.08,18.78,69.35,87.56,False,False,No festival
2023-07-31,KOL,Kolkata,31.89,0.0,74.77,83.36,False,False,No festival
2023-07-31,MUM,Mumbai,28.78,0.0,76.93,44.57,False,False,No festival
2023-07-31,PUN,Pune,27.16,0.0,58.02,75.72,False,False,No festival
2023-08-01,AMD,Ahmedabad,31.17,0.0,48.22,124.43,False,False,No festival
2023-08-01,BLR,Bengaluru,27.0,16.19,77.31,93.95,False,False,No festival
2023-08-01,CHE,Chennai,31.51,0.0,69.68,55.55,False,False,No festival
2023-08-01,DEL,Delhi NCR,34.39,0.0,51.28,205.42,False,False,No festival
2023-08-01,HYD,Hyderabad,31.24,0.0,57.66,84.89,False,False,No festival
2023-08-01,KOL,Kolkata,30.64,0.0,69.87,128.77,False,False,No festival
2023-08-01,MUM,Mumbai,29.9,23.84,85.97,53.25,False,False,No festival
2023-08-01,PUN,Pune,27.43,0.0,54.49,89.08,False,False,No festival
2023-08-02,AMD,Ahmedabad,33.54,0.0,49.75,126.54,False,False,No festival
2023-08-02,BLR,Bengaluru,29.47,0.0,61.6,79.28,False,False,No festival
2023-08-02,CHE,Chennai,31.5,0.0,70.91,125.89,False,False,No festival
2023-08-02,DEL,Delhi NCR,32.74,0.0,53.69,158.46,False,False,No festival
2023-08-02,HYD,Hyderabad,32.83,0.0,49.12,105.79,False,False,No festival
2023-08-02,KOL,Kolkata,31.02,0.0,67.85,116.92,False,False,No festival
2023-08-02,MUM,Mumbai,31.1,0.0,72.86,67.66,False,False,No festival
2023-08-02,PUN,Pune,29.55,10.72,77.94,91.0,False,False,No festival
2023-08-03,AMD,Ahmedabad,32.15,10.03,65.43,129.23,False,False,No festival
2023-08-03,BLR,Bengaluru,27.29,0.0,58.01,71.63,False,False,No festival
2023-08-03,CHE,Chennai,28.01,17.29,91.92,87.39,False,False,No festival
2023-08-03,DEL,Delhi NCR,32.46,0.0,47.29,128.37,False,False,No festival
2023-08-03,HYD,Hyderabad,30.97,0.0,54.23,122.32,False,False,No festival
2023-08-03,KOL,Kolkata,31.83,3.23,88.63,147.78,False,False,No festival
2023-08-03,MUM,Mumbai,30.52,0.0,77.73,72.26,False,False,No festival
2023-08-03,PUN,Pune,27.85,0.0,66.41,99.8,False,False,No festival
2023-08-04,AMD,Ahmedabad,34.43,0.0,45.16,103.93,False,False,No festival
2023-08-04,BLR,Bengaluru,29.29,0.0,52.18,75.95,False,False,No festival
2023-08-04,CHE,Chennai,31.11,0.0,62.98,104.24,False,False,No festival
2023-08-04,DEL,Delhi NCR,29.15,0.0,50.02,121.63,False,False,No festival
2023-08-04,HYD,Hyderabad,29.11,0.65,59.19,108.97,False,False,No festival
2023-08-04,KOL,Kolkata,29.41,0.0,73.52,115.84,False,False,No festival
2023-08-04,MUM,Mumbai,32.63,16.77,81.37,79.8,False,False,No festival
2023-08-04,PUN,Pune,31.62,0.0,58.3,67.83,False,False,No festival
2023-08-05,AMD,Ahmedabad,33.08,0.0,42.49,53.41,False,False,No festival
2023-08-05,BLR,Bengaluru,27.29,0.0,65.03,42.32,False,False,No festival
2023-08-05,CHE,Chennai,31.47,1.94,76.33,106.99,False,False,No festival
2023-08-05,DEL,Delhi NCR,32.38,0.0,54.25,174.81,False,False,No festival
2023-08-05,HYD,Hyderabad,31.77,0.0,47.71,140.74,False,False,No festival
2023-08-05,KOL,Kolkata,29.77,13.52,84.92,111.23,False,False,No festival
2023-08-05,MUM,Mumbai,27.38,15.13,88.51,99.6,False,False,No festival
2023-08-05,PUN,Pune,28.81,0.0,56.9,86.58,False,False,No festival
2023-08-06,AMD,Ahmedabad,32.58,6.37,53.57,100.8,False,False,No festival
2023-08-06,BLR,Bengaluru,26.76,0.0,54.51,78.94,False,False,No festival
2023-08-06,CHE,Chennai,29.71,14.81,81.11,88.41,False,False,No festival
2023-08-06,DEL,Delhi NCR,32.34,0.0,61.26,150.58,False,False,No festival
2023-08-06,HYD,Hyderabad,33.23,2.64,64.67,94.49,False,False,No festival
2023-08-06,KOL,Kolkata,33.9,0.0,63.15,129.46,False,False,No festival
2023-08-06,MUM,Mumbai,31.97,0.0,74.67,68.27,False,False,No festival
2023-08-06,PUN,Pune,28.39,0.0,59.9,83.16,False,False,No festival
2023-08-07,AMD,Ahmedabad,32.9,0.0,44.24,65.41,False,False,No festival
2023-08-07,BLR,Bengaluru,25.42,0.0,62.4,102.87,False,False,No festival
2023-08-07,CHE,Chennai,28.81,0.0,70.76,64.37,False,False,No festival
2023-08-07,DEL,Delhi NCR,31.74,0.0,48.83,161.33,False,False,No festival
2023-08-07,HYD,Hyderabad,32.69,0.0,50.09,159.34,False,False,No festival
2023-08-07,KOL,Kolkata,33.45,8.29,75.01,124.42,False,False,No festival
2023-08-07,MUM,Mumbai,27.99,27.08,83.53,102.29,False,False,No festival
2023-08-07,PUN,Pune,27.2,0.0,73.09,76.6,False,False,No festival
2023-08-08,AMD,Ahmedabad,32.32,0.0,41.9,85.38,False,False,No festival
2023-08-08,BLR,Bengaluru,28.72,6.02,71.89,63.87,False,False,No festival
2023-08-08,CHE,Chennai,31.72,0.0,71.96,58.35,False,False,No festival
2023-08-08,DEL,Delhi NCR,30.72,0.0,44.49,157.9,False,False,No festival
2023-08-08,HYD,Hyderabad,32.52,0.0,55.8,104.66,False,False,No festival
2023-08-08,KOL,Kolkata,28.44,0.0,70.71,104.69,False,False,No festival
2023-08-08,MUM,Mumbai,29.77,4.12,84.17,110.34,False,False,No festival
2023-08-08,PUN,Pune,28.87,0.0,47.96,71.04,False,False,No festival
2023-08-09,AMD,Ahmedabad,34.47,0.0,37.77,141.92,False,False,No festival
2023-08-09,BLR,Bengaluru,29.11,0.0,65.33,61.95,False,False,No festival
2023-08-09,CHE,Chennai,30.51,0.0,71.95,82.26,False,False,No festival
2023-08-09,DEL,Delhi NCR,29.88,0.0,46.02,195.49,False,False,No festival
2023-08-09,HYD,Hyderabad,32.16,0.0,55.34,86.71,False,False,No festival
2023-08-09,KOL,Kolkata,29.87,0.0,70.48,112.29,False,False,No festival
2023-08-09,MUM,Mumbai,29.86,0.0,69.33,136.21,False,False,No festival
2023-08-09,PUN,Pune,29.62,0.0,60.56,104.19,False,False,No festival
2023-08-10,AMD,Ahmedabad,30.1,2.44,57.96,74.02,False,False,No festival
2023-08-10,BLR,Bengaluru,28.04,0.0,67.32,46.85,False,False,No festival
2023-08-10,CHE,Chennai,32.45,0.0,72.17,94.29,False,False,No festival
2023-08-10,DEL,Delhi NCR,32.03,0.0,43.39,162.1,False,False,No festival
2023-08-10,HYD,Hyderabad,33.51,0.0,51.06,108.14,False,False,No festival
2023-08-10,KOL,Kolkata,25.67,0.0,63.65,95.41,False,False,No festival
2023-08-10,MUM,Mumbai,27.89,15.02,76.89,72.06,False,False,No festival
2023-08-10,PUN,Pune,26.91,0.0,56.12,50.71,False,False,No festival
2023-08-11,AMD,Ahmedabad,30.54,0.0,49.6,107.47,False,False,No festival
2023-08-11,BLR,Bengaluru,29.23,0.0,67.72,63.42,False,False,No festival
2023-08-11,CHE,Chennai,28.17,0.0,73.18,55.9,False,False,No festival
2023-08-11,DEL,Delhi NCR,29.95,0.0,48.49,181.51,False,False,No festival
2023-08-11,HYD,Hyderabad,30.37,0.0,60.27,78.12,False,False,No festival
2023-08-11,KOL,Kolkata,34.22,9.66,78.09,128.35,False,False,No festival
2023-08-11,MUM,Mumbai,30.07,45.9,89.61,102.96,False,False,No festival
2023-08-11,PUN,Pune,28.48,0.0,59.57,79.85,False,False,No festival
2023-08-12,AMD,Ahmedabad,32.64,0.0,48.49,137.44,False,False,No festival
2023-08-12,BLR,Bengaluru,27.21,13.69,64.16,70.49,False,False,No festival
2023-08-12,CHE,Chennai,30.73,0.0,78.94,90.5,False,False,No festival
2023-08-12,DEL,Delhi NCR,27.62,0.0,47.41,171.53,False,False,No festival
2023-08-12,HYD,Hyderabad,32.17,0.0,55.73,103.68,False,False,No festival
2023-08-12,KOL,Kolkata,27.27,37.77,77.73,150.98,False,False,No festival
2023-08-12,MUM,Mumbai,29.75,0.0,65.08,86.34,False,False,No festival
2023-08-12,PUN,Pune,27.29,8.15,65.97,117.27,False,False,No festival
2023-08-13,AMD,Ahmedabad,30.95,0.0,46.26,99.79,False,False,No festival
2023-08-13,BLR,Bengaluru,25.51,0.0,65.04,37.55,False,False,No festival
2023-08-13,CHE,Chennai,32.21,0.0,74.04,101.26,False,False,No festival
2023-08-13,DEL,Delhi NCR,31.46,0.0,49.16,178.74,False,False,No festival
2023-08-13,HYD,Hyderabad,33.44,0.0,52.24,93.25,False,False,No festival
2023-08-13,KOL,Kolkata,31.6,0.0,67.56,104.81,False,False,No festival
2023-08-13,MUM,Mumbai,27.16,0.0,63.98,92.28,False,False,No festival
2023-08-13,PUN,Pune,28.17,0.0,53.96,54.28,False,False,No festival
2023-08-14,AMD,Ahmedabad,34.01,0.0,41.05,92.66,False,False,No festival
2023-08-14,BLR,Bengaluru,31.35,4.64,66.74,68.99,False,False,No festival
2023-08-14,CHE,Chennai,29.43,0.0,81.33,114.13,False,False,No festival
2023-08-14,DEL,Delhi NCR,29.26,0.0,39.45,145.18,False,False,No festival
2023-08-14,HYD,Hyderabad,30.95,12.07,69.13,120.37,False,False,No festival
2023-08-14,KOL,Kolkata,27.61,31.92,86.59,74.12,False,False,No festival
2023-08-14,MUM,Mumbai,30.11,8.59,78.92,109.79,False,False,No festival
2023-08-14,PUN,Pune,29.43,9.29,69.63,85.97,False,False,No festival
2023-08-15,AMD,Ahmedabad,31.15,0.0,45.88,106.67,False,True,No festival
2023-08-15,BLR,Bengaluru,26.72,0.0,67.64,90.26,False,True,No festival
2023-08-15,CHE,Chennai,34.29,0.0,67.8,76.53,False,True,No festival
2023-08-15,DEL,Delhi NCR,29.57,0.0,49.28,199.87,False,True,No festival
2023-08-15,HYD,Hyderabad,31.47,2.83,62.28,126.23,False,True,No festival
2023-08-15,KOL,Kolkata,30.49,0.0,70.56,135.73,False,True,No festival
2023-08-15,MUM,Mumbai,29.54,0.0,74.36,106.19,False,True,No festival
2023-08-15,PUN,Pune,28.22,0.0,53.88,78.74,False,True,No festival
2023-08-16,AMD,Ahmedabad,34.14,0.0,43.1,92.19,False,False,No festival
2023-08-16,BLR,Bengaluru,26.26,19.9,78.58,78.22,False,False,No festival
2023-08-16,CHE,Chennai,30.35,0.0,71.29,104.19,False,False,No festival
2023-08-16,DEL,Delhi NCR,31.29,0.0,56.53,159.51,False,False,No festival
2023-08-16,HYD,Hyderabad,28.43,2.07,67.63,93.31,False,False,No festival
2023-08-16,KOL,Kolkata,32.83,13.05,72.09,102.13,False,False,No festival
2023-08-16,MUM,Mumbai,30.98,0.0,69.46,84.28,False,False,No festival
2023-08-16,PUN,Pune,29.18,0.0,62.79,105.59,False,False,No festival
2023-08-17,AMD,Ahmedabad,32.32,0.0,47.24,85.08,False,False,No festival
2023-08-17,BLR,Bengaluru,24.43,0.0,58.81,37.62,False,False,No festival
2023-08-17,CHE,Chennai,30.71,0.0,72.41,69.7,False,False,No festival
2023-08-17,DEL,Delhi NCR,27.3,1.53,58.04,155.26,False,False,No festival
2023-08-17,HYD,Hyderabad,28.18,0.0,58.53,76.82,False,False,No festival
2023-08-17,KOL,Kolkata,29.41,0.0,66.5,117.69,False,False,No festival
2023-08-17,MUM,Mumbai,29.18,0.0,71.44,78.42,False,False,No festival
2023-08-17,PUN,Pune,28.38,0.0,58.46,70.05,False,False,No festival
2023-08-18,AMD,Ahmedabad,32.28,0.0,42.51,69.24,False,False,No festival
2023-08-18,BLR,Bengaluru,27.17,4.48,75.64,77.01,False,False,No festival
2023-08-18,CHE,Chennai,33.8,0.0,65.6,109.17,False,False,No festival
2023-08-18,DEL,Delhi NCR,28.28,0.0,58.5,93.06,False,False,No festival
2023-08-18,HYD,Hyderabad,31.63,0.0,53.01,84.82,False,False,No festival
2023-08-18,KOL,Kolkata,33.08,0.0,73.38,130.38,False,False,No festival
2023-08-18,MUM,Mumbai,30.47,0.0,68.65,107.25,False,False,No festival
2023-08-18,PUN,Pune,28.78,3.51,74.3,95.56,False,False,No festival
2023-08-19,AMD,Ahmedabad,30.24,0.0,56.19,107.93,False,False,No festival
2023-08-19,BLR,Bengaluru,28.01,0.0,66.66,58.36,False,False,No festival
2023-08-19,CHE,Chennai,26.41,0.0,75.55,113.87,False,False,No festival
2023-08-19,DEL,Delhi NCR,31.08,8.78,65.26,136.82,False,False,No festival
2023-08-19,HYD,Hyderabad,30.91,0.0,53.96,42.43,False,False,No festival
2023-08-19,KOL,Kolkata,27.65,19.93,68.42,115.09,False,False,No festival
2023-08-19,MUM,Mumbai,30.94,40.24,81.43,90.43,False,False,No festival
2023-08-19,PUN,Pune,31.5,2.44,77.88,43.32,False,False,No festival
2023-08-20,AMD,Ahmedabad,29.47,0.0,48.72,101.17,False,False,No festival
2023-08-20,BLR,Bengaluru,24.88,10.89,73.41,75.58,False,False,No festival
2023-08-20,CHE,Chennai,32.25,0.0,70.05,80.5,False,False,No festival
2023-08-20,DEL,Delhi NCR,29.25,16.12,62.43,200.89,False,False,No festival
2023-08-20,HYD,Hyderabad,32.05,0.0,57.11,88.57,False,False,No festival
2023-08-20,KOL,Kolkata,29.75,0.0,65.02,95.63,False,False,No festival
2023-08-20,MUM,Mumbai,31.99,18.94,80.94,62.91,False,False,No festival
2023-08-20,PUN,Pune,28.7,0.0,57.92,27.62,False,False,No festival
2023-08-21,AMD,Ahmedabad,32.5,7.25,67.13,72.92,False,False,No festival
2023-08-21,BLR,Bengaluru,25.47,0.0,55.02,84.9,False,False,No festival
2023-08-21,CHE,Chennai,30.95,7.65,80.76,91.25,False,False,No festival
2023-08-21,DEL,Delhi NCR,31.45,0.0,45.42,169.44,False,False,No festival
2023-08-21,HYD,Hyderabad,31.76,0.0,52.53,68.67,False,False,No festival
2023-08-21,KOL,Kolkata,31.13,0.0,61.94,141.57,False,False,No festival
2023-08-21,MUM,Mumbai,29.93,0.0,72.95,106.27,False,False,No festival
2023-08-21,PUN,Pune,25.29,9.84,83.52,97.69,False,False,No festival
2023-08-22,AMD,Ahmedabad,34.57,9.31,52.08,102.27,False,False,No festival
2023-08-22,BLR,Bengaluru,23.59,0.0,60.74,88.61,False,False,No festival
2023-08-22,CHE,Chennai,30.41,10.99,85.82,77.94,False,False,No festival
2023-08-22,DEL,Delhi NCR,26.91,0.0,52.79,156.92,False,False,No festival
2023-08-22,HYD,Hyderabad,28.81,0.0,56.55,95.96,False,False,No festival
2023-08-22,KOL,Kolkata,29.46,0.0,65.53,80.66,False,False,No festival
2023-08-22,MUM,Mumbai,27.71,0.0,69.76,72.53,False,False,No festival
2023-08-22,PUN,Pune,27.65,19.1,71.04,79.94,False,False,No festival
2023-08-23,AMD,Ahmedabad,30.15,0.0,45.29,117.01,False,False,No festival
2023-08-23,BLR,Bengaluru,25.75,8.89,83.63,67.21,False,False,No festival
2023-08-23,CHE,Chennai,30.67,0.0,81.94,73.68,False,False,No festival
2023-08-23,DEL,Delhi NCR,31.77,18.4,61.9,168.88,False,False,No festival
2023-08-23,HYD,Hyderabad,29.97,0.0,51.46,89.28,False,False,No festival
2023-08-23,KOL,Kolkata,27.5,0.0,69.33,106.15,False,False,No festival
2023-08-23,MUM,Mumbai,29.31,0.0,72.55,121.33,False,False,No festival
2023-08-23,PUN,Pune,27.84,4.9,65.4,57.49,False,False,No festival
2023-08-24,AMD,Ahmedabad,32.46,0.0,38.4,115.77,False,False,No festival
2023-08-24,BLR,Bengaluru,25.46,0.0,62.71,39.14,False,False,No festival
2023-08-24,CHE,Chennai,28.06,15.88,86.05,85.03,False,False,No festival
2023-08-24,DEL,Delhi NCR,29.24,0.0,53.76,136.77,False,False,No festival
2023-08-24,HYD,Hyderabad,31.3,10.83,64.61,129.67,False,False,No festival
2023-08-24,KOL,Kolkata,28.66,1.1,81.18,126.61,False,False,No festival
2023-08-24,MUM,Mumbai,27.84,42.87,76.44,112.2,False,False,No festival
2023-08-24,PUN,Pune,26.95,0.0,55.42,68.25,False,False,No festival
2023-08-25,AMD,Ahmedabad,29.01,0.0,48.57,94.91,False,False,No festival
2023-08-25,BLR,Bengaluru,27.01,0.0,61.69,46.34,False,False,No festival
2023-08-25,CHE,Chennai,30.32,0.0,68.39,91.36,False,False,No festival
2023-08-25,DEL,Delhi NCR,26.49,0.0,48.98,132.21,False,False,No festival
2023-08-25,HYD,Hyderabad,30.54,0.0,64.36,101.71,False,False,No festival
2023-08-25,KOL,Kolkata,28.09,0.0,73.04,99.87,False,False,No festival
2023-08-25,MUM,Mumbai,26.43,4.3,93.63,113.91,False,False,No festival
2023-08-25,PUN,Pune,26.59,0.0,62.45,102.38,False,False,No festival
2023-08-26,AMD,Ahmedabad,28.45,10.61,45.9,153.19,False,False,No festival
2023-08-26,BLR,Bengaluru,24.28,8.49,64.75,107.71,False,False,No festival
2023-08-26,CHE,Chennai,25.86,0.0,81.16,126.18,False,False,No festival
2023-08-26,DEL,Delhi NCR,29.25,0.0,55.25,162.92,False,False,No festival
2023-08-26,HYD,Hyderabad,29.59,0.0,59.14,114.77,False,False,No festival
2023-08-26,KOL,Kolkata,27.59,0.0,77.22,153.6,False,False,No festival
2023-08-26,MUM,Mumbai,28.1,0.0,70.07,100.56,False,False,No festival
2023-08-26,PUN,Pune,26.24,11.96,65.36,80.41,False,False,No festival
2023-08-27,AMD,Ahmedabad,29.81,8.79,60.92,130.78,False,False,No festival
2023-08-27,BLR,Bengaluru,25.48,0.0,65.35,68.63,False,False,No festival
2023-08-27,CHE,Chennai,29.47,0.0,69.6,101.84,False,False,No festival
2023-08-27,DEL,Delhi NCR,30.72,0.0,38.76,197.13,False,False,No festival
2023-08-27,HYD,Hyderabad,29.08,0.0,59.24,99.15,False,False,No festival
2023-08-27,KOL,Kolkata,27.67,10.63,85.38,108.3,False,False,No festival
2023-08-27,MUM,Mumbai,29.7,9.01,84.77,83.12,False,False,No festival
2023-08-27,PUN,Pune,29.04,0.0,62.99,80.01,False,False,No festival
2023-08-28,AMD,Ahmedabad,27.29,0.0,41.08,124.98,False,False,No festival
2023-08-28,BLR,Bengaluru,29.39,0.0,58.31,83.83,False,False,No festival
2023-08-28,CHE,Chennai,27.44,29.27,86.71,59.47,False,False,No festival
2023-08-28,DEL,Delhi NCR,29.12,0.0,55.49,160.7,False,False,No festival
2023-08-28,HYD,Hyderabad,31.5,0.0,49.84,103.03,False,False,No festival
2023-08-28,KOL,Kolkata,29.19,13.32,83.81,126.01,False,False,No festival
2023-08-28,MUM,Mumbai,32.09,8.18,82.05,73.19,False,False,No festival
2023-08-28,PUN,Pune,27.98,0.0,73.87,108.88,False,False,No festival
2023-08-29,AMD,Ahmedabad,28.77,0.0,38.82,103.06,False,False,No festival
2023-08-29,BLR,Bengaluru,25.19,0.0,61.28,74.81,False,False,No festival
2023-08-29,CHE,Chennai,29.45,0.0,83.95,58.52,False,False,No festival
2023-08-29,DEL,Delhi NCR,24.13,0.0,48.97,150.86,False,False,No festival
2023-08-29,HYD,Hyderabad,30.36,22.37,62.45,126.46,False,False,No festival
2023-08-29,KOL,Kolkata,29.24,0.0,72.88,123.11,False,False,No festival
2023-08-29,MUM,Mumbai,31.4,0.0,75.15,71.34,False,False,No festival
2023-08-29,PUN,Pune,29.97,0.0,72.35,101.75,False,False,No festival
2023-08-30,AMD,Ahmedabad,27.37,0.0,47.2,128.2,False,False,No festival
2023-08-30,BLR,Bengaluru,25.24,31.85,82.14,79.08,False,False,No festival
2023-08-30,CHE,Chennai,28.16,12.99,88.84,92.14,False,False,No festival
2023-08-30,DEL,Delhi NCR,27.01,0.0,47.82,146.28,False,False,No festival
2023-08-30,HYD,Hyderabad,27.91,0.0,49.12,92.35,False,False,No festival
2023-08-30,KOL,Kolkata,26.66,7.2,78.88,127.59,False,False,No festival
2023-08-30,MUM,Mumbai,26.96,23.87,82.0,75.31,False,False,No festival
2023-08-30,PUN,Pune,28.82,0.0,64.89,69.06,False,False,No festival
2023-08-31,AMD,Ahmedabad,27.64,0.0,49.97,102.55,False,False,No festival
2023-08-31,BLR,Bengaluru,27.85,0.0,58.8,42.21,False,False,No festival
2023-08-31,CHE,Chennai,31.38,0.0,76.49,100.9,False,False,No festival
2023-08-31,DEL,Delhi NCR,27.68,0.0,57.02,188.86,False,False,No festival
2023-08-31,HYD,Hyderabad,27.42,0.0,57.52,88.11,False,False,No festival
2023-08-31,KOL,Kolkata,28.38,29.35,82.15,163.49,False,False,No festival
2023-08-31,MUM,Mumbai,29.98,0.0,67.35,119.19,False,False,No festival
2023-08-31,PUN,Pune,26.84,6.03,74.61,85.69,False,False,No festival
2023-09-01,AMD,Ahmedabad,29.5,0.0,51.07,91.18,False,False,No festival
2023-09-01,BLR,Bengaluru,27.74,0.0,59.4,54.91,False,False,No festival
2023-09-01,CHE,Chennai,30.66,3.37,93.28,114.82,False,False,No festival
2023-09-01,DEL,Delhi NCR,26.7,5.88,63.13,168.12,False,False,No festival
2023-09-01,HYD,Hyderabad,29.93,0.0,59.9,99.26,False,False,No festival
2023-09-01,KOL,Kolkata,28.1,6.59,84.15,126.25,False,False,No festival
2023-09-01,MUM,Mumbai,29.61,6.4,86.68,67.38,False,False,No festival
2023-09-01,PUN,Pune,27.44,1.53,76.1,89.28,False,False,No festival
2023-09-02,AMD,Ahmedabad,30.73,0.0,41.33,127.41,False,False,No festival
2023-09-02,BLR,Bengaluru,25.41,0.0,75.52,48.37,False,False,No festival
2023-09-02,CHE,Chennai,27.27,5.17,78.02,65.83,False,False,No festival
2023-09-02,DEL,Delhi NCR,29.58,0.0,43.91,152.34,False,False,No festival
2023-09-02,HYD,Hyderabad,27.14,0.0,59.11,95.95,False,False,No festival
2023-09-02,KOL,Kolkata,30.53,0.0,62.47,138.23,False,False,No festival
2023-09-02,MUM,Mumbai,29.07,0.0,75.53,63.88,False,False,No festival
2023-09-02,PUN,Pune,24.73,0.0,67.75,32.16,False,False,No festival
2023-09-03,AMD,Ahmedabad,25.7,0.0,36.52,109.17,False,False,No festival
2023-09-03,BLR,Bengaluru,26.03,0.0,74.63,98.33,False,False,No festival
2023-09-03,CHE,Chennai,32.1,0.0,76.22,83.19,False,False,No festival
2023-09-03,DEL,Delhi NCR,24.82,0.0,51.13,148.33,False,False,No festival
2023-09-03,HYD,Hyderabad,31.3,0.0,56.94,42.01,False,False,No festival
2023-09-03,KOL,Kolkata,27.74,19.37,93.64,118.43,False,False,No festival
2023-09-03,MUM,Mumbai,26.29,0.0,84.65,100.41,False,False,No festival
2023-09-03,PUN,Pune,23.57,6.87,69.89,64.25,False,False,No festival
2023-09-04,AMD,Ahmedabad,27.4,0.0,49.3,99.62,False,False,No festival
2023-09-04,BLR,Bengaluru,25.38,0.0,66.06,89.42,False,False,No festival
2023-09-04,CHE,Chennai,30.25,17.49,79.84,120.0,False,False,No festival
2023-09-04,DEL,Delhi NCR,25.85,1.46,57.15,174.79,False,False,No festival
2023-09-04,HYD,Hyderabad,30.47,0.0,51.78,91.7,False,False,No festival
2023-09-04,KOL,Kolkata,27.43,0.0,63.41,142.65,False,False,No festival
2023-09-04,MUM,Mumbai,29.34,8.96,84.3,138.16,False,False,No festival
2023-09-04,PUN,Pune,26.13,0.0,61.73,87.11,False,False,No festival
2023-09-05,AMD,Ahmedabad,28.48,0.0,44.4,116.69,False,False,No festival
2023-09-05,BLR,Bengaluru,26.31,0.0,69.29,82.44,False,False,No festival
2023-09-05,CHE,Chennai,27.58,0.0,72.72,121.31,False,False,No festival
2023-09-05,DEL,Delhi NCR,25.25,0.0,48.93,225.33,False,False,No festival
2023-09-05,HYD,Hyderabad,26.36,0.0,50.74,123.28,False,False,No festival
2023-09-05,KOL,Kolkata,27.55,0.0,74.72,157.47,False,False,No festival
2023-09-05,MUM,Mumbai,25.13,32.09,81.02,66.45,False,False,No festival
2023-09-05,PUN,Pune,23.35,0.0,51.79,89.05,False,False,No festival
2023-09-06,AMD,Ahmedabad,28.91,0.0,41.19,74.51,False,False,No festival
2023-09-06,BLR,Bengaluru,26.96,0.0,52.69,73.79,False,False,No festival
2023-09-06,CHE,Chennai,29.0,0.0,66.68,105.24,False,False,No festival
2023-09-06,DEL,Delhi NCR,24.68,10.7,64.13,149.59,False,False,No festival
2023-09-06,HYD,Hyderabad,28.35,0.0,51.09,107.1,False,False,No festival
2023-09-06,KOL,Kolkata,26.8,0.0,70.91,102.82,False,False,No festival
2023-09-06,MUM,Mumbai,27.48,0.0,82.21,81.68,False,False,No festival
2023-09-06,PUN,Pune,24.55,0.0,58.31,33.91,False,False,No festival
2023-09-07,AMD,Ahmedabad,32.07,0.0,44.5,77.21,False,False,No festival
2023-09-07,BLR,Bengaluru,27.35,2.83,70.94,78.87,False,False,No festival
2023-09-07,CHE,Chennai,26.37,0.0,69.99,85.45,False,False,No festival
2023-09-07,DEL,Delhi NCR,27.59,0.0,56.44,191.12,False,False,No festival
2023-09-07,HYD,Hyderabad,26.24,0.0,57.04,119.1,False,False,No festival
2023-09-07,KOL,Kolkata,27.85,0.0,71.05,145.58,False,False,No festival
2023-09-07,MUM,Mumbai,29.58,5.9,90.47,76.4,False,False,No festival
2023-09-07,PUN,Pune,27.94,14.47,71.02,64.34,False,False,No festival
2023-09-08,AMD,Ahmedabad,29.92,0.0,48.05,111.41,False,False,No festival
2023-09-08,BLR,Bengaluru,28.37,39.65,69.96,49.3,False,False,No festival
2023-09-08,CHE,Chennai,26.07,10.14,86.38,137.22,False,False,No festival
2023-09-08,DEL,Delhi NCR,24.56,0.0,52.48,134.94,False,False,No festival
2023-09-08,HYD,Hyderabad,28.47,0.0,53.42,103.24,False,False,No festival
2023-09-08,KOL,Kolkata,23.42,9.56,86.26,122.38,False,False,No festival
2023-09-08,MUM,Mumbai,26.62,0.0,82.17,83.71,False,False,No festival
2023-09-08,PUN,Pune,25.81,5.12,66.45,68.95,False,False,No festival
2023-09-09,AMD,Ahmedabad,29.43,0.0,39.3,86.38,False,False,No festival
2023-09-09,BLR,Bengaluru,26.39,7.91,76.86,84.13,False,False,No festival
2023-09-09,CHE,Chennai,31.07,12.45,87.04,78.21,False,False,No festival
2023-09-09,DEL,Delhi NCR,27.77,0.0,41.01,167.83,False,False,No festival
2023-09-09,HYD,Hyderabad,26.97,0.0,50.61,92.22,False,False,No festival
2023-09-09,KOL,Kolkata,26.16,0.0,72.41,117.7,False,False,No festival
2023-09-09,MUM,Mumbai,26.94,37.26,86.45,58.63,False,False,No festival
2023-09-09,PUN,Pune,27.02,7.75,65.88,106.47,False,False,No festival
2023-09-10,AMD,Ahmedabad,28.79,0.0,45.97,73.12,False,False,No festival
2023-09-10,BLR,Bengaluru,25.71,3.5,82.16,106.59,False,False,No festival
2023-09-10,CHE,Chennai,29.03,0.0,77.29,72.14,False,False,No festival
2023-09-10,DEL,Delhi NCR,26.31,0.0,51.7,182.3,False,False,No festival
2023-09-10,HYD,Hyderabad,24.91,0.0,68.56,93.68,False,False,No festival
2023-09-10,KOL,Kolkata,28.56,0.0,71.06,119.24,False,False,No festival
2023-09-10,MUM,Mumbai,28.99,0.0,68.88,105.32,False,False,No festival
2023-09-10,PUN,Pune,24.63,0.0,56.26,49.81,False,False,No festival
2023-09-11,AMD,Ahmedabad,24.14,0.0,53.81,118.01,False,False,No festival
2023-09-11,BLR,Bengaluru,25.31,0.0,59.14,88.44,False,False,No festival
2023-09-11,CHE,Chennai,30.29,0.0,69.87,68.99,False,False,No festival
2023-09-11,DEL,Delhi NCR,23.0,2.21,62.03,180.82,False,False,No festival
2023-09-11,HYD,Hyderabad,27.05,23.91,64.31,76.07,False,False,No festival
2023-09-11,KOL,Kolkata,26.36,0.0,66.5,119.24,False,False,No festival
2023-09-11,MUM,Mumbai,26.68,4.98,77.51,81.8,False,False,No festival
2023-09-11,PUN,Pune,24.63,0.0,63.52,61.81,False,False,No festival
2023-09-12,AMD,Ahmedabad,29.37,0.0,53.47,85.96,False,False,No festival
2023-09-12,BLR,Bengaluru,25.47,0.0,60.67,80.72,False,False,No festival
2023-09-12,CHE,Chennai,28.76,0.0,74.96,115.79,False,False,No festival
2023-09-12,DEL,Delhi NCR,24.16,0.0,58.34,180.73,False,False,No festival
2023-09-12,HYD,Hyderabad,25.92,0.0,55.74,100.37,False,False,No festival
2023-09-12,KOL,Kolkata,24.89,0.0,70.19,104.51,False,False,No festival
2023-09-12,MUM,Mumbai,25.6,0.0,80.05,120.7,False,False,No festival
2023-09-12,PUN,Pune,24.53,0.0,64.04,65.58,False,False,No festival
2023-09-13,AMD,Ahmedabad,27.19,0.0,40.98,137.92,False,False,No festival
2023-09-13,BLR,Bengaluru,25.98,10.96,74.14,95.04,False,False,No festival
2023-09-13,CHE,Chennai,26.4,0.0,80.43,96.71,False,False,No festival
2023-09-13,DEL,Delhi NCR,25.19,2.75,59.69,189.01,False,False,No festival
2023-09-13,HYD,Hyderabad,27.16,0.0,58.66,104.41,False,False,No festival
2023-09-13,KOL,Kolkata,25.45,0.0,67.63,154.3,False,False,No festival
2023-09-13,MUM,Mumbai,27.87,13.54,86.41,104.19,False,False,No festival
2023-09-13,PUN,Pune,26.09,0.0,66.83,109.04,False,False,No festival
2023-09-14,AMD,Ahmedabad,29.33,6.49,54.89,110.2,False,False,No festival
2023-09-14,BLR,Bengaluru,22.37,0.0,64.31,53.19,False,False,No festival
2023-09-14,CHE,Chennai,24.82,39.08,86.7,112.15,False,False,No festival
2023-09-14,DEL,Delhi NCR,25.01,0.0,53.63,174.3,False,False,No festival
2023-09-14,HYD,Hyderabad,25.12,0.0,51.15,66.03,False,False,No festival
2023-09-14,KOL,Kolkata,27.41,22.52,73.41,111.45,False,False,No festival
2023-09-14,MUM,Mumbai,26.83,18.11,89.95,112.94,False,False,No festival
2023-09-14,PUN,Pune,27.23,0.0,62.19,75.51,False,False,No festival
2023-09-15,AMD,Ahmedabad,26.76,0.0,47.79,111.67,False,False,No festival
2023-09-15,BLR,Bengaluru,25.47,17.53,86.14,116.74,False,False,No festival
2023-09-15,CHE,Chennai,27.33,14.72,91.33,115.68,False,False,No festival
2023-09-15,DEL,Delhi NCR,27.54,17.79,60.33,157.65,False,False,No festival
2023-09-15,HYD,Hyderabad,30.73,0.0,54.14,65.66,False,False,No festival
2023-09-15,KOL,Kolkata,27.41,0.0,64.04,108.58,False,False,No festival
2023-09-15,MUM,Mumbai,25.52,27.69,77.1,70.48,False,False,No festival
2023-09-15,PUN,Pune,26.5,0.0,54.56,66.47,False,False,No festival
2023-09-16,AMD,Ahmedabad,27.49,9.69,58.61,112.41,False,False,No festival
2023-09-16,BLR,Bengaluru,22.03,0.0,61.97,56.96,False,False,No festival
2023-09-16,CHE,Chennai,32.18,0.0,74.35,64.41,False,False,No festival
2023-09-16,DEL,Delhi NCR,22.15,2.46,58.06,169.89,False,False,No festival
2023-09-16,HYD,Hyderabad,25.64,3.06,75.87,122.32,False,False,No festival
2023-09-16,KOL,Kolkata,25.29,0.0,70.04,133.84,False,False,No festival
2023-09-16,MUM,Mumbai,27.24,0.0,79.45,86.76,False,False,No festival
2023-09-16,PUN,Pune,26.42,0.0,49.77,87.9,False,False,No festival
2023-09-17,AMD,Ahmedabad,30.63,5.62,60.13,85.46,False,False,No festival
2023-09-17,BLR,Bengaluru,22.82,0.0,61.93,46.14,False,False,No festival
2023-09-17,CHE,Chennai,33.11,0.0,74.04,57.47,False,False,No festival
2023-09-17,DEL,Delhi NCR,26.4,0.0,49.21,147.01,False,False,No festival
2023-09-17,HYD,Hyderabad,29.72,0.0,48.77,114.64,False,False,No festival
2023-09-17,KOL,Kolkata,27.59,4.89,86.84,98.55,False,False,No festival
2023-09-17,MUM,Mumbai,24.82,9.82,82.27,125.04,False,False,No festival
2023-09-17,PUN,Pune,24.11,0.0,67.18,120.82,False,False,No festival
2023-09-18,AMD,Ahmedabad,25.91,0.0,44.85,114.88,False,False,No festival
2023-09-18,BLR,Bengaluru,24.18,8.78,82.01,65.65,False,False,No festival
2023-09-18,CHE,Chennai,26.67,11.21,82.79,81.01,False,False,No festival
2023-09-18,DEL,Delhi NCR,24.48,9.43,69.73,206.0,False,False,No festival
2023-09-18,HYD,Hyderabad,28.71,0.0,50.7,68.54,False,False,No festival
2023-09-18,KOL,Kolkata,25.36,37.65,88.72,89.51,False,False,No festival
2023-09-18,MUM,Mumbai,29.4,24.42,90.91,79.47,False,False,No festival
2023-09-18,PUN,Pune,24.95,2.64,71.97,116.36,False,False,No festival
2023-09-19,AMD,Ahmedabad,26.28,9.87,62.16,112.98,False,False,No festival
2023-09-19,BLR,Bengaluru,22.31,0.0,70.52,111.24,False,False,No festival
2023-09-19,CHE,Chennai,28.3,15.64,85.49,102.06,False,False,No festival
2023-09-19,DEL,Delhi NCR,24.98,0.0,58.97,135.72,False,False,No festival
2023-09-19,HYD,Hyderabad,25.59,0.0,56.06,98.45,False,False,No festival
2023-09-19,KOL,Kolkata,24.94,0.0,75.22,97.5,False,False,No festival
2023-09-19,MUM,Mumbai,26.44,0.0,66.0,90.59,False,False,No festival
2023-09-19,PUN,Pune,23.33,0.0,61.18,89.23,False,False,No festival
2023-09-20,AMD,Ahmedabad,28.07,0.0,49.87,137.3,False,False,No festival
2023-09-20,BLR,Bengaluru,25.65,0.0,71.27,85.39,False,False,No festival
2023-09-20,CHE,Chennai,25.06,0.0,73.54,77.54,False,False,No festival
2023-09-20,DEL,Delhi NCR,25.51,13.56,68.09,175.68,False,False,No festival
2023-09-20,HYD,Hyderabad,26.76,0.0,56.77,114.14,False,False,No festival
2023-09-20,KOL,Kolkata,27.94,1.3,79.38,89.76,False,False,No festival
2023-09-20,MUM,Mumbai,27.27,24.28,88.69,93.98,False,False,No festival
2023-09-20,PUN,Pune,25.79,0.0,55.43,45.71,False,False,No festival
2023-09-21,AMD,Ahmedabad,24.07,2.1,65.16,84.54,False,False,No festival
2023-09-21,BLR,Bengaluru,25.94,0.0,63.11,57.14,False,False,No festival
2023-09-21,CHE,Chennai,25.38,0.0,77.77,105.47,False,False,No festival
2023-09-21,DEL,Delhi NCR,21.31,0.0,61.8,161.54,False,False,No festival
2023-09-21,HYD,Hyderabad,27.07,3.59,64.66,107.04,False,False,No festival
2023-09-21,KOL,Kolkata,25.01,4.97,80.59,139.68,False,False,No festival
2023-09-21,MUM,Mumbai,29.15,0.0,59.03,68.51,False,False,No festival
2023-09-21,PUN,Pune,27.61,0.0,64.07,78.55,False,False,No festival
2023-09-22,AMD,Ahmedabad,24.08,0.0,55.84,106.89,False,False,No festival
2023-09-22,BLR,Bengaluru,23.19,0.0,61.64,86.48,False,False,No festival
2023-09-22,CHE,Chennai,27.99,0.0,62.11,79.98,False,False,No festival
2023-09-22,DEL,Delhi NCR,22.77,0.0,53.96,135.97,False,False,No festival
2023-09-22,HYD,Hyderabad,26.93,0.0,61.33,106.22,False,False,No festival
2023-09-22,KOL,Kolkata,26.22,0.0,77.53,111.11,False,False,No festival
2023-09-22,MUM,Mumbai,27.39,0.0,70.47,112.92,False,False,No festival
2023-09-22,PUN,Pune,23.35,6.57,71.55,83.93,False,False,No festival
2023-09-23,AMD,Ahmedabad,25.65,0.0,46.58,56.71,False,False,No festival
2023-09-23,BLR,Bengaluru,24.9,0.0,61.41,78.9,False,False,No festival
2023-09-23,CHE,Chennai,25.97,15.41,91.64,64.65,False,False,No festival
2023-09-23,DEL,Delhi NCR,18.7,0.0,63.25,159.27,False,False,No festival
2023-09-23,HYD,Hyderabad,28.23,0.0,55.92,103.63,False,False,No festival
2023-09-23,KOL,Kolkata,27.02,9.82,76.9,100.38,False,False,No festival
2023-09-23,MUM,Mumbai,28.62,0.0,70.84,71.71,False,False,No festival
2023-09-23,PUN,Pune,22.21,0.0,58.92,76.9,False,False,No festival
2023-09-24,AMD,Ahmedabad,28.02,1.8,62.22,100.22,False,False,No festival
2023-09-24,BLR,Bengaluru,23.6,0.0,69.31,75.41,False,False,No festival
2023-09-24,CHE,Chennai,27.89,0.0,69.45,121.04,False,False,No festival
2023-09-24,DEL,Delhi NCR,22.57,19.09,67.79,203.53,False,False,No festival
2023-09-24,HYD,Hyderabad,26.49,0.0,54.81,98.05,False,False,No festival
2023-09-24,KOL,Kolkata,27.12,15.02,82.61,116.99,False,False,No festival
2023-09-24,MUM,Mumbai,26.89,3.14,84.65,113.21,False,False,No festival
2023-09-24,PUN,Pune,27.38,0.0,63.23,90.24,False,False,No festival
2023-09-25,AMD,Ahmedabad,26.23,0.0,38.48,120.22,False,False,No festival
2023-09-25,BLR,Bengaluru,21.77,2.67,78.22,54.48,False,False,No festival
2023-09-25,CHE,Chennai,27.03,27.4,94.35,107.25,False,False,No festival
2023-09-25,DEL,Delhi NCR,21.4,0.0,56.69,147.8,False,False,No festival
2023-09-25,HYD,Hyderabad,27.85,0.0,53.73,107.15,False,False,No festival
2023-09-25,KOL,Kolkata,24.66,0.0,68.39,136.06,False,False,No festival
2023-09-25,MUM,Mumbai,28.73,0.0,71.22,49.12,False,False,No festival
2023-09-25,PUN,Pune,27.1,0.0,56.35,79.41,False,False,No festival
2023-09-26,AMD,Ahmedabad,27.05,12.49,64.9,119.03,False,False,No festival
2023-09-26,BLR,Bengaluru,24.89,5.89,69.66,66.64,False,False,No festival
2023-09-26,CHE,Chennai,30.51,0.0,75.67,68.42,False,False,No festival
2023-09-26,DEL,Delhi NCR,23.48,0.0,48.58,144.68,False,False,No festival
2023-09-26,HYD,Hyderabad,24.88,0.0,50.79,87.22,False,False,No festival
2023-09-26,KOL,Kolkata,25.01,0.0,63.52,120.13,False,False,No festival
2023-09-26,MUM,Mumbai,29.0,0.0,78.14,100.42,False,False,No festival
2023-09-26,PUN,Pune,20.91,24.8,76.92,95.58,False,False,No festival
2023-09-27,AMD,Ahmedabad,25.98,0.0,41.68,123.33,False,False,No festival
2023-09-27,BLR,Bengaluru,25.15,0.0,70.82,76.97,False,False,No festival
2023-09-27,CHE,Chennai,28.37,1.94,82.03,73.89,False,False,No festival
2023-09-27,DEL,Delhi NCR,21.86,0.0,54.29,165.38,False,False,No festival
2023-09-27,HYD,Hyderabad,29.54,4.36,68.23,103.27,False,False,No festival
2023-09-27,KOL,Kolkata,24.53,0.0,76.22,111.71,False,False,No festival
2023-09-27,MUM,Mumbai,26.5,34.85,80.87,105.31,False,False,No festival
2023-09-27,PUN,Pune,24.13,30.27,72.16,53.28,False,False,No festival
2023-09-28,AMD,Ahmedabad,28.17,12.65,50.54,112.62,False,False,No festival
2023-09-28,BLR,Bengaluru,23.17,0.0,68.11,101.76,False,False,No festival
2023-09-28,CHE,Chennai,29.69,0.0,74.13,65.55,False,False,No festival
2023-09-28,DEL,Delhi NCR,21.0,3.92,58.65,194.99,False,False,No festival
2023-09-28,HYD,Hyderabad,28.95,0.0,61.09,84.67,False,False,No festival
2023-09-28,KOL,Kolkata,26.51,0.0,66.49,132.0,False,False,No festival
2023-09-28,MUM,Mumbai,28.7,10.82,85.05,115.76,False,False,No festival
2023-09-28,PUN,Pune,27.7,0.0,53.09,64.06,False,False,No festival
2023-09-29,AMD,Ahmedabad,24.29,6.05,55.3,120.51,False,False,No festival
2023-09-29,BLR,Bengaluru,24.83,0.0,60.02,88.35,False,False,No festival
2023-09-29,CHE,Chennai,25.82,4.77,88.8,55.22,False,False,No festival
2023-09-29,DEL,Delhi NCR,17.47,0.0,56.14,171.91,False,False,No festival
2023-09-29,HYD,Hyderabad,26.09,0.0,57.0,110.4,False,False,No festival
2023-09-29,KOL,Kolkata,26.66,6.48,85.96,132.38,False,False,No festival
2023-09-29,MUM,Mumbai,27.47,0.0,74.31,121.41,False,False,No festival
2023-09-29,PUN,Pune,27.97,7.98,76.03,117.03,False,False,No festival
2023-09-30,AMD,Ahmedabad,28.31,0.0,43.47,101.03,False,False,No festival
2023-09-30,BLR,Bengaluru,22.32,16.61,85.07,86.69,False,False,No festival
2023-09-30,CHE,Chennai,32.2,25.93,76.76,125.13,False,False,No festival
2023-09-30,DEL,Delhi NCR,23.61,0.0,53.88,140.53,False,False,No festival
2023-09-30,HYD,Hyderabad,24.39,0.0,53.98,97.25,False,False,No festival
2023-09-30,KOL,Kolkata,25.4,0.0,77.61,112.4,False,False,No festival
2023-09-30,MUM,Mumbai,27.77,9.94,87.01,159.38,False,False,No festival
2023-09-30,PUN,Pune,29.08,0.0,54.42,87.45,False,False,No festival
2023-10-01,AMD,Ahmedabad,25.78,0.0,47.03,82.25,False,False,No festival
2023-10-01,BLR,Bengaluru,28.12,0.0,59.96,74.7,False,False,No festival
2023-10-01,CHE,Chennai,28.5,0.0,82.63,81.37,False,False,No festival
2023-10-01,DEL,Delhi NCR,23.67,0.0,57.01,170.38,False,False,No festival
2023-10-01,HYD,Hyderabad,24.98,0.0,54.28,84.94,False,False,No festival
2023-10-01,KOL,Kolkata,28.94,0.0,65.97,107.78,False,False,No festival
2023-10-01,MUM,Mumbai,27.72,0.0,71.88,122.53,False,False,No festival
2023-10-01,PUN,Pune,25.4,0.0,57.62,88.48,False,False,No festival
2023-10-02,AMD,Ahmedabad,24.96,0.0,55.92,92.01,False,True,No festival
2023-10-02,BLR,Bengaluru,24.09,0.0,64.19,47.0,False,True,No festival
2023-10-02,CHE,Chennai,30.99,7.0,83.92,119.18,False,True,No festival
2023-10-02,DEL,Delhi NCR,21.3,0.0,54.95,193.86,False,True,No festival
2023-10-02,HYD,Hyderabad,30.21,0.0,56.35,73.8,False,True,No festival
2023-10-02,KOL,Kolkata,26.11,0.0,69.05,96.34,False,True,No festival
2023-10-02,MUM,Mumbai,23.95,0.0,77.37,77.77,False,True,No festival
2023-10-02,PUN,Pune,23.47,0.0,50.81,89.57,False,True,No festival
2023-10-03,AMD,Ahmedabad,24.2,0.0,46.04,90.15,False,False,No festival
2023-10-03,BLR,Bengaluru,22.63,0.0,52.31,64.55,False,False,No festival
2023-10-03,CHE,Chennai,27.32,10.78,84.03,142.48,False,False,No festival
2023-10-03,DEL,Delhi NCR,24.02,2.48,64.87,177.6,False,False,No festival
2023-10-03,HYD,Hyderabad,25.6,0.0,63.1,120.39,False,False,No festival
2023-10-03,KOL,Kolkata,22.81,0.0,75.11,126.08,False,False,No festival
2023-10-03,MUM,Mumbai,28.57,0.0,63.61,114.46,False,False,No festival
2023-10-03,PUN,Pune,25.87,0.0,63.09,66.72,False,False,No festival
2023-10-04,AMD,Ahmedabad,25.47,0.0,44.23,129.19,False,False,No festival
2023-10-04,BLR,Bengaluru,25.43,0.0,64.82,60.53,False,False,No festival
2023-10-04,CHE,Chennai,25.71,0.0,74.86,124.74,False,False,No festival
2023-10-04,DEL,Delhi NCR,23.12,0.0,74.67,136.5,False,False,No festival
2023-10-04,HYD,Hyderabad,29.55,0.0,60.95,100.08,False,False,No festival
2023-10-04,KOL,Kolkata,26.87,0.0,69.76,109.19,False,False,No festival
2023-10-04,MUM,Mumbai,27.57,0.0,71.04,78.79,False,False,No festival
2023-10-04,PUN,Pune,24.02,0.0,59.65,49.93,False,False,No festival
2023-10-05,AMD,Ahmedabad,26.51,0.0,43.1,58.05,False,False,No festival
2023-10-05,BLR,Bengaluru,26.11,0.0,66.19,69.19,False,False,No festival
2023-10-05,CHE,Chennai,30.63,0.0,67.2,100.83,False,False,No festival
2023-10-05,DEL,Delhi NCR,24.1,0.0,59.59,166.69,False,False,No festival
2023-10-05,HYD,Hyderabad,27.21,11.52,71.8,57.32,False,False,No festival
2023-10-05,KOL,Kolkata,27.1,0.0,57.97,132.68,False,False,No festival
2023-10-05,MUM,Mumbai,26.28,0.0,76.41,65.84,False,False,No festival
2023-10-05,PUN,Pune,25.87,0.0,62.43,82.66,False,False,No festival
2023-10-06,AMD,Ahmedabad,26.06,0.0,53.41,75.88,False,False,No festival
2023-10-06,BLR,Bengaluru,23.9,0.0,70.89,61.71,False,False,No festival
2023-10-06,CHE,Chennai,27.3,11.86,86.36,78.16,False,False,No festival
2023-10-06,DEL,Delhi NCR,22.25,0.0,47.16,197.03,False,False,No festival
2023-10-06,HYD,Hyderabad,26.03,0.0,53.13,73.68,False,False,No festival
2023-10-06,KOL,Kolkata,24.94,0.0,75.93,129.39,False,False,No festival
2023-10-06,MUM,Mumbai,27.87,0.0,74.83,99.18,False,False,No festival
2023-10-06,PUN,Pune,25.64,0.0,55.76,49.19,False,False,No festival
2023-10-07,AMD,Ahmedabad,22.58,0.0,46.23,117.64,False,False,No festival
2023-10-07,BLR,Bengaluru,25.54,0.0,60.54,86.11,False,False,No festival
2023-10-07,CHE,Chennai,28.77,22.51,86.11,115.51,False,False,No festival
2023-10-07,DEL,Delhi NCR,22.44,0.0,57.21,143.47,False,False,No festival
2023-10-07,HYD,Hyderabad,26.5,6.88,57.69,54.35,False,False,No festival
2023-10-07,KOL,Kolkata,23.57,0.0,77.54,117.83,False,False,No festival
2023-10-07,MUM,Mumbai,29.84,0.0,74.79,85.37,False,False,No festival
2023-10-07,PUN,Pune,25.05,0.0,60.32,87.46,False,False,No festival
2023-10-08,AMD,Ahmedabad,25.73,0.0,36.46,155.06,False,False,No festival
2023-10-08,BLR,Bengaluru,23.19,0.0,55.54,35.44,False,False,No festival
2023-10-08,CHE,Chennai,27.13,3.66,93.05,71.66,False,False,No festival
2023-10-08,DEL,Delhi NCR,22.71,0.0,52.68,158.58,False,False,No festival
2023-10-08,HYD,Hyderabad,27.5,0.0,53.52,64.09,False,False,No festival
2023-10-08,KOL,Kolkata,24.12,0.0,77.19,125.48,False,False,No festival
2023-10-08,MUM,Mumbai,25.06,0.0,78.81,83.72,False,False,No festival
2023-10-08,PUN,Pune,25.04,0.0,59.59,117.21,False,False,No festival
2023-10-09,AMD,Ahmedabad,24.29,0.0,46.23,71.07,False,False,No festival
2023-10-09,BLR,Bengaluru,23.65,0.0,61.74,61.6,False,False,No festival
2023-10-09,CHE,Chennai,28.38,18.51,81.79,98.03,False,False,No festival
2023-10-09,DEL,Delhi NCR,23.79,0.0,59.18,174.04,False,False,No festival
2023-10-09,HYD,Hyderabad,27.18,0.0,62.65,111.79,False,False,No festival
2023-10-09,KOL,Kolkata,23.47,0.0,73.38,86.05,False,False,No festival
2023-10-09,MUM,Mumbai,24.98,0.0,80.07,124.97,False,False,No festival
2023-10-09,PUN,Pune,24.29,0.0,55.04,72.87,False,False,No festival
2023-10-10,AMD,Ahmedabad,26.5,2.98,59.28,109.21,False,False,No festival
2023-10-10,BLR,Bengaluru,23.24,0.0,71.53,32.33,False,False,No festival
2023-10-10,CHE,Chennai,26.82,0.0,73.68,87.1,False,False,No festival
2023-10-10,DEL,Delhi NCR,22.12,0.0,59.94,153.38,False,False,No festival
2023-10-10,HYD,Hyderabad,26.32,0.0,64.57,103.22,False,False,No festival
2023-10-10,KOL,Kolkata,27.89,0.0,68.97,123.29,False,False,No festival
2023-10-10,MUM,Mumbai,26.02,0.0,70.69,77.92,False,False,No festival
2023-10-10,PUN,Pune,25.16,0.0,58.24,88.9,False,False,No festival
2023-10-11,AMD,Ahmedabad,28.86,0.0,40.82,52.54,False,False,No festival
2023-10-11,BLR,Bengaluru,24.75,0.0,58.03,61.25,False,False,No festival
2023-10-11,CHE,Chennai,26.89,0.0,73.67,63.15,False,False,No festival
2023-10-11,DEL,Delhi NCR,21.59,0.0,56.5,163.87,False,False,No festival
2023-10-11,HYD,Hyderabad,26.3,15.24,74.52,124.32,False,False,No festival
2023-10-11,KOL,Kolkata,26.14,0.0,76.52,96.29,False,False,No festival
2023-10-11,MUM,Mumbai,25.83,0.0,75.34,78.64,False,False,No festival
2023-10-11,PUN,Pune,25.54,0.0,68.77,43.23,False,False,No festival
2023-10-12,AMD,Ahmedabad,26.2,0.0,36.92,82.11,False,False,No festival
2023-10-12,BLR,Bengaluru,22.14,0.0,61.91,124.27,False,False,No festival
2023-10-12,CHE,Chennai,31.19,3.93,89.59,114.38,False,False,No festival
2023-10-12,DEL,Delhi NCR,21.83,0.0,57.54,180.59,False,False,No festival
2023-10-12,HYD,Hyderabad,27.2,0.0,48.93,124.68,False,False,No festival
2023-10-12,KOL,Kolkata,23.21,0.0,74.5,107.2,False,False,No festival
2023-10-12,MUM,Mumbai,24.66,0.0,77.35,114.56,False,False,No festival
2023-10-12,PUN,Pune,26.16,0.0,61.46,87.36,False,False,No festival
2023-10-13,AMD,Ahmedabad,24.86,0.0,42.96,104.99,False,False,No festival
2023-10-13,BLR,Bengaluru,24.9,0.0,69.14,63.2,False,False,No festival
2023-10-13,CHE,Chennai,29.57,0.0,73.16,95.23,False,False,No festival
2023-10-13,DEL,Delhi NCR,21.68,0.0,48.38,115.59,False,False,No festival
2023-10-13,HYD,Hyderabad,25.32,0.0,62.26,95.21,False,False,No festival
2023-10-13,KOL,Kolkata,23.77,0.0,68.62,108.76,False,False,No festival
2023-10-13,MUM,Mumbai,26.6,0.0,72.15,93.2,False,False,No festival
2023-10-13,PUN,Pune,25.29,0.0,56.93,102.74,False,False,No festival
2023-10-14,AMD,Ahmedabad,25.52,0.0,55.17,81.38,False,False,No festival
2023-10-14,BLR,Bengaluru,23.35,0.0,72.09,72.77,False,False,No festival
2023-10-14,CHE,Chennai,32.98,26.68,84.08,83.27,False,False,No festival
2023-10-14,DEL,Delhi NCR,19.52,0.0,63.18,164.55,False,False,No festival
2023-10-14,HYD,Hyderabad,24.83,0.0,53.24,81.56,False,False,No festival
2023-10-14,KOL,Kolkata,27.6,0.0,76.78,108.11,False,False,No festival
2023-10-14,MUM,Mumbai,25.0,0.0,77.47,73.34,False,False,No festival
2023-10-14,PUN,Pune,22.77,0.0,60.52,103.85,False,False,No festival
2023-10-15,AMD,Ahmedabad,24.94,5.68,58.44,113.66,False,False,No festival
2023-10-15,BLR,Bengaluru,24.52,0.0,60.53,109.01,False,False,No festival
2023-10-15,CHE,Chennai,25.82,15.33,80.68,59.42,False,False,No festival
2023-10-15,DEL,Delhi NCR,21.6,0.0,51.07,163.16,False,False,No festival
2023-10-15,HYD,Hyderabad,25.57,0.0,46.04,107.82,False,False,No festival
2023-10-15,KOL,Kolkata,28.2,0.0,77.43,134.17,False,False,No festival
2023-10-15,MUM,Mumbai,26.91,0.0,62.5,73.25,False,False,No festival
2023-10-15,PUN,Pune,23.7,0.0,55.67,67.99,False,False,No festival
2023-10-16,AMD,Ahmedabad,24.12,0.0,50.59,66.25,False,False,No festival
2023-10-16,BLR,Bengaluru,22.96,0.0,63.14,75.72,False,False,No festival
2023-10-16,CHE,Chennai,26.45,15.97,87.37,104.12,False,False,No festival
2023-10-16,DEL,Delhi NCR,25.37,0.0,59.59,152.89,False,False,No festival
2023-10-16,HYD,Hyderabad,26.41,3.46,68.86,70.61,False,False,No festival
2023-10-16,KOL,Kolkata,25.75,0.0,67.38,129.95,False,False,No festival
2023-10-16,MUM,Mumbai,26.64,0.0,64.4,31.59,False,False,No festival
2023-10-16,PUN,Pune,22.16,0.0,53.42,82.37,False,False,No festival
2023-10-17,AMD,Ahmedabad,22.17,0.0,52.62,114.3,False,False,No festival
2023-10-17,BLR,Bengaluru,24.87,0.0,62.97,102.57,False,False,No festival
2023-10-17,CHE,Chennai,28.9,0.0,74.61,97.4,False,False,No festival
2023-10-17,DEL,Delhi NCR,23.18,0.0,46.85,126.18,False,False,No festival
2023-10-17,HYD,Hyderabad,27.95,0.0,60.59,87.61,False,False,No festival
2023-10-17,KOL,Kolkata,26.74,0.0,80.51,94.16,False,False,No festival
2023-10-17,MUM,Mumbai,25.26,0.0,77.75,58.75,False,False,No festival
2023-10-17,PUN,Pune,22.57,0.0,53.51,68.18,False,False,No festival
2023-10-18,AMD,Ahmedabad,27.73,0.0,56.84,105.29,False,False,No festival
2023-10-18,BLR,Bengaluru,25.06,0.0,64.61,65.96,False,False,No festival
2023-10-18,CHE,Chennai,27.68,0.0,70.82,55.52,False,False,No festival
2023-10-18,DEL,Delhi NCR,19.62,0.0,56.73,166.02,False,False,No festival
2023-10-18,HYD,Hyderabad,22.85,0.0,59.79,99.63,False,False,No festival
2023-10-18,KOL,Kolkata,24.9,0.0,62.89,95.97,False,False,No festival
2023-10-18,MUM,Mumbai,27.74,0.0,67.86,95.32,False,False,No festival
2023-10-18,PUN,Pune,23.11,0.0,61.44,74.42,False,False,No festival
2023-10-19,AMD,Ahmedabad,26.16,0.0,41.67,119.36,False,False,No festival
2023-10-19,BLR,Bengaluru,25.0,4.81,73.74,33.69,False,False,No festival
2023-10-19,CHE,Chennai,28.24,17.94,88.46,100.99,False,False,No festival
2023-10-19,DEL,Delhi NCR,18.16,0.0,59.86,189.37,False,False,No festival
2023-10-19,HYD,Hyderabad,22.22,0.0,57.57,108.31,False,False,No festival
2023-10-19,KOL,Kolkata,23.95,0.0,76.05,154.83,False,False,No festival
2023-10-19,MUM,Mumbai,23.23,0.0,75.16,74.31,False,False,No festival
2023-10-19,PUN,Pune,24.45,0.0,63.09,113.42,False,False,No festival
2023-10-20,AMD,Ahmedabad,21.09,8.16,58.31,92.89,False,False,No festival
2023-10-20,BLR,Bengaluru,28.74,0.0,66.93,99.72,False,False,No festival
2023-10-20,CHE,Chennai,26.99,0.0,73.97,124.12,False,False,No festival
2023-10-20,DEL,Delhi NCR,22.88,0.0,57.93,169.13,False,False,No festival
2023-10-20,HYD,Hyderabad,25.63,0.0,52.75,72.59,False,False,No festival
2023-10-20,KOL,Kolkata,22.53,13.24,79.98,138.6,False,False,No festival
2023-10-20,MUM,Mumbai,26.72,0.0,71.81,86.0,False,False,No festival
2023-10-20,PUN,Pune,24.91,0.0,60.07,57.39,False,False,No festival
2023-10-21,AMD,Ahmedabad,23.94,0.0,36.65,97.53,False,False,No festival
2023-10-21,BLR,Bengaluru,19.87,0.0,70.64,42.39,False,False,No festival
2023-10-21,CHE,Chennai,27.19,34.2,84.53,99.38,False,False,No festival
2023-10-21,DEL,Delhi NCR,21.87,0.0,56.84,164.47,False,False,No festival
2023-10-21,HYD,Hyderabad,21.55,0.0,63.75,108.6,False,False,No festival
2023-10-21,KOL,Kolkata,26.57,0.0,63.7,143.2,False,False,No festival
2023-10-21,MUM,Mumbai,28.57,0.0,79.27,58.12,False,False,No festival
2023-10-21,PUN,Pune,21.57,0.0,57.68,85.77,False,False,No festival
2023-10-22,AMD,Ahmedabad,22.35,0.0,41.78,105.8,False,False,No festival
2023-10-22,BLR,Bengaluru,25.85,0.0,56.78,83.68,False,False,No festival
2023-10-22,CHE,Chennai,27.55,0.0,77.67,59.93,False,False,No festival
2023-10-22,DEL,Delhi NCR,20.14,0.0,55.51,160.39,False,False,No festival
2023-10-22,HYD,Hyderabad,27.22,0.0,42.57,69.53,False,False,No festival
2023-10-22,KOL,Kolkata,23.92,0.0,72.57,128.89,False,False,No festival
2023-10-22,MUM,Mumbai,26.51,0.0,65.23,77.92,False,False,No festival
2023-10-22,PUN,Pune,22.55,0.0,54.18,117.2,False,False,No festival
2023-10-23,AMD,Ahmedabad,25.1,0.0,44.53,107.3,False,False,No festival
2023-10-23,BLR,Bengaluru,21.94,0.0,67.64,95.61,False,False,No festival
2023-10-23,CHE,Chennai,24.81,20.77,86.51,85.22,False,False,No festival
2023-10-23,DEL,Delhi NCR,22.13,0.0,55.28,138.96,False,False,No festival
2023-10-23,HYD,Hyderabad,25.26,0.0,48.34,93.47,False,False,No festival
2023-10-23,KOL,Kolkata,24.84,0.0,73.43,110.76,False,False,No festival
2023-10-23,MUM,Mumbai,24.41,0.0,69.44,119.73,False,False,No festival
2023-10-23,PUN,Pune,27.4,0.0,56.02,68.97,False,False,No festival
2023-10-24,AMD,Ahmedabad,22.97,0.0,48.31,107.85,False,False,No festival
2023-10-24,BLR,Bengaluru,24.69,0.0,60.16,105.58,False,False,No festival
2023-10-24,CHE,Chennai,29.4,10.84,84.27,80.51,False,False,No festival
2023-10-24,DEL,Delhi NCR,23.07,0.0,58.13,173.15,False,False,No festival
2023-10-24,HYD,Hyderabad,25.2,0.0,57.11,64.11,False,False,No festival
2023-10-24,KOL,Kolkata,24.44,0.0,77.51,92.25,False,False,No festival
2023-10-24,MUM,Mumbai,26.2,0.0,76.62,119.89,False,False,No festival
2023-10-24,PUN,Pune,25.24,0.0,66.44,82.76,False,False,No festival
2023-10-25,AMD,Ahmedabad,22.82,0.0,52.4,116.1,False,False,No festival
2023-10-25,BLR,Bengaluru,22.74,0.0,64.59,54.28,False,False,No festival
2023-10-25,CHE,Chennai,29.48,0.0,67.02,94.92,False,False,No festival
2023-10-25,DEL,Delhi NCR,21.43,0.0,54.97,141.24,False,False,No festival
2023-10-25,HYD,Hyderabad,24.54,0.0,67.11,99.92,False,False,No festival
2023-10-25,KOL,Kolkata,26.08,31.0,75.09,138.11,False,False,No festival
2023-10-25,MUM,Mumbai,24.13,24.89,77.33,53.0,False,False,No festival
2023-10-25,PUN,Pune,24.21,0.0,55.8,93.64,False,False,No festival
2023-10-26,AMD,Ahmedabad,21.6,0.0,50.68,98.26,False,False,No festival
2023-10-26,BLR,Bengaluru,25.33,0.0,60.07,80.0,False,False,No festival
2023-10-26,CHE,Chennai,28.46,4.61,93.13,110.32,False,False,No festival
2023-10-26,DEL,Delhi NCR,20.67,0.0,54.23,186.39,False,False,No festival
2023-10-26,HYD,Hyderabad,25.39,0.0,60.93,74.61,False,False,No festival
2023-10-26,KOL,Kolkata,24.27,0.0,80.13,130.41,False,False,No festival
2023-10-26,MUM,Mumbai,27.83,0.0,73.67,150.33,False,False,No festival
2023-10-26,PUN,Pune,24.18,0.0,57.75,72.25,False,False,No festival
2023-10-27,AMD,Ahmedabad,23.62,0.0,44.25,56.51,False,False,No festival
2023-10-27,BLR,Bengaluru,23.38,0.0,65.77,85.05,False,False,No festival
2023-10-27,CHE,Chennai,25.93,8.54,91.09,25.47,False,False,No festival
2023-10-27,DEL,Delhi NCR,20.57,0.0,64.01,170.72,False,False,No festival
2023-10-27,HYD,Hyderabad,26.39,0.0,50.11,74.19,False,False,No festival
2023-10-27,KOL,Kolkata,26.54,0.0,63.28,118.0,False,False,No festival
2023-10-27,MUM,Mumbai,27.43,0.0,67.82,98.32,False,False,No festival
2023-10-27,PUN,Pune,23.46,0.0,63.05,91.28,False,False,No festival
2023-10-28,AMD,Ahmedabad,22.07,0.0,44.3,117.09,False,False,No festival
2023-10-28,BLR,Bengaluru,26.12,0.0,66.06,88.13,False,False,No festival
2023-10-28,CHE,Chennai,26.8,0.0,74.37,119.25,False,False,No festival
2023-10-28,DEL,Delhi NCR,20.9,0.0,58.96,179.32,False,False,No festival
2023-10-28,HYD,Hyderabad,26.36,0.0,56.09,85.19,False,False,No festival
2023-10-28,KOL,Kolkata,26.18,0.0,75.41,119.42,False,False,No festival
2023-10-28,MUM,Mumbai,26.75,0.0,70.42,92.97,False,False,No festival
2023-10-28,PUN,Pune,26.01,0.0,63.96,64.34,False,False,No festival
2023-10-29,AMD,Ahmedabad,22.39,0.0,42.9,168.73,False,False,No festival
2023-10-29,BLR,Bengaluru,22.62,0.0,69.94,28.21,False,False,No festival
2023-10-29,CHE,Chennai,29.61,0.0,70.83,88.22,False,False,No festival
2023-10-29,DEL,Delhi NCR,16.19,0.0,53.96,153.51,False,False,No festival
2023-10-29,HYD,Hyderabad,25.91,0.0,53.26,92.54,False,False,No festival
2023-10-29,KOL,Kolkata,22.79,0.0,71.1,115.65,False,False,No festival
2023-10-29,MUM,Mumbai,26.56,0.0,78.32,55.27,False,False,No festival
2023-10-29,PUN,Pune,23.62,0.0,59.08,106.7,False,False,No festival
2023-10-30,AMD,Ahmedabad,25.93,0.0,42.47,119.07,False,False,No festival
2023-10-30,BLR,Bengaluru,24.61,0.0,53.99,51.5,False,False,No festival
2023-10-30,CHE,Chennai,27.08,0.0,80.34,103.24,False,False,No festival
2023-10-30,DEL,Delhi NCR,19.57,0.0,48.25,169.82,False,False,No festival
2023-10-30,HYD,Hyderabad,23.97,0.0,55.32,86.9,False,False,No festival
2023-10-30,KOL,Kolkata,25.79,0.0,61.24,105.9,False,False,No festival
2023-10-30,MUM,Mumbai,25.15,0.0,77.77,74.51,False,False,No festival
2023-10-30,PUN,Pune,23.0,0.0,60.58,44.41,False,False,No festival
2023-10-31,AMD,Ahmedabad,26.21,0.0,42.25,125.38,False,False,No festival
2023-10-31,BLR,Bengaluru,24.12,0.0,57.14,67.31,False,False,No festival
2023-10-31,CHE,Chennai,26.2,0.0,78.42,104.99,False,False,No festival
2023-10-31,DEL,Delhi NCR,16.61,0.0,54.03,226.59,False,False,No festival
2023-10-31,HYD,Hyderabad,23.42,0.0,56.04,110.81,False,False,No festival
2023-10-31,KOL,Kolkata,24.89,0.0,67.17,160.7,False,False,No festival
2023-10-31,MUM,Mumbai,25.62,0.0,72.56,55.32,False,False,No festival
2023-10-31,PUN,Pune,22.67,0.0,55.83,120.76,False,False,No festival
2023-11-01,AMD,Ahmedabad,23.88,0.0,51.15,161.61,False,False,No festival
2023-11-01,BLR,Bengaluru,25.72,0.0,69.09,142.11,False,False,No festival
2023-11-01,CHE,Chennai,27.96,0.0,68.82,124.86,False,False,No festival
2023-11-01,DEL,Delhi NCR,17.78,0.0,54.49,253.69,False,False,No festival
2023-11-01,HYD,Hyderabad,25.79,0.0,59.43,128.68,False,False,No festival
2023-11-01,KOL,Kolkata,22.22,0.0,71.06,117.51,False,False,No festival
2023-11-01,MUM,Mumbai,25.56,0.0,83.22,123.56,False,False,No festival
2023-11-01,PUN,Pune,25.5,0.0,55.19,111.58,False,False,No festival
2023-11-02,AMD,Ahmedabad,22.96,0.0,53.3,113.0,False,False,No festival
2023-11-02,BLR,Bengaluru,25.96,0.0,64.73,131.33,False,False,No festival
2023-11-02,CHE,Chennai,26.6,4.41,87.59,102.43,False,False,No festival
2023-11-02,DEL,Delhi NCR,17.87,0.0,51.91,266.98,False,False,No festival
2023-11-02,HYD,Hyderabad,24.58,0.0,54.98,87.3,False,False,No festival
2023-11-02,KOL,Kolkata,24.98,0.0,69.09,193.77,False,False,No festival
2023-11-02,MUM,Mumbai,26.91,0.0,59.84,102.42,False,False,No festival
2023-11-02,PUN,Pune,25.45,10.57,67.76,101.24,False,False,No festival
2023-11-03,AMD,Ahmedabad,22.37,0.0,43.24,118.13,False,False,No festival
2023-11-03,BLR,Bengaluru,23.9,0.0,68.89,130.93,False,False,No festival
2023-11-03,CHE,Chennai,26.05,0.0,77.57,110.58,False,False,No festival
2023-11-03,DEL,Delhi NCR,19.51,0.0,55.46,295.93,False,False,No festival
2023-11-03,HYD,Hyderabad,28.1,0.0,53.94,93.12,False,False,No festival
2023-11-03,KOL,Kolkata,25.06,0.0,73.67,182.72,False,False,No festival
2023-11-03,MUM,Mumbai,25.57,0.0,74.87,82.62,False,False,No festival
2023-11-03,PUN,Pune,24.38,0.0,61.62,104.36,False,False,No festival
2023-11-04,AMD,Ahmedabad,23.82,0.0,51.82,141.59,False,False,No festival
2023-11-04,BLR,Bengaluru,22.78,0.0,62.3,108.61,False,False,No festival
2023-11-04,CHE,Chennai,26.45,0.0,78.12,95.04,False,False,No festival
2023-11-04,DEL,Delhi NCR,20.02,0.0,59.28,291.85,False,False,No festival
2023-11-04,HYD,Hyderabad,25.66,0.0,55.9,160.36,False,False,No festival
2023-11-04,KOL,Kolkata,24.63,0.0,69.37,90.0,False,False,No festival
2023-11-04,MUM,Mumbai,25.46,0.0,76.68,120.28,False,False,No festival
2023-11-04,PUN,Pune,23.45,0.0,52.24,142.49,False,False,No festival
2023-11-05,AMD,Ahmedabad,23.09,0.0,60.35,146.59,False,True,Diwali
2023-11-05,BLR,Bengaluru,26.22,0.0,57.49,88.36,False,True,Diwali
2023-11-05,CHE,Chennai,26.19,23.23,79.62,78.39,False,True,Diwali
2023-11-05,DEL,Delhi NCR,19.57,0.0,54.51,297.41,False,True,Diwali
2023-11-05,HYD,Hyderabad,26.89,0.0,61.43,165.42,False,True,Diwali
2023-11-05,KOL,Kolkata,26.86,0.0,72.76,158.03,False,True,Diwali
2023-11-05,MUM,Mumbai,27.1,0.0,74.85,142.78,False,True,Diwali
2023-11-05,PUN,Pune,23.41,0.0,62.53,81.12,False,True,Diwali
2023-11-06,AMD,Ahmedabad,23.98,0.0,46.3,117.09,False,True,Diwali
2023-11-06,BLR,Bengaluru,20.34,0.0,61.43,88.38,False,True,Diwali
2023-11-06,CHE,Chennai,27.84,0.0,70.39,135.24,False,True,Diwali
2023-11-06,DEL,Delhi NCR,19.31,0.0,54.44,317.47,False,True,Diwali
2023-11-06,HYD,Hyderabad,24.3,0.0,54.96,123.61,False,True,Diwali
2023-11-06,KOL,Kolkata,22.53,0.0,65.66,154.07,False,True,Diwali
2023-11-06,MUM,Mumbai,27.69,0.0,74.21,115.07,False,True,Diwali
2023-11-06,PUN,Pune,23.58,0.0,63.01,147.31,False,True,Diwali
2023-11-07,AMD,Ahmedabad,22.7,0.0,49.27,133.35,False,True,Diwali
2023-11-07,BLR,Bengaluru,26.1,0.0,59.93,117.64,False,True,Diwali
2023-11-07,CHE,Chennai,29.18,0.0,67.56,129.38,False,True,Diwali
2023-11-07,DEL,Delhi NCR,19.8,0.0,60.32,283.58,False,True,Diwali
2023-11-07,HYD,Hyderabad,21.34,0.0,61.68,141.13,False,True,Diwali
2023-11-07,KOL,Kolkata,22.09,0.0,73.69,124.82,False,True,Diwali
2023-11-07,MUM,Mumbai,23.62,0.0,71.92,145.68,False,True,Diwali
2023-11-07,PUN,Pune,23.43,0.0,65.97,131.89,False,True,Diwali
2023-11-08,AMD,Ahmedabad,26.54,0.0,48.99,138.63,False,True,Diwali
2023-11-08,BLR,Bengaluru,23.4,0.0,61.2,103.3,False,True,Diwali
2023-11-08,CHE,Chennai,26.83,0.0,72.84,86.07,False,True,Diwali
2023-11-08,DEL,Delhi NCR,21.66,0.0,56.39,254.42,False,True,Diwali
2023-11-08,HYD,Hyderabad,25.54,0.0,57.44,146.65,False,True,Diwali
2023-11-08,KOL,Kolkata,24.16,0.0,66.72,130.46,False,True,Diwali
2023-11-08,MUM,Mumbai,21.77,0.0,71.8,92.88,False,True,Diwali
2023-11-08,PUN,Pune,23.21,4.85,60.35,123.03,False,True,Diwali
2023-11-09,AMD,Ahmedabad,25.88,0.0,47.16,147.84,False,True,Diwali
2023-11-09,BLR,Bengaluru,22.04,0.0,75.29,93.78,False,True,Diwali
2023-11-09,CHE,Chennai,31.62,26.14,88.45,133.34,False,True,Diwali
2023-11-09,DEL,Delhi NCR,22.45,0.0,55.98,304.56,False,True,Diwali
2023-11-09,HYD,Hyderabad,24.6,0.0,53.92,134.57,False,True,Diwali
2023-11-09,KOL,Kolkata,24.48,0.0,71.01,124.96,False,True,Diwali
2023-11-09,MUM,Mumbai,23.85,0.0,60.32,135.26,False,True,Diwali
2023-11-09,PUN,Pune,22.53,0.0,55.29,134.72,False,True,Diwali
2023-11-10,AMD,Ahmedabad,23.67,0.0,51.31,128.26,False,True,Diwali
2023-11-10,BLR,Bengaluru,22.01,0.0,72.88,98.75,False,True,Diwali
2023-11-10,CHE,Chennai,27.14,0.0,72.05,115.18,False,True,Diwali
2023-11-10,DEL,Delhi NCR,19.77,0.0,52.25,267.6,False,True,Diwali
2023-11-10,HYD,Hyderabad,25.88,0.0,61.94,117.45,False,True,Diwali
2023-11-10,KOL,Kolkata,24.5,0.0,63.53,133.18,False,True,Diwali
2023-11-10,MUM,Mumbai,23.93,0.0,84.23,142.13,False,True,Diwali
2023-11-10,PUN,Pune,24.43,0.0,61.4,102.06,False,True,Diwali
2023-11-11,AMD,Ahmedabad,19.92,0.0,59.39,131.17,False,True,Diwali
2023-11-11,BLR,Bengaluru,22.74,0.0,69.21,110.06,False,True,Diwali
2023-11-11,CHE,Chennai,29.23,30.94,88.06,121.31,False,True,Diwali
2023-11-11,DEL,Delhi NCR,18.25,0.0,53.11,278.11,False,True,Diwali
2023-11-11,HYD,Hyderabad,20.86,0.0,58.37,123.66,False,True,Diwali
2023-11-11,KOL,Kolkata,27.06,0.0,73.28,159.52,False,True,Diwali
2023-11-11,MUM,Mumbai,23.31,0.0,73.33,118.68,False,True,Diwali
2023-11-11,PUN,Pune,24.02,0.0,58.22,153.35,False,True,Diwali
2023-11-12,AMD,Ahmedabad,23.27,0.0,52.78,151.96,False,True,Diwali
2023-11-12,BLR,Bengaluru,21.28,0.0,67.84,85.85,False,True,Diwali
2023-11-12,CHE,Chennai,25.55,9.59,85.09,96.04,False,True,Diwali
2023-11-12,DEL,Delhi NCR,19.86,0.0,54.59,284.68,False,True,Diwali
2023-11-12,HYD,Hyderabad,26.54,0.0,57.28,106.82,False,True,Diwali
2023-11-12,KOL,Kolkata,25.98,0.0,72.76,152.97,False,True,Diwali
2023-11-12,MUM,Mumbai,26.65,0.0,72.38,106.49,False,True,Diwali
2023-11-12,PUN,Pune,20.93,0.0,68.62,127.08,False,True,Diwali
2023-11-13,AMD,Ahmedabad,23.18,0.0,51.55,140.29,False,True,Diwali
2023-11-13,BLR,Bengaluru,23.51,0.0,69.06,146.59,False,True,Diwali
2023-11-13,CHE,Chennai,27.96,15.17,91.12,148.7,False,True,Diwali
2023-11-13,DEL,Delhi NCR,20.8,0.0,52.63,240.54,False,True,Diwali
2023-11-13,HYD,Hyderabad,25.5,0.0,57.79,135.5,False,True,Diwali
2023-11-13,KOL,Kolkata,25.62,0.0,63.94,121.83,False,True,Diwali
2023-11-13,MUM,Mumbai,26.72,0.0,73.45,132.47,False,True,Diwali
2023-11-13,PUN,Pune,23.25,0.0,62.14,104.47,False,True,Diwali
2023-11-14,AMD,Ahmedabad,20.22,0.0,44.93,113.83,False,True,Diwali
2023-11-14,BLR,Bengaluru,25.4,0.0,71.51,112.99,False,True,Diwali
2023-11-14,CHE,Chennai,26.48,0.0,70.73,110.3,False,True,Diwali
2023-11-14,DEL,Delhi NCR,18.39,0.0,49.2,279.62,False,True,Diwali
2023-11-14,HYD,Hyderabad,25.34,0.0,59.51,108.34,False,True,Diwali
2023-11-14,KOL,Kolkata,23.94,0.0,64.26,129.6,False,True,Diwali
2023-11-14,MUM,Mumbai,24.94,0.0,78.54,119.24,False,True,Diwali
2023-11-14,PUN,Pune,24.87,0.0,64.85,110.23,False,True,Diwali
2023-11-15,AMD,Ahmedabad,26.23,0.0,53.51,138.47,False,False,No festival
2023-11-15,BLR,Bengaluru,21.68,0.0,54.97,112.81,False,False,No festival
2023-11-15,CHE,Chennai,26.25,14.08,88.32,127.17,False,False,No festival
2023-11-15,DEL,Delhi NCR,19.84,0.0,53.44,324.61,False,False,No festival
2023-11-15,HYD,Hyderabad,26.81,0.0,48.82,96.5,False,False,No festival
2023-11-15,KOL,Kolkata,24.02,0.0,67.43,187.03,False,False,No festival
2023-11-15,MUM,Mumbai,26.59,0.0,74.4,96.37,False,False,No festival
2023-11-15,PUN,Pune,26.4,0.0,62.1,95.08,False,False,No festival
2023-11-16,AMD,Ahmedabad,25.16,0.0,40.72,136.9,False,False,No festival
2023-11-16,BLR,Bengaluru,25.76,0.0,62.89,95.63,False,False,No festival
2023-11-16,CHE,Chennai,30.38,5.48,89.63,110.99,False,False,No festival
2023-11-16,DEL,Delhi NCR,19.95,0.0,46.12,278.35,False,False,No festival
2023-11-16,HYD,Hyderabad,25.33,0.0,54.46,111.97,False,False,No festival
2023-11-16,KOL,Kolkata,22.83,0.0,77.0,160.31,False,False,No festival
2023-11-16,MUM,Mumbai,24.25,0.0,77.76,151.28,False,False,No festival
2023-11-16,PUN,Pune,26.31,0.0,67.15,111.58,False,False,No festival
2023-11-17,AMD,Ahmedabad,21.5,0.0,57.16,169.01,False,False,No festival
2023-11-17,BLR,Bengaluru,24.71,0.0,65.79,105.8,False,False,No festival
2023-11-17,CHE,Chennai,25.81,0.0,79.9,121.22,False,False,No festival
2023-11-17,DEL,Delhi NCR,18.04,0.0,66.36,281.58,False,False,No festival
2023-11-17,HYD,Hyderabad,28.05,0.0,54.0,105.46,False,False,No festival
2023-11-17,KOL,Kolkata,23.77,0.0,59.88,151.21,False,False,No festival
2023-11-17,MUM,Mumbai,26.5,0.0,74.51,118.04,False,False,No festival
2023-11-17,PUN,Pune,24.43,0.0,58.99,120.56,False,False,No festival
2023-11-18,AMD,Ahmedabad,23.98,0.0,35.58,174.14,False,False,No festival
2023-11-18,BLR,Bengaluru,25.12,0.0,64.8,102.05,False,False,No festival
2023-11-18,CHE,Chennai,26.2,0.0,82.24,104.5,False,False,No festival
2023-11-18,DEL,Delhi NCR,20.81,0.0,53.85,284.72,False,False,No festival
2023-11-18,HYD,Hyderabad,26.29,0.0,58.46,124.81,False,False,No festival
2023-11-18,KOL,Kolkata,22.95,0.0,70.54,176.65,False,False,No festival
2023-11-18,MUM,Mumbai,20.92,0.0,73.29,100.1,False,False,No festival
2023-11-18,PUN,Pune,25.97,0.0,58.16,92.53,False,False,No festival
2023-11-19,AMD,Ahmedabad,23.32,0.0,40.43,135.65,False,False,No festival
2023-11-19,BLR,Bengaluru,23.6,0.0,59.33,111.77,False,False,No festival
2023-11-19,CHE,Chennai,28.76,13.8,79.47,127.12,False,False,No festival
2023-11-19,DEL,Delhi NCR,20.68,0.0,59.08,262.05,False,False,No festival
2023-11-19,HYD,Hyderabad,24.33,0.0,55.72,106.17,False,False,No festival
2023-11-19,KOL,Kolkata,23.41,31.67,84.14,155.48,False,False,No festival
2023-11-19,MUM,Mumbai,26.51,0.0,57.26,169.9,False,False,No festival
2023-11-19,PUN,Pune,24.07,0.0,54.08,143.11,False,False,No festival
2023-11-20,AMD,Ahmedabad,23.48,0.0,50.06,124.1,False,False,No festival
2023-11-20,BLR,Bengaluru,23.34,0.0,62.44,85.21,False,False,No festival
2023-11-20,CHE,Chennai,27.18,17.94,81.14,126.61,False,False,No festival
2023-11-20,DEL,Delhi NCR,20.5,0.0,58.97,258.97,False,False,No festival
2023-11-20,HYD,Hyderabad,24.69,0.0,58.38,131.03,False,False,No festival
2023-11-20,KOL,Kolkata,23.96,0.0,74.01,140.22,False,False,No festival
2023-11-20,MUM,Mumbai,29.3,0.0,75.93,114.19,False,False,No festival
2023-11-20,PUN,Pune,23.68,0.0,61.41,102.07,False,False,No festival
2023-11-21,AMD,Ahmedabad,26.21,0.0,43.84,178.91,False,False,No festival
2023-11-21,BLR,Bengaluru,22.86,0.0,64.17,99.99,False,False,No festival
2023-11-21,CHE,Chennai,29.29,7.87,86.46,145.94,False,False,No festival
2023-11-21,DEL,Delhi NCR,21.56,0.0,59.71,234.27,False,False,No festival
2023-11-21,HYD,Hyderabad,23.58,0.0,67.82,122.43,False,False,No festival
2023-11-21,KOL,Kolkata,24.55,0.0,66.1,163.99,False,False,No festival
2023-11-21,MUM,Mumbai,22.59,0.0,68.36,87.61,False,False,No festival
2023-11-21,PUN,Pune,24.64,0.0,65.45,84.29,False,False,No festival
2023-11-22,AMD,Ahmedabad,22.41,0.0,48.13,135.75,False,False,No festival
2023-11-22,BLR,Bengaluru,25.89,0.0,66.78,114.57,False,False,No festival
2023-11-22,CHE,Chennai,30.68,3.23,89.29,120.61,False,False,No festival
2023-11-22,DEL,Delhi NCR,17.35,0.0,52.43,278.97,False,False,No festival
2023-11-22,HYD,Hyderabad,26.41,0.0,58.93,93.16,False,False,No festival
2023-11-22,KOL,Kolkata,24.97,0.0,72.77,142.23,False,False,No festival
2023-11-22,MUM,Mumbai,26.08,0.0,67.93,111.38,False,False,No festival
2023-11-22,PUN,Pune,24.95,0.0,67.24,128.8,False,False,No festival
2023-11-23,AMD,Ahmedabad,24.82,0.0,49.08,134.96,False,False,No festival
2023-11-23,BLR,Bengaluru,24.61,0.0,59.92,85.08,False,False,No festival
2023-11-23,CHE,Chennai,29.02,4.9,92.12,101.91,False,False,No festival
2023-11-23,DEL,Delhi NCR,20.35,0.0,62.8,294.0,False,False,No festival
2023-11-23,HYD,Hyderabad,25.59,0.0,52.04,112.42,False,False,No festival
2023-11-23,KOL,Kolkata,23.45,0.0,65.61,135.35,False,False,No festival
2023-11-23,MUM,Mumbai,24.77,0.0,74.68,124.82,False,False,No festival
2023-11-23,PUN,Pune,26.54,0.0,64.46,115.86,False,False,No festival
2023-11-24,AMD,Ahmedabad,23.76,0.0,51.52,184.47,False,False,No festival
2023-11-24,BLR,Bengaluru,24.51,13.01,82.19,84.61,False,False,No festival
2023-11-24,CHE,Chennai,26.96,3.69,91.83,86.46,False,False,No festival
2023-11-24,DEL,Delhi NCR,23.27,0.0,47.03,307.09,False,False,No festival
2023-11-24,HYD,Hyderabad,25.29,9.19,63.08,110.56,False,False,No festival
2023-11-24,KOL,Kolkata,25.96,0.69,82.81,167.86,False,False,No festival
2023-11-24,MUM,Mumbai,24.16,0.0,62.08,149.04,False,False,No festival
2023-11-24,PUN,Pune,22.95,0.0,55.63,104.54,False,False,No festival
2023-11-25,AMD,Ahmedabad,22.72,0.0,35.81,122.94,False,False,No festival
2023-11-25,BLR,Bengaluru,22.0,0.0,65.41,100.47,False,False,No festival
2023-11-25,CHE,Chennai,28.06,0.0,81.1,132.99,False,False,No festival
2023-11-25,DEL,Delhi NCR,20.4,0.0,61.2,310.72,False,False,No festival
2023-11-25,HYD,Hyderabad,26.5,0.0,64.04,95.86,False,False,No festival
2023-11-25,KOL,Kolkata,25.49,0.0,65.56,136.34,False,False,No festival
2023-11-25,MUM,Mumbai,26.35,0.0,80.78,140.51,False,False,No festival
2023-11-25,PUN,Pune,23.11,0.0,62.93,75.45,False,False,No festival
2023-11-26,AMD,Ahmedabad,21.16,0.0,53.78,160.41,False,False,No festival
2023-11-26,BLR,Bengaluru,26.52,0.0,62.35,71.33,False,False,No festival
2023-11-26,CHE,Chennai,27.09,0.63,91.69,137.97,False,False,No festival
2023-11-26,DEL,Delhi NCR,19.22,0.0,46.2,306.44,False,False,No festival
2023-11-26,HYD,Hyderabad,23.93,0.0,58.18,113.72,False,False,No festival
2023-11-26,KOL,Kolkata,22.89,0.0,58.37,123.76,False,False,No festival
2023-11-26,MUM,Mumbai,26.68,0.0,70.88,111.61,False,False,No festival
2023-11-26,PUN,Pune,24.8,0.0,62.97,71.19,False,False,No festival
2023-11-27,AMD,Ahmedabad,26.39,0.0,47.69,126.82,False,False,No festival
2023-11-27,BLR,Bengaluru,23.55,0.0,61.57,109.46,False,False,No festival
2023-11-27,CHE,Chennai,27.08,15.2,88.55,102.84,False,False,No festival
2023-11-27,DEL,Delhi NCR,19.29,0.0,51.13,310.13,False,False,No festival
2023-11-27,HYD,Hyderabad,22.47,0.0,57.89,123.68,False,False,No festival
2023-11-27,KOL,Kolkata,23.32,0.0,67.64,147.67,False,False,No festival
2023-11-27,MUM,Mumbai,26.63,0.0,78.23,110.51,False,False,No festival
2023-11-27,PUN,Pune,27.9,0.0,58.01,156.93,False,False,No festival
2023-11-28,AMD,Ahmedabad,20.96,0.0,38.26,140.1,False,False,No festival
2023-11-28,BLR,Bengaluru,25.18,0.0,56.53,105.81,False,False,No festival
2023-11-28,CHE,Chennai,28.32,32.23,84.67,139.29,False,False,No festival
2023-11-28,DEL,Delhi NCR,18.54,0.0,61.73,310.75,False,False,No festival
2023-11-28,HYD,Hyderabad,24.52,1.08,63.16,100.65,False,False,No festival
2023-11-28,KOL,Kolkata,25.61,0.0,67.58,160.15,False,False,No festival
2023-11-28,MUM,Mumbai,28.68,0.0,80.77,128.3,False,False,No festival
2023-11-28,PUN,Pune,26.23,0.0,57.57,109.86,False,False,No festival
2023-11-29,AMD,Ahmedabad,23.79,0.0,41.35,105.51,False,False,No festival
2023-11-29,BLR,Bengaluru,22.24,11.4,83.4,64.75,False,False,No festival
2023-11-29,CHE,Chennai,29.27,3.28,82.13,157.68,False,False,No festival
2023-11-29,DEL,Delhi NCR,23.32,0.0,56.04,285.24,False,False,No festival
2023-11-29,HYD,Hyderabad,24.79,0.0,57.71,124.37,False,False,No festival
2023-11-29,KOL,Kolkata,24.69,0.0,67.62,145.5,False,False,No festival
2023-11-29,MUM,Mumbai,26.24,0.0,77.74,106.97,False,False,No festival
2023-11-29,PUN,Pune,22.06,0.0,59.89,112.65,False,False,No festival
2023-11-30,AMD,Ahmedabad,24.07,0.0,46.22,93.63,False,False,No festival
2023-11-30,BLR,Bengaluru,23.6,0.0,65.11,104.36,False,False,No festival
2023-11-30,CHE,Chennai,25.57,2.65,91.65,121.23,False,False,No festival
2023-11-30,DEL,Delhi NCR,19.46,0.0,53.58,272.52,False,False,No festival
2023-11-30,HYD,Hyderabad,27.1,0.0,57.56,139.36,False,False,No festival
2023-11-30,KOL,Kolkata,24.54,0.0,68.33,148.16,False,False,No festival
2023-11-30,MUM,Mumbai,27.58,0.0,65.49,149.9,False,False,No festival
2023-11-30,PUN,Pune,22.29,0.0,60.84,116.13,False,False,No festival
2023-12-01,AMD,Ahmedabad,20.19,0.0,47.68,130.78,False,False,No festival
2023-12-01,BLR,Bengaluru,22.42,0.0,65.09,70.83,False,False,No festival
2023-12-01,CHE,Chennai,28.19,0.0,72.43,121.53,False,False,No festival
2023-12-01,DEL,Delhi NCR,19.45,0.0,50.31,302.16,False,False,No festival
2023-12-01,HYD,Hyderabad,24.43,0.0,59.08,149.86,False,False,No festival
2023-12-01,KOL,Kolkata,24.19,0.0,76.47,105.35,False,False,No festival
2023-12-01,MUM,Mumbai,27.41,0.0,74.63,82.93,False,False,No festival
2023-12-01,PUN,Pune,24.11,0.0,58.71,92.0,False,False,No festival
2023-12-02,AMD,Ahmedabad,26.85,0.0,47.94,139.88,False,False,No festival
2023-12-02,BLR,Bengaluru,22.55,0.0,62.25,92.03,False,False,No festival
2023-12-02,CHE,Chennai,27.8,0.0,76.6,114.8,False,False,No festival
2023-12-02,DEL,Delhi NCR,20.59,0.0,49.35,258.66,False,False,No festival
2023-12-02,HYD,Hyderabad,24.45,0.0,68.13,97.25,False,False,No festival
2023-12-02,KOL,Kolkata,24.03,0.0,79.11,181.11,False,False,No festival
2023-12-02,MUM,Mumbai,22.91,0.0,72.92,166.64,False,False,No festival
2023-12-02,PUN,Pune,20.63,0.0,70.1,125.28,False,False,No festival
2023-12-03,AMD,Ahmedabad,25.71,0.0,42.81,173.85,False,False,No festival
2023-12-03,BLR,Bengaluru,21.2,0.0,60.16,109.77,False,False,No festival
2023-12-03,CHE,Chennai,27.08,0.0,85.62,140.42,False,False,No festival
2023-12-03,DEL,Delhi NCR,21.72,0.0,49.4,274.07,False,False,No festival
2023-12-03,HYD,Hyderabad,30.74,0.0,58.46,146.58,False,False,No festival
2023-12-03,KOL,Kolkata,25.2,0.0,71.88,143.21,False,False,No festival
2023-12-03,MUM,Mumbai,23.32,0.0,70.29,119.55,False,False,No festival
2023-12-03,PUN,Pune,22.13,0.0,63.23,114.19,False,False,No festival
2023-12-04,AMD,Ahmedabad,22.14,0.0,43.44,99.09,False,False,No festival
2023-12-04,BLR,Bengaluru,28.23,0.0,75.81,77.66,False,False,No festival
2023-12-04,CHE,Chennai,29.34,0.0,75.13,101.87,False,False,No festival
2023-12-04,DEL,Delhi NCR,19.2,0.0,55.59,266.87,False,False,No festival
2023-12-04,HYD,Hyderabad,23.83,0.0,60.59,141.78,False,False,No festival
2023-12-04,KOL,Kolkata,25.78,0.0,65.2,164.69,False,False,No festival
2023-12-04,MUM,Mumbai,26.21,0.0,73.84,147.47,False,False,No festival
2023-12-04,PUN,Pune,22.35,0.0,62.88,103.25,False,False,No festival
2023-12-05,AMD,Ahmedabad,21.39,0.0,53.3,149.36,False,False,No festival
2023-12-05,BLR,Bengaluru,24.92,0.0,74.96,98.61,False,False,No festival
2023-12-05,CHE,Chennai,24.78,0.0,80.39,98.28,False,False,No festival
2023-12-05,DEL,Delhi NCR,21.16,0.0,53.19,298.37,False,False,No festival
2023-12-05,HYD,Hyderabad,26.63,0.0,50.81,108.14,False,False,No festival
2023-12-05,KOL,Kolkata,25.2,0.0,76.4,113.15,False,False,No festival
2023-12-05,MUM,Mumbai,25.95,0.0,76.88,119.93,False,False,No festival
2023-12-05,PUN,Pune,28.29,0.0,63.39,112.29,False,False,No festival
2023-12-06,AMD,Ahmedabad,25.07,0.0,49.61,138.51,False,False,No festival
2023-12-06,BLR,Bengaluru,20.36,0.0,65.64,81.65,False,False,No festival
2023-12-06,CHE,Chennai,26.26,0.0,71.75,135.05,False,False,No festival
2023-12-06,DEL,Delhi NCR,17.0,0.0,54.96,327.42,False,False,No festival
2023-12-06,HYD,Hyderabad,24.71,0.0,53.03,114.15,False,False,No festival
2023-12-06,KOL,Kolkata,24.21,0.0,78.43,133.05,False,False,No festival
2023-12-06,MUM,Mumbai,29.9,0.0,68.91,88.22,False,False,No festival
2023-12-06,PUN,Pune,21.6,0.0,66.77,143.03,False,False,No festival
2023-12-07,AMD,Ahmedabad,24.78,0.0,49.63,129.23,False,False,No festival
2023-12-07,BLR,Bengaluru,23.95,0.0,69.84,130.95,False,False,No festival
2023-12-07,CHE,Chennai,27.99,0.0,82.69,114.36,False,False,No festival
2023-12-07,DEL,Delhi NCR,23.36,0.0,53.39,280.59,False,False,No festival
2023-12-07,HYD,Hyderabad,24.58,0.0,49.1,109.67,False,False,No festival
2023-12-07,KOL,Kolkata,26.23,1.53,76.08,177.83,False,False,No festival
2023-12-07,MUM,Mumbai,28.26,0.0,64.15,135.94,False,False,No festival
2023-12-07,PUN,Pune,22.9,0.0,56.1,93.22,False,False,No festival
2023-12-08,AMD,Ahmedabad,22.54,0.0,43.95,155.22,False,False,No festival
2023-12-08,BLR,Bengaluru,25.02,0.0,62.92,116.23,False,False,No festival
2023-12-08,CHE,Chennai,26.05,0.0,65.58,136.63,False,False,No festival
2023-12-08,DEL,Delhi NCR,16.91,0.0,57.19,249.68,False,False,No festival
2023-12-08,HYD,Hyderabad,20.64,0.0,54.98,136.91,False,False,No festival
2023-12-08,KOL,Kolkata,26.5,0.0,68.07,144.87,False,False,No festival
2023-12-08,MUM,Mumbai,26.86,0.0,57.93,122.8,False,False,No festival
2023-12-08,PUN,Pune,23.3,0.0,55.79,87.59,False,False,No festival
2023-12-09,AMD,Ahmedabad,24.81,0.0,38.4,146.59,False,False,No festival
2023-12-09,BLR,Bengaluru,23.6,0.0,67.31,66.52,False,False,No festival
2023-12-09,CHE,Chennai,23.33,0.0,74.75,102.18,False,False,No festival
2023-12-09,DEL,Delhi NCR,21.33,0.0,51.62,273.54,False,False,No festival
2023-12-09,HYD,Hyderabad,24.98,0.0,59.08,111.12,False,False,No festival
2023-12-09,KOL,Kolkata,22.66,16.71,79.35,129.76,False,False,No festival
2023-12-09,MUM,Mumbai,25.05,0.0,72.59,133.3,False,False,No festival
2023-12-09,PUN,Pune,25.07,0.0,62.51,77.65,False,False,No festival
2023-12-10,AMD,Ahmedabad,24.22,0.0,45.89,130.35,False,False,No festival
2023-12-10,BLR,Bengaluru,27.35,0.0,57.35,93.62,False,False,No festival
2023-12-10,CHE,Chennai,27.48,0.0,71.33,106.18,False,False,No festival
2023-12-10,DEL,Delhi NCR,20.6,0.0,60.52,283.78,False,False,No festival
2023-12-10,HYD,Hyderabad,26.48,0.0,58.11,112.79,False,False,No festival
2023-12-10,KOL,Kolkata,26.21,0.0,68.44,171.95,False,False,No festival
2023-12-10,MUM,Mumbai,27.69,0.0,70.01,137.85,False,False,No festival
2023-12-10,PUN,Pune,29.56,0.0,56.77,43.87,False,False,No festival
2023-12-11,AMD,Ahmedabad,22.85,0.0,41.9,122.22,False,False,No festival
2023-12-11,BLR,Bengaluru,23.13,0.0,68.52,95.64,False,False,No festival
2023-12-11,CHE,Chennai,29.39,0.0,74.25,79.52,False,False,No festival
2023-12-11,DEL,Delhi NCR,19.49,0.0,51.85,287.64,False,False,No festival
2023-12-11,HYD,Hyderabad,29.3,0.0,56.42,77.76,False,False,No festival
2023-12-11,KOL,Kolkata,23.59,0.0,66.15,154.47,False,False,No festival
2023-12-11,MUM,Mumbai,26.24,0.0,77.16,107.47,False,False,No festival
2023-12-11,PUN,Pune,23.86,0.0,57.45,88.72,False,False,No festival
2023-12-12,AMD,Ahmedabad,24.35,0.0,49.02,131.91,False,False,No festival
2023-12-12,BLR,Bengaluru,21.58,0.0,65.21,121.58,False,False,No festival
2023-12-12,CHE,Chennai,30.5,0.0,72.08,86.75,False,False,No festival
2023-12-12,DEL,Delhi NCR,19.6,0.0,57.35,287.61,False,False,No festival
2023-12-12,HYD,Hyderabad,22.61,0.0,59.47,155.04,False,False,No festival
2023-12-12,KOL,Kolkata,23.29,0.0,72.78,139.59,False,False,No festival
2023-12-12,MUM,Mumbai,27.14,0.0,64.71,80.12,False,False,No festival
2023-12-12,PUN,Pune,21.46,0.0,63.72,86.08,False,False,No festival
2023-12-13,AMD,Ahmedabad,22.07,0.0,53.14,131.55,False,False,No festival
2023-12-13,BLR,Bengaluru,22.56,0.0,59.02,105.07,False,False,No festival
2023-12-13,CHE,Chennai,26.31,3.87,75.76,89.8,False,False,No festival
2023-12-13,DEL,Delhi NCR,22.01,0.0,57.3,297.4,False,False,No festival
2023-12-13,HYD,Hyderabad,24.49,0.0,58.1,120.93,False,False,No festival
2023-12-13,KOL,Kolkata,26.05,0.0,68.73,132.9,False,False,No festival
2023-12-13,MUM,Mumbai,26.04,0.0,75.59,108.03,False,False,No festival
2023-12-13,PUN,Pune,23.65,0.0,71.66,100.0,False,False,No festival
2023-12-14,AMD,Ahmedabad,27.19,0.0,53.55,122.43,False,False,No festival
2023-12-14,BLR,Bengaluru,26.41,0.0,62.47,73.19,False,False,No festival
2023-12-14,CHE,Chennai,29.13,0.0,75.51,156.04,False,False,No festival
2023-12-14,DEL,Delhi NCR,18.85,0.0,59.86,262.19,False,False,No festival
2023-12-14,HYD,Hyderabad,23.78,0.0,62.68,130.63,False,False,No festival
2023-12-14,KOL,Kolkata,23.33,0.0,76.19,154.63,False,False,No festival
2023-12-14,MUM,Mumbai,23.22,0.0,66.74,141.71,False,False,No festival
2023-12-14,PUN,Pune,27.58,0.0,62.13,85.98,False,False,No festival
2023-12-15,AMD,Ahmedabad,23.23,0.0,48.14,181.0,False,False,No festival
2023-12-15,BLR,Bengaluru,26.2,0.0,71.86,96.8,False,False,No festival
2023-12-15,CHE,Chennai,27.82,0.0,71.5,124.78,False,False,No festival
2023-12-15,DEL,Delhi NCR,24.8,0.0,54.85,286.85,False,False,No festival
2023-12-15,HYD,Hyderabad,24.64,0.0,67.58,104.86,False,False,No festival
2023-12-15,KOL,Kolkata,23.57,0.0,69.69,199.85,False,False,No festival
2023-12-15,MUM,Mumbai,22.88,0.0,81.42,140.98,False,False,No festival
2023-12-15,PUN,Pune,24.04,0.0,53.65,132.18,False,False,No festival
2023-12-16,AMD,Ahmedabad,23.8,0.0,42.27,144.01,False,False,No festival
2023-12-16,BLR,Bengaluru,24.31,0.0,62.6,78.68,False,False,No festival
2023-12-16,CHE,Chennai,25.85,0.0,75.16,101.63,False,False,No festival
2023-12-16,DEL,Delhi NCR,21.98,0.0,49.95,295.59,False,False,No festival
2023-12-16,HYD,Hyderabad,25.42,0.0,59.07,156.27,False,False,No festival
2023-12-16,KOL,Kolkata,23.84,0.0,69.9,173.43,False,False,No festival
2023-12-16,MUM,Mumbai,25.69,0.0,67.21,121.49,False,False,No festival
2023-12-16,PUN,Pune,26.15,0.0,50.8,116.4,False,False,No festival
2023-12-17,AMD,Ahmedabad,24.96,0.0,52.92,96.07,False,False,No festival
2023-12-17,BLR,Bengaluru,25.7,0.0,58.59,116.94,False,False,No festival
2023-12-17,CHE,Chennai,28.71,0.0,79.5,85.39,False,False,No festival
2023-12-17,DEL,Delhi NCR,18.34,0.0,55.77,272.59,False,False,No festival
2023-12-17,HYD,Hyderabad,26.57,0.0,54.86,125.77,False,False,No festival
2023-12-17,KOL,Kolkata,23.96,0.0,78.39,136.72,False,False,No festival
2023-12-17,MUM,Mumbai,29.22,0.0,68.34,123.21,False,False,No festival
2023-12-17,PUN,Pune,23.84,13.86,68.27,58.97,False,False,No festival
2023-12-18,AMD,Ahmedabad,27.26,0.0,36.14,118.31,False,False,No festival
2023-12-18,BLR,Bengaluru,22.41,0.0,69.15,120.1,False,False,No festival
2023-12-18,CHE,Chennai,30.02,0.0,70.97,135.27,False,False,No festival
2023-12-18,DEL,Delhi NCR,20.59,0.0,57.22,271.64,False,False,No festival
2023-12-18,HYD,Hyderabad,26.57,0.0,52.57,134.49,False,False,No festival
2023-12-18,KOL,Kolkata,26.27,0.0,69.16,131.14,False,False,No festival
2023-12-18,MUM,Mumbai,28.27,0.0,76.95,95.73,False,False,No festival
2023-12-18,PUN,Pune,24.55,0.0,53.56,77.03,False,False,No festival
2023-12-19,AMD,Ahmedabad,24.37,0.0,51.38,139.41,False,False,No festival
2023-12-19,BLR,Bengaluru,24.18,0.0,65.53,118.56,False,False,No festival
2023-12-19,CHE,Chennai,29.1,0.0,68.22,112.58,False,False,No festival
2023-12-19,DEL,Delhi NCR,19.54,0.0,51.23,311.69,False,False,No festival
2023-12-19,HYD,Hyderabad,23.51,0.0,66.91,94.48,False,False,No festival
2023-12-19,KOL,Kolkata,27.48,0.0,63.89,139.27,False,False,No festival
2023-12-19,MUM,Mumbai,26.76,0.0,73.18,85.34,False,False,No festival
2023-12-19,PUN,Pune,22.02,0.0,63.09,106.37,False,False,No festival
2023-12-20,AMD,Ahmedabad,22.63,0.0,52.37,171.96,False,False,No festival
2023-12-20,BLR,Bengaluru,24.04,0.0,76.29,112.27,False,False,No festival
2023-12-20,CHE,Chennai,24.68,0.0,76.56,124.99,False,False,No festival
2023-12-20,DEL,Delhi NCR,24.19,0.0,48.92,303.54,False,False,No festival
2023-12-20,HYD,Hyderabad,26.87,0.0,54.24,136.66,False,False,No festival
2023-12-20,KOL,Kolkata,22.23,0.0,57.71,160.26,False,False,No festival
2023-12-20,MUM,Mumbai,27.39,0.0,77.45,95.8,False,False,No festival
2023-12-20,PUN,Pune,24.34,0.0,58.75,97.43,False,False,No festival
2023-12-21,AMD,Ahmedabad,25.31,0.0,51.84,131.37,False,False,No festival
2023-12-21,BLR,Bengaluru,23.26,0.0,49.48,106.15,False,False,No festival
2023-12-21,CHE,Chennai,27.57,0.0,69.81,113.88,False,False,No festival
2023-12-21,DEL,Delhi NCR,21.96,0.0,49.4,319.38,False,False,No festival
2023-12-21,HYD,Hyderabad,27.56,0.0,55.33,98.79,False,False,No festival
2023-12-21,KOL,Kolkata,25.37,0.0,75.82,145.29,False,False,No festival
2023-12-21,MUM,Mumbai,27.57,0.0,75.9,127.14,False,False,No festival
2023-12-21,PUN,Pune,21.44,0.0,65.83,107.84,False,False,No festival
2023-12-22,AMD,Ahmedabad,26.75,0.0,44.46,111.54,False,False,No festival
2023-12-22,BLR,Bengaluru,25.55,0.0,71.19,62.74,False,False,No festival
2023-12-22,CHE,Chennai,25.83,6.52,93.61,132.73,False,False,No festival
2023-12-22,DEL,Delhi NCR,17.84,0.0,62.32,289.35,False,False,No festival
2023-12-22,HYD,Hyderabad,24.64,9.96,72.24,131.13,False,False,No festival
2023-12-22,KOL,Kolkata,21.83,0.0,81.52,115.34,False,False,No festival
2023-12-22,MUM,Mumbai,26.71,0.0,65.38,127.03,False,False,No festival
2023-12-22,PUN,Pune,26.96,0.0,56.09,117.0,False,False,No festival
2023-12-23,AMD,Ahmedabad,26.6,0.0,47.45,145.43,False,True,Christmas
2023-12-23,BLR,Bengaluru,26.81,0.0,62.41,82.86,False,True,Christmas
2023-12-23,CHE,Chennai,25.97,0.0,78.91,86.26,False,True,Christmas
2023-12-23,DEL,Delhi NCR,20.71,0.0,56.05,266.52,False,True,Christmas
2023-12-23,HYD,Hyderabad,22.94,6.92,72.62,150.71,False,True,Christmas
2023-12-23,KOL,Kolkata,25.72,0.0,61.87,131.08,False,True,Christmas
2023-12-23,MUM,Mumbai,27.78,0.0,73.73,129.88,False,True,Christmas
2023-12-23,PUN,Pune,24.94,0.0,63.23,143.18,False,True,Christmas
2023-12-24,AMD,Ahmedabad,26.06,0.0,49.54,118.94,False,True,Christmas
2023-12-24,BLR,Bengaluru,24.1,0.0,66.13,106.68,False,True,Christmas
2023-12-24,CHE,Chennai,28.35,0.0,72.83,120.13,False,True,Christmas
2023-12-24,DEL,Delhi NCR,20.07,0.0,49.39,287.79,False,True,Christmas
2023-12-24,HYD,Hyderabad,28.72,0.0,50.5,134.67,False,True,Christmas
2023-12-24,KOL,Kolkata,28.06,0.0,68.16,79.48,False,True,Christmas
2023-12-24,MUM,Mumbai,26.57,0.0,71.27,101.58,False,True,Christmas
2023-12-24,PUN,Pune,27.4,0.0,56.63,86.02,False,True,Christmas
2023-12-25,AMD,Ahmedabad,26.93,0.0,48.36,123.55,False,True,Christmas
2023-12-25,BLR,Bengaluru,26.73,0.0,63.73,105.5,False,True,Christmas
2023-12-25,CHE,Chennai,30.32,0.0,76.66,77.09,False,True,Christmas
2023-12-25,DEL,Delhi NCR,22.41,0.0,58.48,292.84,False,True,Christmas
2023-12-25,HYD,Hyderabad,24.38,0.0,51.48,125.09,False,True,Christmas
2023-12-25,KOL,Kolkata,26.27,16.42,81.65,128.07,False,True,Christmas
2023-12-25,MUM,Mumbai,23.73,0.0,72.33,151.59,False,True,Christmas
2023-12-25,PUN,Pune,24.7,0.0,58.5,115.91,False,True,Christmas
2023-12-26,AMD,Ahmedabad,27.63,0.0,38.98,126.92,False,True,Christmas
2023-12-26,BLR,Bengaluru,22.76,0.0,59.66,129.54,False,True,Christmas
2023-12-26,CHE,Chennai,29.51,12.21,87.44,71.97,False,True,Christmas
2023-12-26,DEL,Delhi NCR,22.56,0.0,42.17,257.2,False,True,Christmas
2023-12-26,HYD,Hyderabad,23.51,0.0,58.09,143.33,False,True,Christmas
2023-12-26,KOL,Kolkata,25.89,0.0,77.52,100.57,False,True,Christmas
2023-12-26,MUM,Mumbai,26.36,13.68,85.15,92.77,False,True,Christmas
2023-12-26,PUN,Pune,27.67,0.0,56.24,104.44,False,True,Christmas
2023-12-27,AMD,Ahmedabad,23.93,0.0,41.77,117.97,False,False,No festival
2023-12-27,BLR,Bengaluru,24.66,0.0,63.03,106.44,False,False,No festival
2023-12-27,CHE,Chennai,30.49,0.0,69.64,120.08,False,False,No festival
2023-12-27,DEL,Delhi NCR,24.41,0.0,50.61,281.85,False,False,No festival
2023-12-27,HYD,Hyderabad,27.3,0.0,60.14,112.01,False,False,No festival
2023-12-27,KOL,Kolkata,25.48,0.0,70.49,166.79,False,False,No festival
2023-12-27,MUM,Mumbai,28.4,0.0,70.02,147.43,False,False,No festival
2023-12-27,PUN,Pune,24.58,0.0,65.61,112.67,False,False,No festival
2023-12-28,AMD,Ahmedabad,25.42,0.0,47.24,111.8,False,False,No festival
2023-12-28,BLR,Bengaluru,25.79,0.0,56.96,122.89,False,False,No festival
2023-12-28,CHE,Chennai,28.64,0.0,77.25,130.52,False,False,No festival
2023-12-28,DEL,Delhi NCR,19.07,0.0,55.08,293.77,False,False,No festival
2023-12-28,HYD,Hyderabad,26.95,0.0,61.72,111.27,False,False,No festival
2023-12-28,KOL,Kolkata,25.57,0.0,70.76,111.15,False,False,No festival
2023-12-28,MUM,Mumbai,26.98,0.0,79.29,104.12,False,False,No festival
2023-12-28,PUN,Pune,23.58,0.0,53.65,113.15,False,False,No festival
2023-12-29,AMD,Ahmedabad,25.35,0.0,46.97,95.78,False,False,No festival
2023-12-29,BLR,Bengaluru,20.27,0.0,68.81,123.95,False,False,No festival
2023-12-29,CHE,Chennai,29.97,16.12,79.47,92.43,False,False,No festival
2023-12-29,DEL,Delhi NCR,23.86,0.0,55.34,268.83,False,False,No festival
2023-12-29,HYD,Hyderabad,27.11,0.0,52.95,83.01,False,False,No festival
2023-12-29,KOL,Kolkata,23.48,0.0,70.51,163.97,False,False,No festival
2023-12-29,MUM,Mumbai,24.95,0.0,67.41,150.26,False,False,No festival
2023-12-29,PUN,Pune,23.55,0.0,52.62,72.84,False,False,No festival
2023-12-30,AMD,Ahmedabad,28.85,0.0,43.51,128.43,False,False,No festival
2023-12-30,BLR,Bengaluru,22.72,0.0,66.56,84.14,False,False,No festival
2023-12-30,CHE,Chennai,29.11,0.0,72.32,110.87,False,False,No festival
2023-12-30,DEL,Delhi NCR,22.75,0.0,54.94,285.85,False,False,No festival
2023-12-30,HYD,Hyderabad,23.32,0.0,63.7,97.11,False,False,No festival
2023-12-30,KOL,Kolkata,27.55,0.0,69.96,171.98,False,False,No festival
2023-12-30,MUM,Mumbai,30.43,0.0,72.05,110.72,False,False,No festival
2023-12-30,PUN,Pune,25.63,0.0,58.8,110.39,False,False,No festival
2023-12-31,AMD,Ahmedabad,23.34,0.0,47.62,112.6,False,False,No festival
2023-12-31,BLR,Bengaluru,25.33,0.0,73.17,100.53,False,False,No festival
2023-12-31,CHE,Chennai,30.35,0.0,75.95,112.81,False,False,No festival
2023-12-31,DEL,Delhi NCR,22.59,0.0,56.38,304.29,False,False,No festival
2023-12-31,HYD,Hyderabad,26.82,0.0,59.45,136.83,False,False,No festival
2023-12-31,KOL,Kolkata,26.5,0.0,63.01,129.47,False,False,No festival
2023-12-31,MUM,Mumbai,25.92,0.0,76.48,108.98,False,False,No festival
2023-12-31,PUN,Pune,24.04,0.0,53.2,69.07,False,False,No festival
2024-01-01,AMD,Ahmedabad,23.77,0.0,49.86,114.2,False,False,No festival
2024-01-01,BLR,Bengaluru,24.72,0.0,70.0,122.88,False,False,No festival
2024-01-01,CHE,Chennai,27.31,0.0,73.18,94.1,False,False,No festival
2024-01-01,DEL,Delhi NCR,25.97,0.0,40.83,305.34,False,False,No festival
2024-01-01,HYD,Hyderabad,27.2,0.0,65.85,162.67,False,False,No festival
2024-01-01,KOL,Kolkata,30.14,0.0,69.46,181.63,False,False,No festival
2024-01-01,MUM,Mumbai,26.5,0.0,74.09,131.31,False,False,No festival
2024-01-01,PUN,Pune,24.19,0.0,65.23,103.41,False,False,No festival
2024-01-02,AMD,Ahmedabad,30.19,0.0,52.88,174.87,False,False,No festival
2024-01-02,BLR,Bengaluru,22.57,0.0,55.01,110.97,False,False,No festival
2024-01-02,CHE,Chennai,24.71,0.0,78.2,128.16,False,False,No festival
2024-01-02,DEL,Delhi NCR,22.55,1.2,64.19,326.25,False,False,No festival
2024-01-02,HYD,Hyderabad,27.39,0.0,52.46,128.46,False,False,No festival
2024-01-02,KOL,Kolkata,28.59,0.0,72.88,165.93,False,False,No festival
2024-01-02,MUM,Mumbai,29.26,0.0,56.12,131.65,False,False,No festival
2024-01-02,PUN,Pune,25.26,0.0,69.26,72.35,False,False,No festival
2024-01-03,AMD,Ahmedabad,26.12,0.0,41.65,132.75,False,False,No festival
2024-01-03,BLR,Bengaluru,22.66,0.0,56.19,100.72,False,False,No festival
2024-01-03,CHE,Chennai,28.18,0.0,76.61,74.87,False,False,No festival
2024-01-03,DEL,Delhi NCR,24.27,0.0,48.43,305.15,False,False,No festival
2024-01-03,HYD,Hyderabad,26.36,0.0,61.5,143.26,False,False,No festival
2024-01-03,KOL,Kolkata,25.37,0.0,70.78,136.76,False,False,No festival
2024-01-03,MUM,Mumbai,27.32,0.0,70.51,137.86,False,False,No festival
2024-01-03,PUN,Pune,24.81,0.0,62.69,127.13,False,False,No festival
2024-01-04,AMD,Ahmedabad,24.84,0.0,44.69,118.78,False,False,No festival
2024-01-04,BLR,Bengaluru,24.28,0.0,65.63,77.41,False,False,No festival
2024-01-04,CHE,Chennai,28.35,0.0,72.58,108.62,False,False,No festival
2024-01-04,DEL,Delhi NCR,28.1,0.0,52.01,286.67,False,False,No festival
2024-01-04,HYD,Hyderabad,25.88,0.0,57.0,172.76,False,False,No festival
2024-01-04,KOL,Kolkata,24.24,0.0,75.34,169.69,False,False,No festival
2024-01-04,MUM,Mumbai,28.8,14.48,86.36,99.43,False,False,No festival
2024-01-04,PUN,Pune,27.43,0.0,65.69,64.4,False,False,No festival
2024-01-05,AMD,Ahmedabad,26.97,0.0,49.96,101.21,False,False,No festival
2024-01-05,BLR,Bengaluru,23.24,0.0,62.01,102.47,False,False,No festival
2024-01-05,CHE,Chennai,31.2,0.0,80.74,124.62,False,False,No festival
2024-01-05,DEL,Delhi NCR,24.25,0.0,47.49,247.49,False,False,No festival
2024-01-05,HYD,Hyderabad,25.59,0.0,51.52,104.32,False,False,No festival
2024-01-05,KOL,Kolkata,28.22,0.0,64.31,118.99,False,False,No festival
2024-01-05,MUM,Mumbai,24.94,0.0,73.81,111.52,False,False,No festival
2024-01-05,PUN,Pune,28.62,0.0,69.61,58.41,False,False,No festival
2024-01-06,AMD,Ahmedabad,29.21,0.0,39.55,143.63,False,False,No festival
2024-01-06,BLR,Bengaluru,27.63,0.0,69.58,152.0,False,False,No festival
2024-01-06,CHE,Chennai,29.88,0.0,66.54,106.78,False,False,No festival
2024-01-06,DEL,Delhi NCR,23.19,0.0,46.84,274.87,False,False,No festival
2024-01-06,HYD,Hyderabad,27.9,0.0,53.67,160.57,False,False,No festival
2024-01-06,KOL,Kolkata,25.97,0.0,74.84,133.84,False,False,No festival
2024-01-06,MUM,Mumbai,24.81,0.0,75.12,107.08,False,False,No festival
2024-01-06,PUN,Pune,25.96,0.0,56.11,78.22,False,False,No festival
2024-01-07,AMD,Ahmedabad,28.3,0.0,48.33,125.19,False,False,No festival
2024-01-07,BLR,Bengaluru,25.86,0.0,68.84,74.9,False,False,No festival
2024-01-07,CHE,Chennai,30.71,0.0,73.74,113.56,False,False,No festival
2024-01-07,DEL,Delhi NCR,23.68,0.0,50.95,316.42,False,False,No festival
2024-01-07,HYD,Hyderabad,28.89,0.0,52.32,113.68,False,False,No festival
2024-01-07,KOL,Kolkata,25.04,0.0,69.69,157.41,False,False,No festival
2024-01-07,MUM,Mumbai,27.7,0.0,81.16,119.18,False,False,No festival
2024-01-07,PUN,Pune,26.59,0.0,55.55,75.91,False,False,No festival
2024-01-08,AMD,Ahmedabad,27.24,0.0,37.53,141.08,False,False,No festival
2024-01-08,BLR,Bengaluru,24.34,0.0,64.71,102.78,False,False,No festival
2024-01-08,CHE,Chennai,29.88,0.0,75.66,134.24,False,False,No festival
2024-01-08,DEL,Delhi NCR,24.1,0.0,48.7,283.55,False,False,No festival
2024-01-08,HYD,Hyderabad,26.9,0.0,51.93,131.62,False,False,No festival
2024-01-08,KOL,Kolkata,27.33,0.0,66.93,138.52,False,False,No festival
2024-01-08,MUM,Mumbai,28.48,0.0,84.81,136.95,False,False,No festival
2024-01-08,PUN,Pune,27.12,0.0,58.76,111.49,False,False,No festival
2024-01-09,AMD,Ahmedabad,26.84,0.0,45.18,108.51,False,False,No festival
2024-01-09,BLR,Bengaluru,25.95,0.0,61.35,97.08,False,False,No festival
2024-01-09,CHE,Chennai,28.16,0.0,78.82,84.01,False,False,No festival
2024-01-09,DEL,Delhi NCR,22.49,0.0,56.14,264.1,False,False,No festival
2024-01-09,HYD,Hyderabad,24.92,0.0,58.18,156.76,False,False,No festival
2024-01-09,KOL,Kolkata,26.33,0.0,65.45,135.44,False,False,No festival
2024-01-09,MUM,Mumbai,26.91,0.0,73.86,76.21,False,False,No festival
2024-01-09,PUN,Pune,27.95,0.0,46.94,96.24,False,False,No festival
2024-01-10,AMD,Ahmedabad,26.21,0.0,48.63,139.05,False,False,No festival
2024-01-10,BLR,Bengaluru,21.44,0.0,60.63,111.41,False,False,No festival
2024-01-10,CHE,Chennai,27.4,0.0,83.51,135.72,False,False,No festival
2024-01-10,DEL,Delhi NCR,24.42,0.0,56.79,305.27,False,False,No festival
2024-01-10,HYD,Hyderabad,28.59,0.0,55.15,55.55,False,False,No festival
2024-01-10,KOL,Kolkata,24.44,0.0,83.35,146.18,False,False,No festival
2024-01-10,MUM,Mumbai,29.12,0.0,68.11,159.43,False,False,No festival
2024-01-10,PUN,Pune,27.02,0.0,70.31,107.47,False,False,No festival
2024-01-11,AMD,Ahmedabad,29.54,0.0,39.45,143.92,False,False,No festival
2024-01-11,BLR,Bengaluru,23.41,0.0,70.82,106.4,False,False,No festival
2024-01-11,CHE,Chennai,33.0,0.0,68.54,139.16,False,False,No festival
2024-01-11,DEL,Delhi NCR,24.72,0.0,54.8,267.68,False,False,No festival
2024-01-11,HYD,Hyderabad,25.23,0.0,57.66,125.75,False,False,No festival
2024-01-11,KOL,Kolkata,27.6,0.0,71.04,171.99,False,False,No festival
2024-01-11,MUM,Mumbai,28.23,15.07,80.92,100.96,False,False,No festival
2024-01-11,PUN,Pune,26.58,0.0,52.14,103.58,False,False,No festival
2024-01-12,AMD,Ahmedabad,31.78,0.0,42.88,132.5,False,False,No festival
2024-01-12,BLR,Bengaluru,25.59,0.0,63.38,105.37,False,False,No festival
2024-01-12,CHE,Chennai,29.58,0.0,80.91,148.01,False,False,No festival
2024-01-12,DEL,Delhi NCR,28.28,0.0,56.51,300.66,False,False,No festival
2024-01-12,HYD,Hyderabad,26.49,0.0,51.19,122.54,False,False,No festival
2024-01-12,KOL,Kolkata,28.91,18.92,73.56,140.01,False,False,No festival
2024-01-12,MUM,Mumbai,26.49,0.0,75.21,113.57,False,False,No festival
2024-01-12,PUN,Pune,29.54,0.0,60.07,110.78,False,False,No festival
2024-01-13,AMD,Ahmedabad,29.1,0.0,43.18,166.65,False,False,No festival
2024-01-13,BLR,Bengaluru,26.38,0.0,55.66,126.25,False,False,No festival
2024-01-13,CHE,Chennai,28.94,31.9,92.03,148.88,False,False,No festival
2024-01-13,DEL,Delhi NCR,26.8,0.0,46.09,280.71,False,False,No festival
2024-01-13,HYD,Hyderabad,24.22,0.0,60.01,138.92,False,False,No festival
2024-01-13,KOL,Kolkata,24.31,0.0,72.13,151.38,False,False,No festival
2024-01-13,MUM,Mumbai,27.68,0.0,70.6,94.58,False,False,No festival
2024-01-13,PUN,Pune,27.33,0.0,59.29,100.97,False,False,No festival
2024-01-14,AMD,Ahmedabad,24.01,0.0,54.46,165.58,False,False,No festival
2024-01-14,BLR,Bengaluru,27.23,0.0,67.34,115.0,False,False,No festival
2024-01-14,CHE,Chennai,27.15,0.0,73.82,147.46,False,False,No festival
2024-01-14,DEL,Delhi NCR,24.75,0.0,47.99,254.84,False,False,No festival
2024-01-14,HYD,Hyderabad,25.81,0.0,54.5,104.33,False,False,No festival
2024-01-14,KOL,Kolkata,21.74,0.0,84.34,157.54,False,False,No festival
2024-01-14,MUM,Mumbai,27.44,0.0,76.34,182.29,False,False,No festival
2024-01-14,PUN,Pune,26.69,0.0,62.05,113.9,False,False,No festival
2024-01-15,AMD,Ahmedabad,27.74,0.0,39.26,119.75,False,False,No festival
2024-01-15,BLR,Bengaluru,26.88,0.0,62.15,107.7,False,False,No festival
2024-01-15,CHE,Chennai,29.59,0.0,82.36,127.9,False,False,No festival
2024-01-15,DEL,Delhi NCR,22.67,0.0,40.37,292.86,False,False,No festival
2024-01-15,HYD,Hyderabad,27.06,0.0,40.85,124.87,False,False,No festival
2024-01-15,KOL,Kolkata,24.95,0.0,81.1,143.06,False,False,No festival
2024-01-15,MUM,Mumbai,26.63,0.0,74.09,140.85,False,False,No festival
2024-01-15,PUN,Pune,25.47,0.0,64.53,106.56,False,False,No festival
2024-01-16,AMD,Ahmedabad,24.14,0.0,52.12,153.67,False,False,No festival
2024-01-16,BLR,Bengaluru,24.78,0.0,63.42,111.89,False,False,No festival
2024-01-16,CHE,Chennai,29.9,0.0,80.69,124.44,False,False,No festival
2024-01-16,DEL,Delhi NCR,24.22,0.0,56.65,278.96,False,False,No festival
2024-01-16,HYD,Hyderabad,25.55,0.0,58.35,123.06,False,False,No festival
2024-01-16,KOL,Kolkata,29.57,0.0,69.56,163.02,False,False,No festival
2024-01-16,MUM,Mumbai,30.62,0.0,80.43,152.29,False,False,No festival
2024-01-16,PUN,Pune,27.91,0.0,62.9,93.47,False,False,No festival
2024-01-17,AMD,Ahmedabad,31.3,0.0,37.89,143.33,False,False,No festival
2024-01-17,BLR,Bengaluru,22.21,0.0,75.29,121.65,False,False,No festival
2024-01-17,CHE,Chennai,30.03,0.0,77.82,149.01,False,False,No festival
2024-01-17,DEL,Delhi NCR,27.2,0.0,52.14,301.72,False,False,No festival
2024-01-17,HYD,Hyderabad,27.6,0.0,62.13,148.87,False,False,No festival
2024-01-17,KOL,Kolkata,28.69,0.0,65.32,137.75,False,False,No festival
2024-01-17,MUM,Mumbai,33.07,0.0,64.95,77.61,False,False,No festival
2024-01-17,PUN,Pune,28.9,0.0,53.97,95.87,False,False,No festival
2024-01-18,AMD,Ahmedabad,28.75,0.0,37.52,136.72,False,False,No festival
2024-01-18,BLR,Bengaluru,26.11,0.0,68.46,94.3,False,False,No festival
2024-01-18,CHE,Chennai,27.66,0.0,82.02,108.64,False,False,No festival
2024-01-18,DEL,Delhi NCR,26.1,0.0,46.45,294.99,False,False,No festival
2024-01-18,HYD,Hyderabad,26.48,0.0,50.29,109.42,False,False,No festival
2024-01-18,KOL,Kolkata,26.73,0.0,72.39,140.53,False,False,No festival
2024-01-18,MUM,Mumbai,29.62,0.0,73.58,107.27,False,False,No festival
2024-01-18,PUN,Pune,26.81,0.0,57.76,140.23,False,False,No festival
2024-01-19,AMD,Ahmedabad,27.29,0.0,49.49,147.15,False,False,No festival
2024-01-19,BLR,Bengaluru,25.3,0.0,64.55,58.66,False,False,No festival
2024-01-19,CHE,Chennai,31.13,0.0,81.85,134.87,False,False,No festival
2024-01-19,DEL,Delhi NCR,26.74,0.0,52.03,243.35,False,False,No festival
2024-01-19,HYD,Hyderabad,30.04,0.0,47.16,104.13,False,False,No festival
2024-01-19,KOL,Kolkata,30.59,0.0,65.31,144.03,False,False,No festival
2024-01-19,MUM,Mumbai,27.98,0.0,66.39,96.5,False,False,No festival
2024-01-19,PUN,Pune,23.42,0.0,62.58,115.88,False,False,No festival
2024-01-20,AMD,Ahmedabad,29.55,0.0,50.77,121.03,False,False,No festival
2024-01-20,BLR,Bengaluru,24.14,0.0,68.27,107.9,False,False,No festival
2024-01-20,CHE,Chennai,29.29,0.0,70.45,107.96,False,False,No festival
2024-01-20,DEL,Delhi NCR,25.88,0.0,51.64,270.3,False,False,No festival
2024-01-20,HYD,Hyderabad,30.61,0.0,52.31,111.24,False,False,No festival
2024-01-20,KOL,Kolkata,24.98,0.0,71.46,182.62,False,False,No festival
2024-01-20,MUM,Mumbai,27.13,0.0,69.82,95.32,False,False,No festival
2024-01-20,PUN,Pune,28.3,0.0,61.86,120.66,False,False,No festival
2024-01-21,AMD,Ahmedabad,27.58,0.0,43.86,158.13,False,False,No festival
2024-01-21,BLR,Bengaluru,25.31,0.0,68.62,82.15,False,False,No festival
2024-01-21,CHE,Chennai,26.89,0.0,69.23,103.71,False,False,No festival
2024-01-21,DEL,Delhi NCR,25.53,0.0,46.8,252.8,False,False,No festival
2024-01-21,HYD,Hyderabad,27.42,0.0,60.13,149.26,False,False,No festival
2024-01-21,KOL,Kolkata,25.6,0.0,65.02,134.02,False,False,No festival
2024-01-21,MUM,Mumbai,24.29,0.0,83.89,139.05,False,False,No festival
2024-01-21,PUN,Pune,26.95,0.0,59.34,140.82,False,False,No festival
2024-01-22,AMD,Ahmedabad,27.67,0.0,36.66,126.63,False,False,No festival
2024-01-22,BLR,Bengaluru,24.91,0.0,67.25,125.57,False,False,No festival
2024-01-22,CHE,Chennai,30.91,0.0,75.98,107.95,False,False,No festival
2024-01-22,DEL,Delhi NCR,25.91,0.0,49.2,352.52,False,False,No festival
2024-01-22,HYD,Hyderabad,30.88,0.0,55.87,137.91,False,False,No festival
2024-01-22,KOL,Kolkata,29.01,0.0,66.09,173.11,False,False,No festival
2024-01-22,MUM,Mumbai,29.05,0.0,76.45,138.99,False,False,No festival
2024-01-22,PUN,Pune,24.88,0.0,60.12,118.7,False,False,No festival
2024-01-23,AMD,Ahmedabad,27.5,0.0,43.01,160.84,False,False,No festival
2024-01-23,BLR,Bengaluru,25.78,0.0,69.69,117.17,False,False,No festival
2024-01-23,CHE,Chennai,28.31,0.0,80.06,101.69,False,False,No festival
2024-01-23,DEL,Delhi NCR,25.28,0.0,56.21,288.42,False,False,No festival
2024-01-23,HYD,Hyderabad,27.77,0.0,48.71,100.87,False,False,No festival
2024-01-23,KOL,Kolkata,30.4,0.0,66.83,168.16,False,False,No festival
2024-01-23,MUM,Mumbai,27.15,0.0,73.12,116.14,False,False,No festival
2024-01-23,PUN,Pune,25.73,0.0,66.43,75.72,False,False,No festival
2024-01-24,AMD,Ahmedabad,30.11,0.0,42.22,138.64,False,False,No festival
2024-01-24,BLR,Bengaluru,25.68,0.0,69.29,99.37,False,False,No festival
2024-01-24,CHE,Chennai,28.77,0.0,72.96,141.44,False,False,No festival
2024-01-24,DEL,Delhi NCR,27.56,0.0,55.98,302.8,False,False,No festival
2024-01-24,HYD,Hyderabad,28.5,0.0,55.17,122.75,False,False,No festival
2024-01-24,KOL,Kolkata,27.04,0.0,69.52,109.13,False,False,No festival
2024-01-24,MUM,Mumbai,27.34,0.0,74.44,115.33,False,False,No festival
2024-01-24,PUN,Pune,28.18,0.0,58.43,130.17,False,False,No festival
2024-01-25,AMD,Ahmedabad,29.45,0.0,47.1,127.43,False,False,No festival
2024-01-25,BLR,Bengaluru,26.81,0.0,64.03,128.46,False,False,No festival
2024-01-25,CHE,Chennai,31.08,0.0,69.64,117.71,False,False,No festival
2024-01-25,DEL,Delhi NCR,27.65,0.0,50.11,295.57,False,False,No festival
2024-01-25,HYD,Hyderabad,28.2,0.0,54.05,130.06,False,False,No festival
2024-01-25,KOL,Kolkata,29.26,0.0,67.86,150.49,False,False,No festival
2024-01-25,MUM,Mumbai,26.73,0.0,66.93,142.12,False,False,No festival
2024-01-25,PUN,Pune,21.52,0.0,64.83,97.68,False,False,No festival
2024-01-26,AMD,Ahmedabad,26.66,0.0,39.69,111.36,False,True,No festival
2024-01-26,BLR,Bengaluru,27.27,0.0,65.17,118.83,False,True,No festival
2024-01-26,CHE,Chennai,28.35,0.0,71.52,111.43,False,True,No festival
2024-01-26,DEL,Delhi NCR,27.15,0.0,52.93,288.99,False,True,No festival
2024-01-26,HYD,Hyderabad,29.69,0.0,58.15,108.96,False,True,No festival
2024-01-26,KOL,Kolkata,28.06,0.0,71.37,171.29,False,True,No festival
2024-01-26,MUM,Mumbai,30.77,0.0,75.28,116.12,False,True,No festival
2024-01-26,PUN,Pune,25.79,0.0,57.95,112.79,False,True,No festival
2024-01-27,AMD,Ahmedabad,27.91,0.0,46.36,152.82,False,False,No festival
2024-01-27,BLR,Bengaluru,27.22,0.0,57.56,111.66,False,False,No festival
2024-01-27,CHE,Chennai,33.08,0.0,69.12,118.01,False,False,No festival
2024-01-27,DEL,Delhi NCR,24.36,0.0,48.0,292.0,False,False,No festival
2024-01-27,HYD,Hyderabad,28.04,0.0,51.01,165.42,False,False,No festival
2024-01-27,KOL,Kolkata,28.83,0.0,69.74,123.5,False,False,No festival
2024-01-27,MUM,Mumbai,27.25,0.0,67.67,99.54,False,False,No festival
2024-01-27,PUN,Pune,25.23,0.0,60.82,113.27,False,False,No festival
2024-01-28,AMD,Ahmedabad,28.59,0.0,49.17,119.12,False,False,No festival
2024-01-28,BLR,Bengaluru,26.43,0.0,63.12,106.04,False,False,No festival
2024-01-28,CHE,Chennai,30.59,0.0,80.47,86.96,False,False,No festival
2024-01-28,DEL,Delhi NCR,31.22,0.0,46.49,295.08,False,False,No festival
2024-01-28,HYD,Hyderabad,29.26,0.0,52.92,109.3,False,False,No festival
2024-01-28,KOL,Kolkata,29.57,0.0,67.27,140.89,False,False,No festival
2024-01-28,MUM,Mumbai,28.56,0.0,75.49,115.68,False,False,No festival
2024-01-28,PUN,Pune,25.96,0.0,54.31,51.61,False,False,No festival
2024-01-29,AMD,Ahmedabad,25.04,0.0,48.82,111.45,False,False,No festival
2024-01-29,BLR,Bengaluru,24.12,0.0,64.31,119.4,False,False,No festival
2024-01-29,CHE,Chennai,31.52,0.0,77.68,102.48,False,False,No festival
2024-01-29,DEL,Delhi NCR,28.89,0.0,52.33,287.54,False,False,No festival
2024-01-29,HYD,Hyderabad,29.18,0.0,56.08,102.82,False,False,No festival
2024-01-29,KOL,Kolkata,31.23,0.0,68.83,159.03,False,False,No festival
2024-01-29,MUM,Mumbai,26.11,0.0,74.16,136.86,False,False,No festival
2024-01-29,PUN,Pune,27.0,0.0,67.71,135.23,False,False,No festival
2024-01-30,AMD,Ahmedabad,30.55,0.0,42.15,149.08,False,False,No festival
2024-01-30,BLR,Bengaluru,29.79,0.0,59.77,116.26,False,False,No festival
2024-01-30,CHE,Chennai,27.68,0.0,72.77,81.42,False,False,No festival
2024-01-30,DEL,Delhi NCR,29.7,0.0,56.93,263.74,False,False,No festival
2024-01-30,HYD,Hyderabad,30.89,0.0,49.26,134.09,False,False,No festival
2024-01-30,KOL,Kolkata,30.9,0.0,74.7,164.9,False,False,No festival
2024-01-30,MUM,Mumbai,30.34,0.0,70.33,92.81,False,False,No festival
2024-01-30,PUN,Pune,26.86,0.0,57.34,131.15,False,False,No festival
2024-01-31,AMD,Ahmedabad,28.84,0.0,46.47,106.07,False,False,No festival
2024-01-31,BLR,Bengaluru,25.18,0.0,65.07,91.78,False,False,No festival
2024-01-31,CHE,Chennai,30.18,0.0,82.16,107.82,False,False,No festival
2024-01-31,DEL,Delhi NCR,28.45,0.0,60.47,273.85,False,False,No festival
2024-01-31,HYD,Hyderabad,27.3,0.0,64.66,178.91,False,False,No festival
2024-01-31,KOL,Kolkata,26.09,0.0,76.36,175.05,False,False,No festival
2024-01-31,MUM,Mumbai,31.03,0.0,74.32,118.89,False,False,No festival
2024-01-31,PUN,Pune,26.91,0.0,66.39,85.74,False,False,No festival
2024-02-01,AMD,Ahmedabad,28.37,0.0,43.04,89.31,False,False,No festival
2024-02-01,BLR,Bengaluru,25.08,0.0,56.82,129.69,False,False,No festival
2024-02-01,CHE,Chennai,26.42,0.0,69.87,85.98,False,False,No festival
2024-02-01,DEL,Delhi NCR,32.57,0.0,58.78,177.51,False,False,No festival
2024-02-01,HYD,Hyderabad,28.17,0.0,56.31,129.51,False,False,No festival
2024-02-01,KOL,Kolkata,28.83,0.0,74.36,128.05,False,False,No festival
2024-02-01,MUM,Mumbai,28.75,0.0,77.21,113.81,False,False,No festival
2024-02-01,PUN,Pune,24.74,0.0,54.2,73.57,False,False,No festival
2024-02-02,AMD,Ahmedabad,27.8,0.0,44.28,97.79,False,False,No festival
2024-02-02,BLR,Bengaluru,26.29,0.0,62.42,111.97,False,False,No festival
2024-02-02,CHE,Chennai,30.54,0.0,65.14,52.54,False,False,No festival
2024-02-02,DEL,Delhi NCR,28.3,0.0,49.66,161.78,False,False,No festival
2024-02-02,HYD,Hyderabad,29.96,0.0,59.09,83.87,False,False,No festival
2024-02-02,KOL,Kolkata,29.91,0.0,75.81,118.5,False,False,No festival
2024-02-02,MUM,Mumbai,28.26,0.0,67.98,81.93,False,False,No festival
2024-02-02,PUN,Pune,28.5,0.0,52.19,97.26,False,False,No festival
2024-02-03,AMD,Ahmedabad,28.01,0.0,48.39,88.69,False,False,No festival
2024-02-03,BLR,Bengaluru,27.62,0.0,55.99,83.5,False,False,No festival
2024-02-03,CHE,Chennai,30.62,0.0,82.32,114.42,False,False,No festival
2024-02-03,DEL,Delhi NCR,27.52,0.0,48.02,163.54,False,False,No festival
2024-02-03,HYD,Hyderabad,30.08,0.0,48.81,92.35,False,False,No festival
2024-02-03,KOL,Kolkata,30.41,0.0,66.89,84.06,False,False,No festival
2024-02-03,MUM,Mumbai,27.11,0.0,74.96,88.08,False,False,No festival
2024-02-03,PUN,Pune,28.12,0.0,59.25,109.17,False,False,No festival
2024-02-04,AMD,Ahmedabad,31.5,0.0,43.66,109.9,False,False,No festival
2024-02-04,BLR,Bengaluru,25.63,0.0,64.03,44.83,False,False,No festival
2024-02-04,CHE,Chennai,30.85,0.0,80.13,45.96,False,False,No festival
2024-02-04,DEL,Delhi NCR,29.14,0.0,46.14,157.28,False,False,No festival
2024-02-04,HYD,Hyderabad,28.95,0.0,43.91,84.84,False,False,No festival
2024-02-04,KOL,Kolkata,31.82,0.0,67.83,111.54,False,False,No festival
2024-02-04,MUM,Mumbai,25.45,0.0,73.96,59.0,False,False,No festival
2024-02-04,PUN,Pune,26.68,0.0,56.08,60.7,False,False,No festival
2024-02-05,AMD,Ahmedabad,29.68,0.0,46.79,72.26,False,False,No festival
2024-02-05,BLR,Bengaluru,25.93,0.0,68.11,83.44,False,False,No festival
2024-02-05,CHE,Chennai,30.04,0.0,71.79,69.91,False,False,No festival
2024-02-05,DEL,Delhi NCR,28.16,0.0,45.36,211.75,False,False,No festival
2024-02-05,HYD,Hyderabad,31.52,0.0,61.19,115.81,False,False,No festival
2024-02-05,KOL,Kolkata,29.46,0.0,58.37,132.56,False,False,No festival
2024-02-05,MUM,Mumbai,30.27,0.0,75.71,123.87,False,False,No festival
2024-02-05,PUN,Pune,26.15,0.0,64.02,61.57,False,False,No festival
2024-02-06,AMD,Ahmedabad,29.83,0.0,44.24,92.97,False,False,No festival
2024-02-06,BLR,Bengaluru,26.55,0.0,64.54,94.06,False,False,No festival
2024-02-06,CHE,Chennai,29.62,0.0,69.73,130.32,False,False,No festival
2024-02-06,DEL,Delhi NCR,29.57,0.0,47.94,174.77,False,False,No festival
2024-02-06,HYD,Hyderabad,32.35,0.0,59.92,84.91,False,False,No festival
2024-02-06,KOL,Kolkata,28.41,0.0,77.05,132.83,False,False,No festival
2024-02-06,MUM,Mumbai,30.07,0.0,67.63,122.87,False,False,No festival
2024-02-06,PUN,Pune,25.93,0.0,57.97,92.31,False,False,No festival
2024-02-07,AMD,Ahmedabad,31.45,0.0,52.42,68.4,False,False,No festival
2024-02-07,BLR,Bengaluru,26.68,0.0,55.01,68.76,False,False,No festival
2024-02-07,CHE,Chennai,32.97,0.0,71.1,80.41,False,False,No festival
2024-02-07,DEL,Delhi NCR,27.96,0.0,46.86,175.43,False,False,No festival
2024-02-07,HYD,Hyderabad,29.54,0.0,53.39,88.01,False,False,No festival
2024-02-07,KOL,Kolkata,27.96,0.0,68.92,115.25,False,False,No festival
2024-02-07,MUM,Mumbai,28.52,0.0,67.86,91.11,False,False,No festival
2024-02-07,PUN,Pune,26.4,0.0,58.27,88.28,False,False,No festival
2024-02-08,AMD,Ahmedabad,30.01,0.0,46.41,136.78,False,False,No festival
2024-02-08,BLR,Bengaluru,22.48,0.0,68.73,34.16,False,False,No festival
2024-02-08,CHE,Chennai,30.83,0.0,64.46,71.76,False,False,No festival
2024-02-08,DEL,Delhi NCR,28.59,0.0,50.55,187.54,False,False,No festival
2024-02-08,HYD,Hyderabad,29.85,0.0,51.85,54.41,False,False,No festival
2024-02-08,KOL,Kolkata,29.77,0.0,62.64,121.31,False,False,No festival
2024-02-08,MUM,Mumbai,29.55,0.0,69.73,90.41,False,False,No festival
2024-02-08,PUN,Pune,26.79,0.0,58.84,87.01,False,False,No festival
2024-02-09,AMD,Ahmedabad,29.1,0.0,46.92,99.16,False,False,No festival
2024-02-09,BLR,Bengaluru,26.24,0.0,62.91,84.67,False,False,No festival
2024-02-09,CHE,Chennai,30.62,0.0,66.92,119.33,False,False,No festival
2024-02-09,DEL,Delhi NCR,31.04,0.0,43.57,186.9,False,False,No festival
2024-02-09,HYD,Hyderabad,32.88,0.0,53.09,87.75,False,False,No festival
2024-02-09,KOL,Kolkata,30.05,0.0,68.6,137.04,False,False,No festival
2024-02-09,MUM,Mumbai,29.01,0.0,69.86,87.65,False,False,No festival
2024-02-09,PUN,Pune,28.35,0.0,60.61,131.74,False,False,No festival
2024-02-10,AMD,Ahmedabad,28.49,0.0,43.74,114.16,False,False,No festival
2024-02-10,BLR,Bengaluru,23.65,0.0,66.78,86.24,False,False,No festival
2024-02-10,CHE,Chennai,31.48,0.0,76.0,76.27,False,False,No festival
2024-02-10,DEL,Delhi NCR,29.62,0.0,51.34,183.43,False,False,No festival
2024-02-10,HYD,Hyderabad,31.87,0.0,47.95,103.12,False,False,No festival
2024-02-10,KOL,Kolkata,30.15,0.0,68.45,107.45,False,False,No festival
2024-02-10,MUM,Mumbai,31.49,0.0,78.55,87.09,False,False,No festival
2024-02-10,PUN,Pune,28.18,0.0,65.16,94.93,False,False,No festival
2024-02-11,AMD,Ahmedabad,34.24,12.76,61.19,107.34,False,False,No festival
2024-02-11,BLR,Bengaluru,22.76,0.0,69.25,103.66,False,False,No festival
2024-02-11,CHE,Chennai,30.82,0.0,76.53,70.7,False,False,No festival
2024-02-11,DEL,Delhi NCR,28.98,0.0,52.25,175.02,False,False,No festival
2024-02-11,HYD,Hyderabad,27.04,9.61,69.96,81.43,False,False,No festival
2024-02-11,KOL,Kolkata,29.04,16.08,79.28,78.75,False,False,No festival
2024-02-11,MUM,Mumbai,29.22,13.53,79.78,111.75,False,False,No festival
2024-02-11,PUN,Pune,27.38,0.0,58.63,48.96,False,False,No festival
2024-02-12,AMD,Ahmedabad,32.34,0.0,45.73,111.41,False,False,No festival
2024-02-12,BLR,Bengaluru,24.42,0.0,66.87,83.77,False,False,No festival
2024-02-12,CHE,Chennai,33.64,0.0,66.51,67.08,False,False,No festival
2024-02-12,DEL,Delhi NCR,30.77,0.0,53.76,176.36,False,False,No festival
2024-02-12,HYD,Hyderabad,31.47,0.0,59.43,101.04,False,False,No festival
2024-02-12,KOL,Kolkata,31.56,0.0,68.27,85.48,False,False,No festival
2024-02-12,MUM,Mumbai,30.96,0.0,68.96,94.15,False,False,No festival
2024-02-12,PUN,Pune,27.22,0.0,55.28,105.13,False,False,No festival
2024-02-13,AMD,Ahmedabad,32.54,0.0,48.12,89.04,False,False,No festival
2024-02-13,BLR,Bengaluru,28.54,0.0,69.53,62.44,False,False,No festival
2024-02-13,CHE,Chennai,29.34,0.0,69.94,53.99,False,False,No festival
2024-02-13,DEL,Delhi NCR,32.22,0.0,49.47,166.45,False,False,No festival
2024-02-13,HYD,Hyderabad,29.87,0.0,59.07,131.05,False,False,No festival
2024-02-13,KOL,Kolkata,31.09,0.0,68.19,124.53,False,False,No festival
2024-02-13,MUM,Mumbai,33.24,0.0,71.4,79.19,False,False,No festival
2024-02-13,PUN,Pune,28.41,0.0,59.05,76.64,False,False,No festival
2024-02-14,AMD,Ahmedabad,32.09,0.0,43.11,82.36,False,False,No festival
2024-02-14,BLR,Bengaluru,26.04,0.0,63.94,85.55,False,False,No festival
2024-02-14,CHE,Chennai,30.83,0.0,61.96,65.3,False,False,No festival
2024-02-14,DEL,Delhi NCR,28.81,0.0,52.57,172.86,False,False,No festival
2024-02-14,HYD,Hyderabad,30.27,0.0,53.05,132.93,False,False,No festival
2024-02-14,KOL,Kolkata,29.32,0.0,58.07,120.36,False,False,No festival
2024-02-14,MUM,Mumbai,30.22,0.0,75.61,92.14,False,False,No festival
2024-02-14,PUN,Pune,27.9,0.0,67.76,90.71,False,False,No festival
2024-02-15,AMD,Ahmedabad,35.27,0.0,42.23,73.0,False,False,No festival
2024-02-15,BLR,Bengaluru,23.87,0.0,62.88,85.42,False,False,No festival
2024-02-15,CHE,Chennai,31.08,0.0,74.56,49.66,False,False,No festival
2024-02-15,DEL,Delhi NCR,29.88,0.0,51.68,148.31,False,False,No festival
2024-02-15,HYD,Hyderabad,27.53,0.0,54.64,37.23,False,False,No festival
2024-02-15,KOL,Kolkata,28.98,29.66,92.36,102.1,False,False,No festival
2024-02-15,MUM,Mumbai,28.3,0.0,72.8,103.87,False,False,No festival
2024-02-15,PUN,Pune,31.65,0.0,60.01,100.59,False,False,No festival
2024-02-16,AMD,Ahmedabad,31.07,0.0,42.26,67.77,False,False,No festival
2024-02-16,BLR,Bengaluru,21.77,0.0,54.6,90.51,False,False,No festival
2024-02-16,CHE,Chennai,28.1,0.0,61.75,108.25,False,False,No festival
2024-02-16,DEL,Delhi NCR,30.61,0.0,48.86,164.41,False,False,No festival
2024-02-16,HYD,Hyderabad,32.12,0.0,63.62,95.12,False,False,No festival
2024-02-16,KOL,Kolkata,29.52,0.0,65.01,161.38,False,False,No festival
2024-02-16,MUM,Mumbai,29.99,0.0,67.37,94.5,False,False,No festival
2024-02-16,PUN,Pune,27.01,0.0,64.47,73.46,False,False,No festival
2024-02-17,AMD,Ahmedabad,27.76,0.0,44.49,140.35,False,False,No festival
2024-02-17,BLR,Bengaluru,25.98,0.0,67.0,36.25,False,False,No festival
2024-02-17,CHE,Chennai,31.65,0.0,74.41,70.08,False,False,No festival
2024-02-17,DEL,Delhi NCR,31.64,0.0,39.26,189.0,False,False,No festival
2024-02-17,HYD,Hyderabad,29.43,0.0,59.63,107.75,False,False,No festival
2024-02-17,KOL,Kolkata,32.52,0.0,68.3,106.03,False,False,No festival
2024-02-17,MUM,Mumbai,29.09,0.0,80.9,109.42,False,False,No festival
2024-02-17,PUN,Pune,26.5,0.0,61.87,96.95,False,False,No festival
2024-02-18,AMD,Ahmedabad,32.49,0.0,46.03,56.5,False,False,No festival
2024-02-18,BLR,Bengaluru,27.1,0.0,60.43,96.44,False,False,No festival
2024-02-18,CHE,Chennai,32.19,0.0,65.47,77.11,False,False,No festival
2024-02-18,DEL,Delhi NCR,28.64,0.0,56.51,200.67,False,False,No festival
2024-02-18,HYD,Hyderabad,32.68,0.0,53.03,93.15,False,False,No festival
2024-02-18,KOL,Kolkata,29.19,0.0,71.76,157.14,False,False,No festival
2024-02-18,MUM,Mumbai,33.65,0.0,64.67,95.94,False,False,No festival
2024-02-18,PUN,Pune,30.99,0.0,68.4,82.5,False,False,No festival
2024-02-19,AMD,Ahmedabad,32.39,0.0,43.55,131.34,False,False,No festival
2024-02-19,BLR,Bengaluru,25.14,0.0,75.73,127.52,False,False,No festival
2024-02-19,CHE,Chennai,30.88,0.0,75.58,75.19,False,False,No festival
2024-02-19,DEL,Delhi NCR,30.71,0.0,46.66,144.29,False,False,No festival
2024-02-19,HYD,Hyderabad,29.58,0.0,59.81,84.83,False,False,No festival
2024-02-19,KOL,Kolkata,27.65,0.0,78.77,115.82,False,False,No festival
2024-02-19,MUM,Mumbai,27.66,0.0,75.25,92.99,False,False,No festival
2024-02-19,PUN,Pune,25.83,0.0,54.25,77.32,False,False,No festival
2024-02-20,AMD,Ahmedabad,33.91,0.0,41.21,129.39,False,False,No festival
2024-02-20,BLR,Bengaluru,26.72,0.0,72.16,88.22,False,False,No festival
2024-02-20,CHE,Chennai,29.29,0.0,77.04,126.77,False,False,No festival
2024-02-20,DEL,Delhi NCR,33.37,0.0,43.53,191.2,False,False,No festival
2024-02-20,HYD,Hyderabad,32.53,0.0,49.86,116.12,False,False,No festival
2024-02-20,KOL,Kolkata,32.62,0.0,56.47,102.22,False,False,No festival
2024-02-20,MUM,Mumbai,31.04,0.0,67.25,102.05,False,False,No festival
2024-02-20,PUN,Pune,27.06,0.0,55.81,104.61,False,False,No festival
2024-02-21,AMD,Ahmedabad,33.51,0.0,29.99,105.87,False,False,No festival
2024-02-21,BLR,Bengaluru,26.14,0.0,62.03,29.62,False,False,No festival
2024-02-21,CHE,Chennai,29.97,0.0,69.8,81.68,False,False,No festival
2024-02-21,DEL,Delhi NCR,34.32,0.0,51.39,151.43,False,False,No festival
2024-02-21,HYD,Hyderabad,31.89,0.0,57.53,121.42,False,False,No festival
2024-02-21,KOL,Kolkata,32.45,0.0,57.42,118.93,False,False,No festival
2024-02-21,MUM,Mumbai,30.38,0.0,75.31,76.48,False,False,No festival
2024-02-21,PUN,Pune,27.73,0.0,58.92,69.43,False,False,No festival
2024-02-22,AMD,Ahmedabad,31.27,0.0,43.57,108.38,False,False,No festival
2024-02-22,BLR,Bengaluru,24.03,0.0,68.16,71.82,False,False,No festival
2024-02-22,CHE,Chennai,32.3,0.0,81.0,108.0,False,False,No festival
2024-02-22,DEL,Delhi NCR,30.48,0.0,50.99,163.96,False,False,No festival
2024-02-22,HYD,Hyderabad,30.31,0.0,52.02,106.56,False,False,No festival
2024-02-22,KOL,Kolkata,28.54,0.0,74.84,114.26,False,False,No festival
2024-02-22,MUM,Mumbai,27.97,0.0,77.06,85.6,False,False,No festival
2024-02-22,PUN,Pune,27.37,0.0,63.06,25.0,False,False,No festival
2024-02-23,AMD,Ahmedabad,31.34,0.0,45.43,123.97,False,False,No festival
2024-02-23,BLR,Bengaluru,29.62,0.0,65.82,56.85,False,False,No festival
2024-02-23,CHE,Chennai,30.72,0.0,73.29,79.37,False,False,No festival
2024-02-23,DEL,Delhi NCR,32.57,0.0,48.15,184.36,False,False,No festival
2024-02-23,HYD,Hyderabad,29.4,0.0,48.08,84.73,False,False,No festival
2024-02-23,KOL,Kolkata,30.55,0.0,76.66,132.67,False,False,No festival
2024-02-23,MUM,Mumbai,31.09,0.0,67.48,96.34,False,False,No festival
2024-02-23,PUN,Pune,27.93,0.0,63.22,73.98,False,False,No festival
2024-02-24,AMD,Ahmedabad,33.74,0.0,41.58,132.1,False,False,No festival
2024-02-24,BLR,Bengaluru,28.24,0.0,67.79,78.44,False,False,No festival
2024-02-24,CHE,Chennai,32.96,0.0,70.93,96.15,False,False,No festival
2024-02-24,DEL,Delhi NCR,33.43,0.0,54.48,152.99,False,False,No festival
2024-02-24,HYD,Hyderabad,28.75,0.0,56.72,107.53,False,False,No festival
2024-02-24,KOL,Kolkata,30.33,0.0,67.95,115.07,False,False,No festival
2024-02-24,MUM,Mumbai,30.15,0.0,72.03,133.52,False,False,No festival
2024-02-24,PUN,Pune,29.31,0.0,48.49,83.3,False,False,No festival
2024-02-25,AMD,Ahmedabad,31.43,0.0,42.09,94.52,False,False,No festival
2024-02-25,BLR,Bengaluru,26.34,0.0,58.0,78.5,False,False,No festival
2024-02-25,CHE,Chennai,30.34,2.47,83.01,51.4,False,False,No festival
2024-02-25,DEL,Delhi NCR,33.62,0.0,44.44,160.19,False,False,No festival
2024-02-25,HYD,Hyderabad,32.67,0.0,55.4,60.04,False,False,No festival
2024-02-25,KOL,Kolkata,29.67,0.0,67.01,124.92,False,False,No festival
2024-02-25,MUM,Mumbai,33.05,0.0,65.73,102.69,False,False,No festival
2024-02-25,PUN,Pune,29.2,0.0,56.69,106.74,False,False,No festival
2024-02-26,AMD,Ahmedabad,34.39,0.0,39.54,107.57,False,False,No festival
2024-02-26,BLR,Bengaluru,26.54,0.0,61.97,52.63,False,False,No festival
2024-02-26,CHE,Chennai,29.7,0.0,69.41,70.86,False,False,No festival
2024-02-26,DEL,Delhi NCR,32.38,0.0,54.5,94.73,False,False,No festival
2024-02-26,HYD,Hyderabad,29.0,0.0,62.62,106.9,False,False,No festival
2024-02-26,KOL,Kolkata,31.75,0.0,72.19,146.41,False,False,No festival
2024-02-26,MUM,Mumbai,31.72,0.0,79.91,93.1,False,False,No festival
2024-02-26,PUN,Pune,28.88,0.0,52.53,86.52,False,False,No festival
2024-02-27,AMD,Ahmedabad,35.03,0.0,46.98,75.83,False,False,No festival
2024-02-27,BLR,Bengaluru,25.11,0.0,62.86,78.04,False,False,No festival
2024-02-27,CHE,Chennai,33.28,0.0,66.56,80.92,False,False,No festival
2024-02-27,DEL,Delhi NCR,34.04,0.0,49.3,169.59,False,False,No festival
2024-02-27,HYD,Hyderabad,32.04,0.0,52.3,99.52,False,False,No festival
2024-02-27,KOL,Kolkata,30.14,0.0,62.83,88.53,False,False,No festival
2024-02-27,MUM,Mumbai,29.6,0.0,71.21,98.58,False,False,No festival
2024-02-27,PUN,Pune,29.01,0.0,48.78,71.43,False,False,No festival
2024-02-28,AMD,Ahmedabad,35.24,0.0,45.52,127.57,False,False,No festival
2024-02-28,BLR,Bengaluru,25.65,0.0,62.86,51.96,False,False,No festival
2024-02-28,CHE,Chennai,30.64,0.0,74.09,48.33,False,False,No festival
2024-02-28,DEL,Delhi NCR,30.7,0.0,43.64,188.66,False,False,No festival
2024-02-28,HYD,Hyderabad,32.97,7.23,68.23,73.14,False,False,No festival
2024-02-28,KOL,Kolkata,31.4,0.0,73.68,109.98,False,False,No festival
2024-02-28,MUM,Mumbai,31.01,0.0,76.27,124.74,False,False,No festival
2024-02-28,PUN,Pune,28.22,0.0,57.57,76.45,False,False,No festival
2024-02-29,AMD,Ahmedabad,28.37,0.0,43.47,106.68,False,False,No festival
2024-02-29,BLR,Bengaluru,28.37,0.0,59.78,91.44,False,False,No festival
2024-02-29,CHE,Chennai,27.68,0.0,71.05,110.22,False,False,No festival
2024-02-29,DEL,Delhi NCR,34.93,0.0,44.34,157.38,False,False,No festival
2024-02-29,HYD,Hyderabad,36.47,0.0,52.0,88.17,False,False,No festival
2024-02-29,KOL,Kolkata,33.07,0.0,64.39,113.19,False,False,No festival
2024-02-29,MUM,Mumbai,32.01,0.0,75.95,88.61,False,False,No festival
2024-02-29,PUN,Pune,30.1,0.94,69.01,82.59,False,False,No festival
2024-03-01,AMD,Ahmedabad,36.07,0.0,48.89,118.08,False,False,No festival
2024-03-01,BLR,Bengaluru,24.34,0.0,67.9,62.54,False,False,No festival
2024-03-01,CHE,Chennai,31.79,0.0,73.76,72.03,False,False,No festival
2024-03-01,DEL,Delhi NCR,33.41,0.0,42.26,154.42,False,False,No festival
2024-03-01,HYD,Hyderabad,33.46,0.0,48.74,97.12,False,False,No festival
2024-03-01,KOL,Kolkata,33.36,0.0,66.9,130.7,False,False,No festival
2024-03-01,MUM,Mumbai,26.9,0.0,67.31,116.94,False,False,No festival
2024-03-01,PUN,Pune,30.83,0.0,61.94,118.31,False,False,No festival
2024-03-02,AMD,Ahmedabad,34.17,0.0,43.0,114.87,False,False,No festival
2024-03-02,BLR,Bengaluru,27.61,0.0,66.27,55.62,False,False,No festival
2024-03-02,CHE,Chennai,28.69,0.0,71.9,89.73,False,False,No festival
2024-03-02,DEL,Delhi NCR,34.4,0.0,44.66,173.71,False,False,No festival
2024-03-02,HYD,Hyderabad,30.74,0.0,53.16,94.07,False,False,No festival
2024-03-02,KOL,Kolkata,31.71,0.0,71.02,124.92,False,False,No festival
2024-03-02,MUM,Mumbai,31.49,0.0,63.77,108.13,False,False,No festival
2024-03-02,PUN,Pune,25.97,0.0,68.78,71.65,False,False,No festival
2024-03-03,AMD,Ahmedabad,32.84,0.0,38.17,117.8,False,False,No festival
2024-03-03,BLR,Bengaluru,28.04,0.0,63.52,66.13,False,False,No festival
2024-03-03,CHE,Chennai,31.85,0.0,71.8,62.29,False,False,No festival
2024-03-03,DEL,Delhi NCR,32.98,0.0,52.55,155.53,False,False,No festival
2024-03-03,HYD,Hyderabad,34.93,0.0,48.63,95.36,False,False,No festival
2024-03-03,KOL,Kolkata,32.24,0.0,70.23,96.77,False,False,No festival
2024-03-03,MUM,Mumbai,26.6,0.0,73.85,63.82,False,False,No festival
2024-03-03,PUN,Pune,28.69,0.0,65.95,84.69,False,False,No festival
2024-03-04,AMD,Ahmedabad,31.37,0.0,49.78,106.47,False,False,No festival
2024-03-04,BLR,Bengaluru,28.26,0.0,73.26,94.64,False,False,No festival
2024-03-04,CHE,Chennai,32.04,0.0,76.23,39.92,False,False,No festival
2024-03-04,DEL,Delhi NCR,35.78,0.0,45.22,181.15,False,False,No festival
2024-03-04,HYD,Hyderabad,32.97,0.0,54.12,90.91,False,False,No festival
2024-03-04,KOL,Kolkata,32.33,0.0,71.13,117.54,False,False,No festival
2024-03-04,MUM,Mumbai,28.81,0.0,63.22,96.44,False,False,No festival
2024-03-04,PUN,Pune,29.67,0.0,51.09,78.0,False,False,No festival
2024-03-05,AMD,Ahmedabad,37.58,0.0,42.69,141.86,False,False,No festival
2024-03-05,BLR,Bengaluru,27.16,0.0,57.33,77.7,False,False,No festival
2024-03-05,CHE,Chennai,33.1,0.0,62.93,70.63,False,False,No festival
2024-03-05,DEL,Delhi NCR,34.85,0.0,54.24,150.39,False,False,No festival
2024-03-05,HYD,Hyderabad,36.02,0.0,48.99,119.07,False,False,No festival
2024-03-05,KOL,Kolkata,31.67,0.0,67.09,126.61,False,False,No festival
2024-03-05,MUM,Mumbai,30.8,0.0,80.82,79.95,False,False,No festival
2024-03-05,PUN,Pune,29.06,0.0,55.94,65.36,False,False,No festival
2024-03-06,AMD,Ahmedabad,34.04,0.0,47.38,125.88,False,False,No festival
2024-03-06,BLR,Bengaluru,27.18,0.0,72.92,25.0,False,False,No festival
2024-03-06,CHE,Chennai,32.71,0.0,63.13,119.68,False,False,No festival
2024-03-06,DEL,Delhi NCR,29.47,4.19,65.24,153.95,False,False,No festival
2024-03-06,HYD,Hyderabad,35.41,0.0,58.92,78.49,False,False,No festival
2024-03-06,KOL,Kolkata,30.3,0.0,73.89,117.06,False,False,No festival
2024-03-06,MUM,Mumbai,32.91,0.0,69.48,138.52,False,False,No festival
2024-03-06,PUN,Pune,29.75,0.0,58.26,84.03,False,False,No festival
2024-03-07,AMD,Ahmedabad,32.89,0.0,47.23,131.63,False,False,No festival
2024-03-07,BLR,Bengaluru,26.01,0.0,64.17,55.49,False,False,No festival
2024-03-07,CHE,Chennai,31.79,0.0,70.62,70.17,False,False,No festival
2024-03-07,DEL,Delhi NCR,34.38,0.0,50.28,200.13,False,False,No festival
2024-03-07,HYD,Hyderabad,31.69,0.0,50.47,144.19,False,False,No festival
2024-03-07,KOL,Kolkata,30.62,0.0,64.85,113.83,False,False,No festival
2024-03-07,MUM,Mumbai,33.02,0.0,73.34,121.79,False,False,No festival
2024-03-07,PUN,Pune,29.03,0.0,56.06,82.72,False,False,No festival
2024-03-08,AMD,Ahmedabad,35.9,0.0,33.0,115.44,False,False,No festival
2024-03-08,BLR,Bengaluru,29.09,0.0,67.2,99.3,False,False,No festival
2024-03-08,CHE,Chennai,33.01,0.0,80.07,50.15,False,False,No festival
2024-03-08,DEL,Delhi NCR,33.79,0.0,39.18,192.88,False,False,No festival
2024-03-08,HYD,Hyderabad,33.06,0.0,56.33,106.73,False,False,No festival
2024-03-08,KOL,Kolkata,32.39,0.0,76.64,113.47,False,False,No festival
2024-03-08,MUM,Mumbai,30.82,0.0,65.71,104.67,False,False,No festival
2024-03-08,PUN,Pune,28.56,0.0,63.12,65.55,False,False,No festival
2024-03-09,AMD,Ahmedabad,35.64,0.0,41.17,153.69,False,False,No festival
2024-03-09,BLR,Bengaluru,27.12,0.0,54.57,73.14,False,False,No festival
2024-03-09,CHE,Chennai,29.64,0.0,78.14,74.91,False,False,No festival
2024-03-09,DEL,Delhi NCR,33.12,0.0,49.49,156.58,False,False,No festival
2024-03-09,HYD,Hyderabad,31.81,0.0,65.86,108.76,False,False,No festival
2024-03-09,KOL,Kolkata,29.78,0.0,66.82,151.01,False,False,No festival
2024-03-09,MUM,Mumbai,33.13,0.0,64.47,98.2,False,False,No festival
2024-03-09,PUN,Pune,29.59,0.0,60.06,84.39,False,False,No festival
2024-03-10,AMD,Ahmedabad,34.84,0.0,42.51,122.74,False,False,No festival
2024-03-10,BLR,Bengaluru,31.68,0.0,64.35,82.25,False,False,No festival
2024-03-10,CHE,Chennai,30.08,0.0,69.97,119.43,False,False,No festival
2024-03-10,DEL,Delhi NCR,31.94,0.0,49.96,164.05,False,False,No festival
2024-03-10,HYD,Hyderabad,30.25,0.0,44.38,60.78,False,False,No festival
2024-03-10,KOL,Kolkata,29.34,0.0,64.02,131.54,False,False,No festival
2024-03-10,MUM,Mumbai,31.21,0.0,71.15,78.94,False,False,No festival
2024-03-10,PUN,Pune,33.59,5.6,63.6,88.61,False,False,No festival
2024-03-11,AMD,Ahmedabad,31.95,0.0,44.95,108.81,False,False,No festival
2024-03-11,BLR,Bengaluru,26.89,0.0,75.66,102.6,False,False,No festival
2024-03-11,CHE,Chennai,29.51,0.0,68.99,79.72,False,False,No festival
2024-03-11,DEL,Delhi NCR,34.28,0.0,41.24,149.45,False,False,No festival
2024-03-11,HYD,Hyderabad,38.9,0.0,52.58,105.11,False,False,No festival
2024-03-11,KOL,Kolkata,31.56,0.0,62.04,157.14,False,False,No festival
2024-03-11,MUM,Mumbai,31.77,0.0,68.21,53.53,False,False,No festival
2024-03-11,PUN,Pune,30.53,0.0,59.47,49.19,False,False,No festival
2024-03-12,AMD,Ahmedabad,35.26,0.0,43.6,85.67,False,False,No festival
2024-03-12,BLR,Bengaluru,28.47,0.0,65.15,82.51,False,False,No festival
2024-03-12,CHE,Chennai,31.8,0.0,63.69,70.45,False,False,No festival
2024-03-12,DEL,Delhi NCR,34.82,0.0,52.0,157.24,False,False,No festival
2024-03-12,HYD,Hyderabad,32.04,0.0,52.79,89.62,False,False,No festival
2024-03-12,KOL,Kolkata,31.54,3.15,72.82,124.7,False,False,No festival
2024-03-12,MUM,Mumbai,27.94,0.0,75.78,104.07,False,False,No festival
2024-03-12,PUN,Pune,29.11,0.0,62.88,65.35,False,False,No festival
2024-03-13,AMD,Ahmedabad,36.3,0.0,36.71,148.04,False,False,No festival
2024-03-13,BLR,Bengaluru,25.38,0.0,57.89,65.16,False,False,No festival
2024-03-13,CHE,Chennai,30.33,0.0,66.78,73.8,False,False,No festival
2024-03-13,DEL,Delhi NCR,37.86,0.0,55.49,122.44,False,False,No festival
2024-03-13,HYD,Hyderabad,34.81,0.0,55.79,118.26,False,False,No festival
2024-03-13,KOL,Kolkata,32.85,0.0,57.48,149.27,False,False,No festival
2024-03-13,MUM,Mumbai,32.56,0.0,70.16,108.77,False,False,No festival
2024-03-13,PUN,Pune,29.08,0.0,53.85,70.84,False,False,No festival
2024-03-14,AMD,Ahmedabad,35.93,0.0,42.77,94.25,False,False,No festival
2024-03-14,BLR,Bengaluru,28.37,0.0,67.31,53.75,False,False,No festival
2024-03-14,CHE,Chennai,32.82,0.0,70.76,127.64,False,False,No festival
2024-03-14,DEL,Delhi NCR,35.93,0.0,50.21,158.65,False,False,No festival
2024-03-14,HYD,Hyderabad,31.22,0.0,52.06,66.37,False,False,No festival
2024-03-14,KOL,Kolkata,33.04,0.0,56.51,99.67,False,False,No festival
2024-03-14,MUM,Mumbai,28.63,0.0,75.55,109.6,False,False,No festival
2024-03-14,PUN,Pune,29.91,0.0,63.19,90.19,False,False,No festival
2024-03-15,AMD,Ahmedabad,34.76,0.0,47.73,101.69,False,False,No festival
2024-03-15,BLR,Bengaluru,28.04,0.0,60.18,73.37,False,False,No festival
2024-03-15,CHE,Chennai,33.74,0.0,65.42,111.47,False,False,No festival
2024-03-15,DEL,Delhi NCR,34.99,0.0,40.3,140.41,False,False,No festival
2024-03-15,HYD,Hyderabad,31.03,0.0,51.52,109.5,False,False,No festival
2024-03-15,KOL,Kolkata,32.21,0.0,70.77,84.8,False,False,No festival
2024-03-15,MUM,Mumbai,28.51,13.97,75.09,79.94,False,False,No festival
2024-03-15,PUN,Pune,30.75,0.0,67.12,87.13,False,False,No festival
2024-03-16,AMD,Ahmedabad,33.25,0.0,43.68,121.71,False,False,No festival
2024-03-16,BLR,Bengaluru,28.97,0.0,69.0,44.13,False,False,No festival
2024-03-16,CHE,Chennai,34.72,0.0,64.83,74.11,False,False,No festival
2024-03-16,DEL,Delhi NCR,34.75,0.0,48.79,197.48,False,False,No festival
2024-03-16,HYD,Hyderabad,31.68,0.0,48.4,121.94,False,False,No festival
2024-03-16,KOL,Kolkata,31.57,0.0,69.74,89.82,False,False,No festival
2024-03-16,MUM,Mumbai,30.9,0.0,69.27,114.2,False,False,No festival
2024-03-16,PUN,Pune,30.23,0.0,40.37,67.78,False,False,No festival
2024-03-17,AMD,Ahmedabad,32.9,0.0,42.47,65.53,False,False,No festival
2024-03-17,BLR,Bengaluru,28.79,0.0,64.24,97.78,False,False,No festival
2024-03-17,CHE,Chennai,33.19,0.0,67.74,91.47,False,False,No festival
2024-03-17,DEL,Delhi NCR,35.03,0.0,43.85,155.39,False,False,No festival
2024-03-17,HYD,Hyderabad,32.74,0.0,54.45,63.63,False,False,No festival
2024-03-17,KOL,Kolkata,31.45,0.0,70.6,101.85,False,False,No festival
2024-03-17,MUM,Mumbai,30.76,0.0,68.4,123.45,False,False,No festival
2024-03-17,PUN,Pune,29.28,0.0,52.63,75.62,False,False,No festival
2024-03-18,AMD,Ahmedabad,36.04,0.0,40.51,80.23,False,False,No festival
2024-03-18,BLR,Bengaluru,26.53,0.0,57.42,100.99,False,False,No festival
2024-03-18,CHE,Chennai,33.31,0.0,69.6,84.5,False,False,No festival
2024-03-18,DEL,Delhi NCR,38.58,0.0,40.14,149.63,False,False,No festival
2024-03-18,HYD,Hyderabad,32.08,0.0,55.01,56.98,False,False,No festival
2024-03-18,KOL,Kolkata,31.05,0.0,74.17,125.39,False,False,No festival
2024-03-18,MUM,Mumbai,28.97,0.0,74.61,88.6,False,False,No festival
2024-03-18,PUN,Pune,30.73,0.0,56.46,90.75,False,False,No festival
2024-03-19,AMD,Ahmedabad,38.77,0.0,34.67,128.49,False,False,No festival
2024-03-19,BLR,Bengaluru,26.26,0.0,60.76,60.98,False,False,No festival
2024-03-19,CHE,Chennai,32.16,0.0,72.87,108.2,False,False,No festival
2024-03-19,DEL,Delhi NCR,37.89,0.0,50.57,162.27,False,False,No festival
2024-03-19,HYD,Hyderabad,33.73,0.0,51.53,85.61,False,False,No festival
2024-03-19,KOL,Kolkata,34.02,0.0,71.15,109.83,False,False,No festival
2024-03-19,MUM,Mumbai,32.52,0.0,77.96,65.77,False,False,No festival
2024-03-19,PUN,Pune,30.29,0.0,51.02,111.96,False,False,No festival
2024-03-20,AMD,Ahmedabad,35.91,0.0,41.71,109.26,False,False,No festival
2024-03-20,BLR,Bengaluru,28.43,0.0,61.91,70.07,False,False,No festival
2024-03-20,CHE,Chennai,29.21,0.0,75.45,101.09,False,False,No festival
2024-03-20,DEL,Delhi NCR,36.78,0.0,43.55,145.6,False,False,No festival
2024-03-20,HYD,Hyderabad,34.01,0.0,60.92,113.34,False,False,No festival
2024-03-20,KOL,Kolkata,31.17,0.0,72.59,113.57,False,False,No festival
2024-03-20,MUM,Mumbai,29.2,0.0,65.53,89.18,False,False,No festival
2024-03-20,PUN,Pune,32.37,0.0,57.4,46.26,False,False,No festival
2024-03-21,AMD,Ahmedabad,37.65,0.0,40.73,134.14,False,False,No festival
2024-03-21,BLR,Bengaluru,25.65,0.0,71.4,33.01,False,False,No festival
2024-03-21,CHE,Chennai,33.41,0.0,69.4,64.56,False,False,No festival
2024-03-21,DEL,Delhi NCR,37.25,0.0,44.94,141.21,False,False,No festival
2024-03-21,HYD,Hyderabad,33.19,0.0,56.77,111.67,False,False,No festival
2024-03-21,KOL,Kolkata,34.31,0.0,69.32,135.55,False,False,No festival
2024-03-21,MUM,Mumbai,32.0,0.0,64.51,140.02,False,False,No festival
2024-03-21,PUN,Pune,30.8,0.0,64.37,106.97,False,False,No festival
2024-03-22,AMD,Ahmedabad,38.26,12.13,54.02,86.43,False,False,No festival
2024-03-22,BLR,Bengaluru,26.67,0.0,72.74,49.05,False,False,No festival
2024-03-22,CHE,Chennai,33.44,0.0,76.32,90.52,False,False,No festival
2024-03-22,DEL,Delhi NCR,35.92,0.0,43.09,174.54,False,False,No festival
2024-03-22,HYD,Hyderabad,34.16,0.0,55.09,136.29,False,False,No festival
2024-03-22,KOL,Kolkata,31.12,0.0,74.07,125.8,False,False,No festival
2024-03-22,MUM,Mumbai,31.0,10.04,86.99,103.13,False,False,No festival
2024-03-22,PUN,Pune,31.42,0.0,64.55,50.79,False,False,No festival
2024-03-23,AMD,Ahmedabad,34.07,0.0,46.13,113.47,False,True,Holi
2024-03-23,BLR,Bengaluru,28.3,0.0,63.69,80.89,False,True,Holi
2024-03-23,CHE,Chennai,30.96,0.0,72.27,87.97,False,True,Holi
2024-03-23,DEL,Delhi NCR,35.72,0.0,46.54,190.19,False,True,Holi
2024-03-23,HYD,Hyderabad,36.71,0.0,47.09,119.84,False,True,Holi
2024-03-23,KOL,Kolkata,31.94,0.0,76.4,136.22,False,True,Holi
2024-03-23,MUM,Mumbai,29.8,0.0,69.66,67.38,False,True,Holi
2024-03-23,PUN,Pune,29.08,0.0,68.43,58.26,False,True,Holi
2024-03-24,AMD,Ahmedabad,39.04,0.0,45.49,86.43,False,True,Holi
2024-03-24,BLR,Bengaluru,26.37,0.0,73.23,57.36,False,True,Holi
2024-03-24,CHE,Chennai,30.56,0.0,78.93,100.25,False,True,Holi
2024-03-24,DEL,Delhi NCR,37.45,0.0,44.62,183.71,False,True,Holi
2024-03-24,HYD,Hyderabad,35.51,0.0,51.47,53.89,False,True,Holi
2024-03-24,KOL,Kolkata,30.42,0.0,66.49,130.33,False,True,Holi
2024-03-24,MUM,Mumbai,33.35,0.0,64.73,87.25,False,True,Holi
2024-03-24,PUN,Pune,29.81,0.0,58.46,31.72,False,True,Holi
2024-03-25,AMD,Ahmedabad,37.51,0.0,47.5,98.54,False,True,Holi
2024-03-25,BLR,Bengaluru,27.41,0.0,63.81,71.6,False,True,Holi
2024-03-25,CHE,Chennai,30.06,0.0,70.53,96.05,False,True,Holi
2024-03-25,DEL,Delhi NCR,38.43,0.0,42.14,168.74,False,True,Holi
2024-03-25,HYD,Hyderabad,33.11,0.0,55.07,104.79,False,True,Holi
2024-03-25,KOL,Kolkata,36.33,0.0,70.7,148.83,False,True,Holi
2024-03-25,MUM,Mumbai,31.49,0.0,68.43,78.85,False,True,Holi
2024-03-25,PUN,Pune,30.18,0.0,58.53,96.28,False,True,Holi
2024-03-26,AMD,Ahmedabad,39.1,0.0,38.62,104.94,False,True,Holi
2024-03-26,BLR,Bengaluru,28.86,0.0,53.9,97.58,False,True,Holi
2024-03-26,CHE,Chennai,33.47,0.0,75.67,49.65,False,True,Holi
2024-03-26,DEL,Delhi NCR,37.77,0.0,47.68,162.2,False,True,Holi
2024-03-26,HYD,Hyderabad,32.67,0.0,49.58,107.9,False,True,Holi
2024-03-26,KOL,Kolkata,35.93,0.0,63.59,129.22,False,True,Holi
2024-03-26,MUM,Mumbai,31.6,0.0,67.84,105.0,False,True,Holi
2024-03-26,PUN,Pune,34.01,0.0,55.54,57.03,False,True,Holi
2024-03-27,AMD,Ahmedabad,38.27,0.0,35.99,105.0,False,False,No festival
2024-03-27,BLR,Bengaluru,31.09,0.0,68.71,79.24,False,False,No festival
2024-03-27,CHE,Chennai,32.6,0.0,74.79,55.51,False,False,No festival
2024-03-27,DEL,Delhi NCR,38.8,0.0,46.45,171.05,False,False,No festival
2024-03-27,HYD,Hyderabad,35.68,0.0,53.07,90.84,False,False,No festival
2024-03-27,KOL,Kolkata,33.49,0.0,71.87,129.53,False,False,No festival
2024-03-27,MUM,Mumbai,32.97,0.0,59.71,115.1,False,False,No festival
2024-03-27,PUN,Pune,33.16,0.0,57.84,127.16,False,False,No festival
2024-03-28,AMD,Ahmedabad,36.53,0.0,47.33,127.97,False,False,No festival
2024-03-28,BLR,Bengaluru,28.89,0.0,58.25,72.79,False,False,No festival
2024-03-28,CHE,Chennai,33.13,0.0,71.57,85.73,False,False,No festival
2024-03-28,DEL,Delhi NCR,39.96,0.0,43.98,163.26,False,False,No festival
2024-03-28,HYD,Hyderabad,33.7,0.0,50.44,100.49,False,False,No festival
2024-03-28,KOL,Kolkata,32.48,0.0,63.83,118.9,False,False,No festival
2024-03-28,MUM,Mumbai,31.85,0.0,72.93,66.76,False,False,No festival
2024-03-28,PUN,Pune,32.75,0.0,62.21,91.64,False,False,No festival
2024-03-29,AMD,Ahmedabad,36.89,0.0,31.4,116.31,False,False,No festival
2024-03-29,BLR,Bengaluru,31.58,0.0,63.3,61.97,False,False,No festival
2024-03-29,CHE,Chennai,33.83,0.0,64.96,118.05,False,False,No festival
2024-03-29,DEL,Delhi NCR,35.94,0.0,42.81,179.23,False,False,No festival
2024-03-29,HYD,Hyderabad,33.45,9.31,67.8,113.93,False,False,No festival
2024-03-29,KOL,Kolkata,30.21,0.0,69.24,90.93,False,False,No festival
2024-03-29,MUM,Mumbai,31.72,0.0,76.54,78.27,False,False,No festival
2024-03-29,PUN,Pune,30.36,0.0,58.09,94.38,False,False,No festival
2024-03-30,AMD,Ahmedabad,38.38,0.0,36.47,110.13,False,False,No festival
2024-03-30,BLR,Bengaluru,29.45,0.0,61.27,74.42,False,False,No festival
2024-03-30,CHE,Chennai,35.98,0.0,71.76,110.25,False,False,No festival
2024-03-30,DEL,Delhi NCR,35.48,0.0,46.98,170.58,False,False,No festival
2024-03-30,HYD,Hyderabad,37.03,0.0,45.42,128.06,False,False,No festival
2024-03-30,KOL,Kolkata,29.21,0.0,70.28,132.47,False,False,No festival
2024-03-30,MUM,Mumbai,32.49,0.0,64.43,118.96,False,False,No festival
2024-03-30,PUN,Pune,31.45,0.0,55.09,97.13,False,False,No festival
2024-03-31,AMD,Ahmedabad,36.36,0.0,48.33,136.77,False,False,No festival
2024-03-31,BLR,Bengaluru,28.49,0.0,75.39,56.15,False,False,No festival
2024-03-31,CHE,Chennai,31.94,0.0,70.18,89.67,False,False,No festival
2024-03-31,DEL,Delhi NCR,35.15,0.0,36.59,148.05,False,False,No festival
2024-03-31,HYD,Hyderabad,38.42,0.0,46.32,102.31,False,False,No festival
2024-03-31,KOL,Kolkata,33.45,0.0,68.14,87.22,False,False,No festival
2024-03-31,MUM,Mumbai,32.4,0.0,68.93,89.06,False,False,No festival
2024-03-31,PUN,Pune,31.05,0.0,65.78,70.3,False,False,No festival
2024-04-01,AMD,Ahmedabad,38.05,0.0,41.88,125.52,False,False,No festival
2024-04-01,BLR,Bengaluru,29.52,0.0,71.74,92.83,False,False,No festival
2024-04-01,CHE,Chennai,32.38,0.0,59.18,107.73,False,False,No festival
2024-04-01,DEL,Delhi NCR,34.96,0.0,43.29,201.81,False,False,No festival
2024-04-01,HYD,Hyderabad,34.74,0.0,49.35,88.32,False,False,No festival
2024-04-01,KOL,Kolkata,31.25,0.0,58.76,170.55,False,False,No festival
2024-04-01,MUM,Mumbai,30.94,0.0,68.3,49.97,False,False,No festival
2024-04-01,PUN,Pune,32.78,0.0,53.87,98.54,False,False,No festival
2024-04-02,AMD,Ahmedabad,40.5,0.0,37.11,127.81,True,False,No festival
2024-04-02,BLR,Bengaluru,30.2,0.0,46.45,74.65,False,False,No festival
2024-04-02,CHE,Chennai,34.23,0.0,77.02,91.63,False,False,No festival
2024-04-02,DEL,Delhi NCR,38.56,0.0,46.2,141.69,False,False,No festival
2024-04-02,HYD,Hyderabad,36.17,0.0,48.61,104.52,False,False,No festival
2024-04-02,KOL,Kolkata,36.43,0.0,65.96,89.21,False,False,No festival
2024-04-02,MUM,Mumbai,34.02,0.0,70.69,88.61,False,False,No festival
2024-04-02,PUN,Pune,30.71,0.0,53.07,77.98,False,False,No festival
2024-04-03,AMD,Ahmedabad,36.46,0.0,41.65,120.47,False,False,No festival
2024-04-03,BLR,Bengaluru,29.71,0.0,58.88,53.42,False,False,No festival
2024-04-03,CHE,Chennai,34.77,0.0,76.55,101.64,False,False,No festival
2024-04-03,DEL,Delhi NCR,36.86,0.0,55.83,201.03,False,False,No festival
2024-04-03,HYD,Hyderabad,37.79,0.0,52.83,84.31,False,False,No festival
2024-04-03,KOL,Kolkata,32.54,0.0,64.8,94.31,False,False,No festival
2024-04-03,MUM,Mumbai,32.63,0.0,68.37,80.09,False,False,No festival
2024-04-03,PUN,Pune,34.19,0.0,44.17,112.66,False,False,No festival
2024-04-04,AMD,Ahmedabad,38.33,0.0,36.81,145.34,False,False,No festival
2024-04-04,BLR,Bengaluru,26.76,0.0,59.95,98.82,False,False,No festival
2024-04-04,CHE,Chennai,32.2,19.21,85.88,96.41,False,False,No festival
2024-04-04,DEL,Delhi NCR,36.57,0.0,49.2,144.92,False,False,No festival
2024-04-04,HYD,Hyderabad,35.62,0.0,55.73,120.18,False,False,No festival
2024-04-04,KOL,Kolkata,34.02,0.0,67.34,107.3,False,False,No festival
2024-04-04,MUM,Mumbai,31.82,0.0,76.19,105.64,False,False,No festival
2024-04-04,PUN,Pune,30.75,0.0,54.95,72.66,False,False,No festival
2024-04-05,AMD,Ahmedabad,37.37,0.0,41.14,98.97,False,False,No festival
2024-04-05,BLR,Bengaluru,29.63,5.53,65.4,123.78,False,False,No festival
2024-04-05,CHE,Chennai,34.56,0.0,79.43,110.61,False,False,No festival
2024-04-05,DEL,Delhi NCR,38.88,0.0,43.11,165.92,False,False,No festival
2024-04-05,HYD,Hyderabad,31.56,0.0,52.64,88.73,False,False,No festival
2024-04-05,KOL,Kolkata,32.81,0.0,64.53,130.04,False,False,No festival
2024-04-05,MUM,Mumbai,35.87,0.0,62.33,71.2,False,False,No festival
2024-04-05,PUN,Pune,30.55,0.0,57.03,107.68,False,False,No festival
2024-04-06,AMD,Ahmedabad,36.56,0.0,38.08,85.06,False,False,No festival
2024-04-06,BLR,Bengaluru,27.69,0.0,62.16,71.68,False,False,No festival
2024-04-06,CHE,Chennai,30.73,0.0,68.07,42.03,False,False,No festival
2024-04-06,DEL,Delhi NCR,35.22,0.0,43.8,151.0,False,False,No festival
2024-04-06,HYD,Hyderabad,30.85,3.15,65.92,109.65,False,False,No festival
2024-04-06,KOL,Kolkata,35.89,0.0,64.58,177.49,False,False,No festival
2024-04-06,MUM,Mumbai,29.17,0.0,74.96,83.32,False,False,No festival
2024-04-06,PUN,Pune,29.16,0.0,57.24,92.28,False,False,No festival
2024-04-07,AMD,Ahmedabad,41.27,0.0,35.85,111.04,True,False,No festival
2024-04-07,BLR,Bengaluru,24.74,0.0,65.51,66.34,False,False,No festival
2024-04-07,CHE,Chennai,32.16,0.0,81.95,72.29,False,False,No festival
2024-04-07,DEL,Delhi NCR,37.61,0.0,46.83,159.15,False,False,No festival
2024-04-07,HYD,Hyderabad,36.37,0.0,53.47,100.59,False,False,No festival
2024-04-07,KOL,Kolkata,33.82,0.0,65.86,113.53,False,False,No festival
2024-04-07,MUM,Mumbai,31.92,0.0,69.47,107.45,False,False,No festival
2024-04-07,PUN,Pune,34.55,0.0,56.34,69.61,False,False,No festival
2024-04-08,AMD,Ahmedabad,38.55,0.0,40.36,113.67,False,False,No festival
2024-04-08,BLR,Bengaluru,32.79,0.0,57.12,80.59,False,False,No festival
2024-04-08,CHE,Chennai,33.38,0.0,68.0,93.32,False,False,No festival
2024-04-08,DEL,Delhi NCR,35.82,0.0,46.01,161.48,False,False,No festival
2024-04-08,HYD,Hyderabad,39.12,0.0,55.78,126.67,False,False,No festival
2024-04-08,KOL,Kolkata,30.91,0.0,67.96,109.16,False,False,No festival
2024-04-08,MUM,Mumbai,32.35,0.0,65.51,81.01,False,False,No festival
2024-04-08,PUN,Pune,34.0,0.0,47.29,83.53,False,False,No festival
2024-04-09,AMD,Ahmedabad,40.71,0.0,31.05,123.68,True,True,Eid
2024-04-09,BLR,Bengaluru,27.05,0.0,68.81,101.41,False,True,Eid
2024-04-09,CHE,Chennai,34.05,0.0,78.43,87.86,False,True,Eid
2024-04-09,DEL,Delhi NCR,38.83,0.0,60.55,149.92,False,True,Eid
2024-04-09,HYD,Hyderabad,39.23,0.0,55.96,92.82,False,True,Eid
2024-04-09,KOL,Kolkata,37.55,0.46,69.1,137.52,False,True,Eid
2024-04-09,MUM,Mumbai,31.57,0.0,73.25,112.19,False,True,Eid
2024-04-09,PUN,Pune,31.89,0.0,54.16,103.98,False,True,Eid
2024-04-10,AMD,Ahmedabad,36.75,0.0,39.31,93.4,False,True,Eid
2024-04-10,BLR,Bengaluru,28.9,0.0,62.88,85.4,False,True,Eid
2024-04-10,CHE,Chennai,32.18,0.0,74.2,90.6,False,True,Eid
2024-04-10,DEL,Delhi NCR,38.45,0.0,50.78,195.57,False,True,Eid
2024-04-10,HYD,Hyderabad,35.86,0.0,52.95,90.89,False,True,Eid
2024-04-10,KOL,Kolkata,34.21,0.0,79.95,142.94,False,True,Eid
2024-04-10,MUM,Mumbai,29.72,0.0,79.81,68.37,False,True,Eid
2024-04-10,PUN,Pune,30.7,0.0,58.9,114.92,False,True,Eid
2024-04-11,AMD,Ahmedabad,39.11,0.0,51.68,111.05,False,True,Eid
2024-04-11,BLR,Bengaluru,30.48,0.0,61.33,59.44,False,True,Eid
2024-04-11,CHE,Chennai,32.47,0.0,71.7,45.19,False,True,Eid
2024-04-11,DEL,Delhi NCR,36.84,0.0,46.14,181.0,False,True,Eid
2024-04-11,HYD,Hyderabad,36.32,0.0,52.39,80.53,False,True,Eid
2024-04-11,KOL,Kolkata,35.02,0.0,59.08,115.84,False,True,Eid
2024-04-11,MUM,Mumbai,31.89,0.0,79.11,55.56,False,True,Eid
2024-04-11,PUN,Pune,33.85,0.0,53.98,28.77,False,True,Eid
2024-04-12,AMD,Ahmedabad,33.92,0.0,41.03,110.06,False,True,Eid
2024-04-12,BLR,Bengaluru,30.49,0.29,71.91,55.25,False,True,Eid
2024-04-12,CHE,Chennai,34.46,0.0,76.34,111.68,False,True,Eid
2024-04-12,DEL,Delhi NCR,37.58,24.68,53.73,193.13,False,True,Eid
2024-04-12,HYD,Hyderabad,34.91,0.0,58.54,97.31,False,True,Eid
2024-04-12,KOL,Kolkata,36.83,0.0,61.35,163.91,False,True,Eid
2024-04-12,MUM,Mumbai,35.21,0.0,71.0,124.78,False,True,Eid
2024-04-12,PUN,Pune,31.78,0.0,58.73,51.18,False,True,Eid
2024-04-13,AMD,Ahmedabad,37.97,0.0,44.44,99.53,False,False,No festival
2024-04-13,BLR,Bengaluru,30.68,0.0,60.51,79.5,False,False,No festival
2024-04-13,CHE,Chennai,36.84,0.0,65.25,73.75,False,False,No festival
2024-04-13,DEL,Delhi NCR,39.0,0.0,41.93,147.13,False,False,No festival
2024-04-13,HYD,Hyderabad,32.7,0.0,56.12,73.1,False,False,No festival
2024-04-13,KOL,Kolkata,35.07,0.0,68.07,150.24,False,False,No festival
2024-04-13,MUM,Mumbai,32.8,0.0,69.75,83.17,False,False,No festival
2024-04-13,PUN,Pune,31.46,0.0,64.16,56.99,False,False,No festival
2024-04-14,AMD,Ahmedabad,39.2,0.0,50.32,105.68,False,False,No festival
2024-04-14,BLR,Bengaluru,28.47,0.0,54.01,72.11,False,False,No festival
2024-04-14,CHE,Chennai,31.53,0.0,69.95,63.99,False,False,No festival
2024-04-14,DEL,Delhi NCR,38.71,0.0,51.36,145.59,False,False,No festival
2024-04-14,HYD,Hyderabad,35.79,0.0,56.77,97.17,False,False,No festival
2024-04-14,KOL,Kolkata,32.28,0.0,66.86,122.25,False,False,No festival
2024-04-14,MUM,Mumbai,33.6,0.0,60.36,96.56,False,False,No festival
2024-04-14,PUN,Pune,34.75,0.0,52.47,128.11,False,False,No festival
2024-04-15,AMD,Ahmedabad,39.56,0.0,30.92,108.47,False,False,No festival
2024-04-15,BLR,Bengaluru,26.87,0.0,67.24,67.19,False,False,No festival
2024-04-15,CHE,Chennai,33.13,0.0,66.62,103.6,False,False,No festival
2024-04-15,DEL,Delhi NCR,39.53,4.97,52.15,136.8,False,False,No festival
2024-04-15,HYD,Hyderabad,33.19,0.0,51.25,83.3,False,False,No festival
2024-04-15,KOL,Kolkata,34.33,0.0,75.12,147.55,False,False,No festival
2024-04-15,MUM,Mumbai,32.54,0.0,71.19,142.08,False,False,No festival
2024-04-15,PUN,Pune,30.84,0.0,55.15,65.14,False,False,No festival
2024-04-16,AMD,Ahmedabad,39.77,0.0,48.78,80.21,False,False,No festival
2024-04-16,BLR,Bengaluru,26.74,0.0,65.05,70.99,False,False,No festival
2024-04-16,CHE,Chennai,34.94,0.0,73.77,95.82,False,False,No festival
2024-04-16,DEL,Delhi NCR,38.49,0.0,46.13,155.43,False,False,No festival
2024-04-16,HYD,Hyderabad,33.29,0.0,48.17,102.62,False,False,No festival
2024-04-16,KOL,Kolkata,28.36,0.0,67.35,108.07,False,False,No festival
2024-04-16,MUM,Mumbai,30.28,0.0,70.25,135.27,False,False,No festival
2024-04-16,PUN,Pune,35.09,0.0,50.63,74.56,False,False,No festival
2024-04-17,AMD,Ahmedabad,40.22,0.0,40.68,117.47,True,False,No festival
2024-04-17,BLR,Bengaluru,25.6,0.0,67.3,59.29,False,False,No festival
2024-04-17,CHE,Chennai,35.28,0.0,72.71,98.25,False,False,No festival
2024-04-17,DEL,Delhi NCR,35.78,0.0,48.93,152.76,False,False,No festival
2024-04-17,HYD,Hyderabad,32.92,0.0,48.68,89.04,False,False,No festival
2024-04-17,KOL,Kolkata,34.66,0.0,69.65,120.76,False,False,No festival
2024-04-17,MUM,Mumbai,33.29,0.0,73.94,82.1,False,False,No festival
2024-04-17,PUN,Pune,32.36,4.96,71.06,82.13,False,False,No festival
2024-04-18,AMD,Ahmedabad,39.22,0.0,44.3,79.71,False,False,No festival
2024-04-18,BLR,Bengaluru,31.45,0.0,59.55,83.86,False,False,No festival
2024-04-18,CHE,Chennai,33.91,0.0,74.79,73.06,False,False,No festival
2024-04-18,DEL,Delhi NCR,39.68,0.0,44.71,168.18,False,False,No festival
2024-04-18,HYD,Hyderabad,34.38,0.0,51.44,116.21,False,False,No festival
2024-04-18,KOL,Kolkata,33.76,0.0,73.01,134.12,False,False,No festival
2024-04-18,MUM,Mumbai,30.59,0.0,71.86,93.48,False,False,No festival
2024-04-18,PUN,Pune,32.55,0.0,57.15,111.98,False,False,No festival
2024-04-19,AMD,Ahmedabad,39.89,0.0,46.16,163.55,False,False,No festival
2024-04-19,BLR,Bengaluru,26.97,0.0,66.14,56.34,False,False,No festival
2024-04-19,CHE,Chennai,37.01,0.0,69.54,36.16,False,False,No festival
2024-04-19,DEL,Delhi NCR,38.85,0.0,41.88,156.39,False,False,No festival
2024-04-19,HYD,Hyderabad,36.61,0.0,64.88,82.94,False,False,No festival
2024-04-19,KOL,Kolkata,34.39,0.0,68.73,163.04,False,False,No festival
2024-04-19,MUM,Mumbai,35.03,0.0,72.3,87.69,False,False,No festival
2024-04-19,PUN,Pune,28.95,0.0,61.35,69.15,False,False,No festival
2024-04-20,AMD,Ahmedabad,39.38,0.0,42.25,93.14,False,False,No festival
2024-04-20,BLR,Bengaluru,28.47,0.0,68.16,83.93,False,False,No festival
2024-04-20,CHE,Chennai,34.25,0.0,71.19,93.34,False,False,No festival
2024-04-20,DEL,Delhi NCR,40.12,16.62,56.9,151.93,True,False,No festival
2024-04-20,HYD,Hyderabad,34.85,0.0,59.81,98.7,False,False,No festival
2024-04-20,KOL,Kolkata,31.97,0.0,66.45,100.97,False,False,No festival
2024-04-20,MUM,Mumbai,29.95,0.0,72.41,96.22,False,False,No festival
2024-04-20,PUN,Pune,30.81,0.0,64.03,113.19,False,False,No festival
2024-04-21,AMD,Ahmedabad,36.9,0.0,45.24,77.34,False,False,No festival
2024-04-21,BLR,Bengaluru,30.23,0.0,56.45,67.71,False,False,No festival
2024-04-21,CHE,Chennai,32.44,0.0,72.87,79.1,False,False,No festival
2024-04-21,DEL,Delhi NCR,37.62,0.0,35.89,179.06,False,False,No festival
2024-04-21,HYD,Hyderabad,36.94,0.0,50.49,87.45,False,False,No festival
2024-04-21,KOL,Kolkata,35.59,0.0,68.78,114.92,False,False,No festival
2024-04-21,MUM,Mumbai,29.36,0.0,72.85,87.14,False,False,No festival
2024-04-21,PUN,Pune,33.21,0.0,54.09,82.1,False,False,No festival
2024-04-22,AMD,Ahmedabad,38.22,0.0,45.09,84.75,False,False,No festival
2024-04-22,BLR,Bengaluru,28.97,0.0,55.99,72.58,False,False,No festival
2024-04-22,CHE,Chennai,32.02,0.0,73.35,106.37,False,False,No festival
2024-04-22,DEL,Delhi NCR,39.1,9.56,55.67,195.37,False,False,No festival
2024-04-22,HYD,Hyderabad,35.81,0.0,47.78,101.37,False,False,No festival
2024-04-22,KOL,Kolkata,31.48,0.0,72.2,128.1,False,False,No festival
2024-04-22,MUM,Mumbai,32.58,0.0,63.92,89.45,False,False,No festival
2024-04-22,PUN,Pune,31.1,0.0,63.26,59.47,False,False,No festival
2024-04-23,AMD,Ahmedabad,38.41,0.0,34.42,63.9,False,False,No festival
2024-04-23,BLR,Bengaluru,28.65,0.0,62.0,90.88,False,False,No festival
2024-04-23,CHE,Chennai,34.72,0.0,70.17,80.65,False,False,No festival
2024-04-23,DEL,Delhi NCR,39.9,0.0,49.56,166.55,False,False,No festival
2024-04-23,HYD,Hyderabad,36.02,0.0,48.88,85.11,False,False,No festival
2024-04-23,KOL,Kolkata,38.92,0.0,60.58,126.34,False,False,No festival
2024-04-23,MUM,Mumbai,33.21,0.0,68.74,66.52,False,False,No festival
2024-04-23,PUN,Pune,30.38,13.04,68.5,80.71,False,False,No festival
2024-04-24,AMD,Ahmedabad,37.51,0.0,44.34,72.98,False,False,No festival
2024-04-24,BLR,Bengaluru,29.86,0.0,51.31,56.86,False,False,No festival
2024-04-24,CHE,Chennai,36.31,0.0,70.78,109.35,False,False,No festival
2024-04-24,DEL,Delhi NCR,38.2,0.0,38.85,148.84,False,False,No festival
2024-04-24,HYD,Hyderabad,33.73,0.0,49.24,88.9,False,False,No festival
2024-04-24,KOL,Kolkata,33.86,0.0,65.91,93.22,False,False,No festival
2024-04-24,MUM,Mumbai,33.96,0.0,68.15,100.44,False,False,No festival
2024-04-24,PUN,Pune,31.07,0.0,64.17,69.25,False,False,No festival
2024-04-25,AMD,Ahmedabad,41.5,0.0,31.92,98.75,True,False,No festival
2024-04-25,BLR,Bengaluru,27.17,0.0,73.69,67.82,False,False,No festival
2024-04-25,CHE,Chennai,33.55,0.0,69.61,82.91,False,False,No festival
2024-04-25,DEL,Delhi NCR,43.09,0.0,56.83,169.64,True,False,No festival
2024-04-25,HYD,Hyderabad,35.56,0.0,49.23,108.84,False,False,No festival
2024-04-25,KOL,Kolkata,37.11,0.0,62.37,137.68,False,False,No festival
2024-04-25,MUM,Mumbai,29.88,0.0,71.94,104.31,False,False,No festival
2024-04-25,PUN,Pune,31.08,0.0,63.84,95.78,False,False,No festival
2024-04-26,AMD,Ahmedabad,40.43,0.0,38.91,82.33,True,False,No festival
2024-04-26,BLR,Bengaluru,28.47,0.0,69.21,105.94,False,False,No festival
2024-04-26,CHE,Chennai,32.5,0.0,74.53,67.07,False,False,No festival
2024-04-26,DEL,Delhi NCR,38.28,0.0,48.69,158.5,False,False,No festival
2024-04-26,HYD,Hyderabad,34.76,0.0,53.16,86.28,False,False,No festival
2024-04-26,KOL,Kolkata,34.91,0.0,71.1,130.78,False,False,No festival
2024-04-26,MUM,Mumbai,31.47,0.0,65.45,111.04,False,False,No festival
2024-04-26,PUN,Pune,33.74,0.0,53.2,65.44,False,False,No festival
2024-04-27,AMD,Ahmedabad,41.63,0.0,39.81,83.18,True,False,No festival
2024-04-27,BLR,Bengaluru,27.05,0.0,62.19,54.5,False,False,No festival
2024-04-27,CHE,Chennai,31.93,0.0,72.29,91.3,False,False,No festival
2024-04-27,DEL,Delhi NCR,38.74,0.0,49.1,147.0,False,False,No festival
2024-04-27,HYD,Hyderabad,34.61,0.0,55.7,84.52,False,False,No festival
2024-04-27,KOL,Kolkata,34.82,0.0,65.23,128.14,False,False,No festival
2024-04-27,MUM,Mumbai,35.59,0.0,75.92,98.04,False,False,No festival
2024-04-27,PUN,Pune,34.3,0.0,51.8,85.02,False,False,No festival
2024-04-28,AMD,Ahmedabad,39.28,0.0,42.62,104.22,False,False,No festival
2024-04-28,BLR,Bengaluru,26.56,0.0,64.0,104.08,False,False,No festival
2024-04-28,CHE,Chennai,34.3,0.0,71.22,79.85,False,False,No festival
2024-04-28,DEL,Delhi NCR,40.56,0.0,38.61,159.01,True,False,No festival
2024-04-28,HYD,Hyderabad,37.5,0.0,49.3,88.08,False,False,No festival
2024-04-28,KOL,Kolkata,36.74,0.0,66.26,118.03,False,False,No festival
2024-04-28,MUM,Mumbai,32.94,0.0,69.83,112.06,False,False,No festival
2024-04-28,PUN,Pune,31.7,0.0,55.04,96.86,False,False,No festival
2024-04-29,AMD,Ahmedabad,38.93,0.0,39.67,104.78,False,False,No festival
2024-04-29,BLR,Bengaluru,29.25,0.0,69.95,34.32,False,False,No festival
2024-04-29,CHE,Chennai,31.08,0.0,72.01,79.69,False,False,No festival
2024-04-29,DEL,Delhi NCR,38.27,0.0,32.8,164.95,False,False,No festival
2024-04-29,HYD,Hyderabad,37.8,0.0,50.95,127.38,False,False,No festival
2024-04-29,KOL,Kolkata,32.7,0.0,57.93,119.66,False,False,No festival
2024-04-29,MUM,Mumbai,32.86,0.0,71.24,109.87,False,False,No festival
2024-04-29,PUN,Pune,30.01,0.0,58.49,79.85,False,False,No festival
2024-04-30,AMD,Ahmedabad,39.99,0.0,43.93,116.22,False,False,No festival
2024-04-30,BLR,Bengaluru,28.56,0.0,53.88,57.94,False,False,No festival
2024-04-30,CHE,Chennai,34.04,0.0,70.49,68.54,False,False,No festival
2024-04-30,DEL,Delhi NCR,38.6,0.0,48.26,206.17,False,False,No festival
2024-04-30,HYD,Hyderabad,37.55,0.0,47.81,82.42,False,False,No festival
2024-04-30,KOL,Kolkata,37.37,0.0,66.32,141.65,False,False,No festival
2024-04-30,MUM,Mumbai,31.01,0.0,76.4,83.4,False,False,No festival
2024-04-30,PUN,Pune,33.66,0.0,55.68,102.48,False,False,No festival
2024-05-01,AMD,Ahmedabad,39.18,0.0,31.35,91.39,False,False,No festival
2024-05-01,BLR,Bengaluru,28.34,0.0,65.89,83.67,False,False,No festival
2024-05-01,CHE,Chennai,31.46,0.0,72.25,55.21,False,False,No festival
2024-05-01,DEL,Delhi NCR,42.83,0.0,42.38,152.39,True,False,No festival
2024-05-01,HYD,Hyderabad,35.88,0.0,49.7,106.03,False,False,No festival
2024-05-01,KOL,Kolkata,35.74,0.0,64.03,91.95,False,False,No festival
2024-05-01,MUM,Mumbai,31.76,0.0,84.65,132.79,False,False,No festival
2024-05-01,PUN,Pune,31.72,0.0,66.58,81.11,False,False,No festival
2024-05-02,AMD,Ahmedabad,34.85,0.0,38.3,109.69,False,False,No festival
2024-05-02,BLR,Bengaluru,26.6,0.0,65.4,75.05,False,False,No festival
2024-05-02,CHE,Chennai,32.13,0.0,72.93,72.74,False,False,No festival
2024-05-02,DEL,Delhi NCR,38.07,2.14,59.96,139.99,False,False,No festival
2024-05-02,HYD,Hyderabad,37.31,0.0,45.79,141.46,False,False,No festival
2024-05-02,KOL,Kolkata,33.28,0.0,71.83,108.21,False,False,No festival
2024-05-02,MUM,Mumbai,31.21,0.0,70.37,86.76,False,False,No festival
2024-05-02,PUN,Pune,29.54,0.0,62.74,88.17,False,False,No festival
2024-05-03,AMD,Ahmedabad,41.33,0.0,29.81,109.81,True,False,No festival
2024-05-03,BLR,Bengaluru,31.19,0.0,56.1,70.87,False,False,No festival
2024-05-03,CHE,Chennai,30.69,0.0,83.3,108.97,False,False,No festival
2024-05-03,DEL,Delhi NCR,35.81,0.0,49.27,141.66,False,False,No festival
2024-05-03,HYD,Hyderabad,34.32,0.0,55.66,117.45,False,False,No festival
2024-05-03,KOL,Kolkata,32.8,0.0,63.43,121.03,False,False,No festival
2024-05-03,MUM,Mumbai,35.01,0.0,65.81,92.24,False,False,No festival
2024-05-03,PUN,Pune,32.47,7.63,68.59,93.49,False,False,No festival
2024-05-04,AMD,Ahmedabad,38.88,0.0,37.09,115.53,False,False,No festival
2024-05-04,BLR,Bengaluru,29.03,0.0,56.36,85.39,False,False,No festival
2024-05-04,CHE,Chennai,32.71,0.0,69.52,92.99,False,False,No festival
2024-05-04,DEL,Delhi NCR,40.07,0.0,52.5,179.15,True,False,No festival
2024-05-04,HYD,Hyderabad,35.57,0.0,60.8,50.43,False,False,No festival
2024-05-04,KOL,Kolkata,35.53,0.0,59.64,112.66,False,False,No festival
2024-05-04,MUM,Mumbai,34.37,0.0,71.17,72.55,False,False,No festival
2024-05-04,PUN,Pune,30.99,0.0,61.48,81.71,False,False,No festival
2024-05-05,AMD,Ahmedabad,38.62,0.0,37.27,86.04,False,False,No festival
2024-05-05,BLR,Bengaluru,27.74,0.0,63.7,89.9,False,False,No festival
2024-05-05,CHE,Chennai,34.02,0.0,68.17,105.08,False,False,No festival
2024-05-05,DEL,Delhi NCR,37.98,1.56,58.25,147.01,False,False,No festival
2024-05-05,HYD,Hyderabad,36.6,0.0,53.44,87.14,False,False,No festival
2024-05-05,KOL,Kolkata,33.68,13.72,72.62,131.43,False,False,No festival
2024-05-05,MUM,Mumbai,36.82,0.0,62.43,79.62,False,False,No festival
2024-05-05,PUN,Pune,30.79,0.0,53.86,64.96,False,False,No festival
2024-05-06,AMD,Ahmedabad,38.48,0.0,31.52,112.85,False,False,No festival
2024-05-06,BLR,Bengaluru,29.22,0.0,61.29,40.35,False,False,No festival
2024-05-06,CHE,Chennai,35.67,0.0,75.36,108.84,False,False,No festival
2024-05-06,DEL,Delhi NCR,37.81,0.0,34.57,147.43,False,False,No festival
2024-05-06,HYD,Hyderabad,33.38,0.0,52.95,105.31,False,False,No festival
2024-05-06,KOL,Kolkata,32.32,0.0,58.65,131.68,False,False,No festival
2024-05-06,MUM,Mumbai,33.21,3.65,84.05,88.52,False,False,No festival
2024-05-06,PUN,Pune,35.0,0.0,59.0,44.94,False,False,No festival
2024-05-07,AMD,Ahmedabad,39.23,0.0,36.3,115.45,False,False,No festival
2024-05-07,BLR,Bengaluru,30.12,0.0,62.64,56.67,False,False,No festival
2024-05-07,CHE,Chennai,35.58,0.0,66.18,67.42,False,False,No festival
2024-05-07,DEL,Delhi NCR,41.84,0.0,47.67,153.13,True,False,No festival
2024-05-07,HYD,Hyderabad,35.82,0.0,57.17,91.9,False,False,No festival
2024-05-07,KOL,Kolkata,33.67,0.0,66.05,89.7,False,False,No festival
2024-05-07,MUM,Mumbai,29.86,0.0,78.39,75.05,False,False,No festival
2024-05-07,PUN,Pune,30.34,0.0,58.98,99.91,False,False,No festival
2024-05-08,AMD,Ahmedabad,35.9,0.0,40.56,136.03,False,False,No festival
2024-05-08,BLR,Bengaluru,29.01,0.0,69.26,40.07,False,False,No festival
2024-05-08,CHE,Chennai,34.4,0.0,74.15,79.78,False,False,No festival
2024-05-08,DEL,Delhi NCR,38.93,0.0,49.4,146.15,False,False,No festival
2024-05-08,HYD,Hyderabad,35.29,0.0,55.62,121.0,False,False,No festival
2024-05-08,KOL,Kolkata,34.89,0.0,77.99,114.06,False,False,No festival
2024-05-08,MUM,Mumbai,33.91,0.0,58.16,75.37,False,False,No festival
2024-05-08,PUN,Pune,32.76,0.0,55.39,108.94,False,False,No festival
2024-05-09,AMD,Ahmedabad,41.98,0.0,50.36,63.38,True,False,No festival
2024-05-09,BLR,Bengaluru,30.88,0.0,68.75,39.23,False,False,No festival
2024-05-09,CHE,Chennai,35.25,0.0,76.49,92.03,False,False,No festival
2024-05-09,DEL,Delhi NCR,37.33,0.0,48.73,178.27,False,False,No festival
2024-05-09,HYD,Hyderabad,33.32,0.0,54.72,102.21,False,False,No festival
2024-05-09,KOL,Kolkata,37.56,0.0,68.62,139.65,False,False,No festival
2024-05-09,MUM,Mumbai,33.09,0.0,69.42,116.58,False,False,No festival
2024-05-09,PUN,Pune,34.64,0.0,55.61,109.34,False,False,No festival
2024-05-10,AMD,Ahmedabad,41.9,0.0,36.53,102.72,True,False,No festival
2024-05-10,BLR,Bengaluru,27.49,0.0,58.16,59.36,False,False,No festival
2024-05-10,CHE,Chennai,33.81,0.0,77.91,70.89,False,False,No festival
2024-05-10,DEL,Delhi NCR,42.8,0.0,47.09,134.7,True,False,No festival
2024-05-10,HYD,Hyderabad,36.17,0.0,53.09,97.0,False,False,No festival
2024-05-10,KOL,Kolkata,34.34,0.0,70.21,131.07,False,False,No festival
2024-05-10,MUM,Mumbai,32.61,0.0,69.81,108.11,False,False,No festival
2024-05-10,PUN,Pune,31.14,0.0,53.98,90.1,False,False,No festival
2024-05-11,AMD,Ahmedabad,42.65,0.0,45.11,93.11,True,False,No festival
2024-05-11,BLR,Bengaluru,29.99,0.0,67.82,72.68,False,False,No festival
2024-05-11,CHE,Chennai,32.94,0.0,72.96,93.86,False,False,No festival
2024-05-11,DEL,Delhi NCR,46.46,0.0,44.46,217.86,True,False,No festival
2024-05-11,HYD,Hyderabad,36.1,0.0,53.19,111.66,False,False,No festival
2024-05-11,KOL,Kolkata,30.77,0.0,70.44,144.61,False,False,No festival
2024-05-11,MUM,Mumbai,32.37,0.0,64.37,73.13,False,False,No festival
2024-05-11,PUN,Pune,33.37,0.0,55.86,41.03,False,False,No festival
2024-05-12,AMD,Ahmedabad,45.5,0.0,40.82,159.62,True,False,No festival
2024-05-12,BLR,Bengaluru,28.4,0.0,57.59,85.83,False,False,No festival
2024-05-12,CHE,Chennai,34.76,0.0,67.47,81.83,False,False,No festival
2024-05-12,DEL,Delhi NCR,44.79,0.0,44.27,142.15,True,False,No festival
2024-05-12,HYD,Hyderabad,33.41,0.0,57.0,107.21,False,False,No festival
2024-05-12,KOL,Kolkata,33.85,0.0,57.46,96.84,False,False,No festival
2024-05-12,MUM,Mumbai,35.32,0.0,72.21,61.55,False,False,No festival
2024-05-12,PUN,Pune,35.48,0.0,49.34,101.3,False,False,No festival
2024-05-13,AMD,Ahmedabad,46.06,2.65,48.38,81.6,True,False,No festival
2024-05-13,BLR,Bengaluru,28.56,0.0,56.54,86.64,False,False,No festival
2024-05-13,CHE,Chennai,31.93,0.0,73.97,57.55,False,False,No festival
2024-05-13,DEL,Delhi NCR,42.11,0.0,45.96,193.75,True,False,No festival
2024-05-13,HYD,Hyderabad,36.99,0.0,51.7,90.71,False,False,No festival
2024-05-13,KOL,Kolkata,35.12,0.0,69.63,114.48,False,False,No festival
2024-05-13,MUM,Mumbai,34.75,0.0,73.02,90.7,False,False,No festival
2024-05-13,PUN,Pune,31.4,0.0,55.98,80.07,False,False,No festival
2024-05-14,AMD,Ahmedabad,42.5,0.0,37.26,115.95,True,False,No festival
2024-05-14,BLR,Bengaluru,30.01,0.0,62.34,51.97,False,False,No festival
2024-05-14,CHE,Chennai,35.57,0.0,65.79,76.76,False,False,No festival
2024-05-14,DEL,Delhi NCR,42.36,0.0,47.76,148.39,True,False,No festival
2024-05-14,HYD,Hyderabad,38.15,0.0,53.5,73.94,False,False,No festival
2024-05-14,KOL,Kolkata,32.1,0.0,68.25,126.35,False,False,No festival
2024-05-14,MUM,Mumbai,34.78,13.14,82.79,91.24,False,False,No festival
2024-05-14,PUN,Pune,33.06,0.0,61.55,110.13,False,False,No festival
2024-05-15,AMD,Ahmedabad,43.02,0.0,33.39,107.33,True,False,No festival
2024-05-15,BLR,Bengaluru,27.04,0.0,56.07,70.92,False,False,No festival
2024-05-15,CHE,Chennai,33.71,0.0,67.44,119.85,False,False,No festival
2024-05-15,DEL,Delhi NCR,46.33,0.0,41.06,172.03,True,False,No festival
2024-05-15,HYD,Hyderabad,32.92,0.0,58.05,81.09,False,False,No festival
2024-05-15,KOL,Kolkata,36.25,0.0,61.91,105.63,False,False,No festival
2024-05-15,MUM,Mumbai,30.67,0.0,76.72,81.12,False,False,No festival
2024-05-15,PUN,Pune,32.5,0.0,65.41,88.93,False,False,No festival
2024-05-16,AMD,Ahmedabad,43.87,0.0,40.8,103.27,True,False,No festival
2024-05-16,BLR,Bengaluru,32.25,0.0,58.1,60.45,False,False,No festival
2024-05-16,CHE,Chennai,37.46,0.0,68.47,125.86,False,False,No festival
2024-05-16,DEL,Delhi NCR,47.33,0.0,42.48,197.23,True,False,No festival
2024-05-16,HYD,Hyderabad,36.82,0.0,59.95,81.49,False,False,No festival
2024-05-16,KOL,Kolkata,35.7,0.0,62.89,112.49,False,False,No festival
2024-05-16,MUM,Mumbai,34.07,0.0,58.88,93.79,False,False,No festival
2024-05-16,PUN,Pune,31.4,0.0,55.0,54.07,False,False,No festival
2024-05-17,AMD,Ahmedabad,47.98,0.0,38.73,124.69,True,False,No festival
2024-05-17,BLR,Bengaluru,26.46,0.0,61.24,64.69,False,False,No festival
2024-05-17,CHE,Chennai,34.4,0.0,65.77,79.57,False,False,No festival
2024-05-17,DEL,Delhi NCR,45.89,0.0,46.18,207.76,True,False,No festival
2024-05-17,HYD,Hyderabad,35.56,6.99,56.88,95.43,False,False,No festival
2024-05-17,KOL,Kolkata,34.95,0.0,59.1,97.53,False,False,No festival
2024-05-17,MUM,Mumbai,33.51,0.0,72.03,111.91,False,False,No festival
2024-05-17,PUN,Pune,32.84,0.0,58.8,124.7,False,False,No festival
2024-05-18,AMD,Ahmedabad,44.72,0.0,39.97,141.28,True,False,No festival
2024-05-18,BLR,Bengaluru,31.73,0.0,57.3,68.94,False,False,No festival
2024-05-18,CHE,Chennai,32.81,0.0,67.67,71.7,False,False,No festival
2024-05-18,DEL,Delhi NCR,44.66,0.0,42.84,148.58,True,False,No festival
2024-05-18,HYD,Hyderabad,35.48,0.0,53.29,109.31,False,False,No festival
2024-05-18,KOL,Kolkata,33.78,0.0,68.32,148.78,False,False,No festival
2024-05-18,MUM,Mumbai,33.05,0.0,75.97,67.79,False,False,No festival
2024-05-18,PUN,Pune,30.57,14.82,77.38,79.58,False,False,No festival
2024-05-19,AMD,Ahmedabad,43.35,0.0,48.69,72.99,True,False,No festival
2024-05-19,BLR,Bengaluru,28.98,0.0,60.16,72.04,False,False,No festival
2024-05-19,CHE,Chennai,31.83,0.0,69.97,119.69,False,False,No festival
2024-05-19,DEL,Delhi NCR,47.09,0.0,47.21,144.42,True,False,No festival
2024-05-19,HYD,Hyderabad,38.54,0.0,48.13,118.9,False,False,No festival
2024-05-19,KOL,Kolkata,32.59,0.0,67.5,135.15,False,False,No festival
2024-05-19,MUM,Mumbai,35.34,0.0,73.81,111.64,False,False,No festival
2024-05-19,PUN,Pune,31.83,0.0,56.42,51.9,False,False,No festival
2024-05-20,AMD,Ahmedabad,48.22,0.0,39.89,129.11,True,False,No festival
2024-05-20,BLR,Bengaluru,29.12,0.0,65.13,70.97,False,False,No festival
2024-05-20,CHE,Chennai,31.65,0.0,70.88,82.9,False,False,No festival
2024-05-20,DEL,Delhi NCR,42.45,0.0,51.63,165.81,True,False,No festival
2024-05-20,HYD,Hyderabad,35.27,0.0,57.82,115.19,False,False,No festival
2024-05-20,KOL,Kolkata,34.06,0.0,65.31,117.74,False,False,No festival
2024-05-20,MUM,Mumbai,32.85,0.0,64.03,76.3,False,False,No festival
2024-05-20,PUN,Pune,32.43,0.0,61.0,49.71,False,False,No festival
2024-05-21,AMD,Ahmedabad,41.74,0.0,39.37,99.96,True,False,No festival
2024-05-21,BLR,Bengaluru,27.7,0.0,59.81,67.58,False,False,No festival
2024-05-21,CHE,Chennai,32.03,0.0,70.47,76.69,False,False,No festival
2024-05-21,DEL,Delhi NCR,44.42,0.0,47.96,146.2,True,False,No festival
2024-05-21,HYD,Hyderabad,39.07,0.0,51.9,96.0,False,False,No festival
2024-05-21,KOL,Kolkata,36.76,0.0,66.66,129.89,False,False,No festival
2024-05-21,MUM,Mumbai,35.44,0.0,71.51,138.09,False,False,No festival
2024-05-21,PUN,Pune,34.12,0.0,57.79,73.23,False,False,No festival
2024-05-22,AMD,Ahmedabad,42.58,0.0,39.25,132.54,True,False,No festival
2024-05-22,BLR,Bengaluru,26.74,0.0,59.54,74.89,False,False,No festival
2024-05-22,CHE,Chennai,30.15,0.0,75.16,83.74,False,False,No festival
2024-05-22,DEL,Delhi NCR,45.39,0.0,40.74,150.08,True,False,No festival
2024-05-22,HYD,Hyderabad,36.74,0.0,58.82,111.33,False,False,No festival
2024-05-22,KOL,Kolkata,36.69,0.0,66.51,123.1,False,False,No festival
2024-05-22,MUM,Mumbai,31.41,0.0,66.22,54.8,False,False,No festival
2024-05-22,PUN,Pune,33.25,0.0,58.6,72.16,False,False,No festival
2024-05-23,AMD,Ahmedabad,43.93,11.19,45.42,137.87,True,False,No festival
2024-05-23,BLR,Bengaluru,28.49,0.0,68.5,47.71,False,False,No festival
2024-05-23,CHE,Chennai,35.02,0.0,71.53,60.81,False,False,No festival
2024-05-23,DEL,Delhi NCR,45.08,0.0,40.53,158.85,True,False,No festival
2024-05-23,HYD,Hyderabad,39.73,0.0,51.46,61.16,False,False,No festival
2024-05-23,KOL,Kolkata,32.7,0.0,63.52,93.89,False,False,No festival
2024-05-23,MUM,Mumbai,31.96,0.0,70.74,84.35,False,False,No festival
2024-05-23,PUN,Pune,31.24,0.0,57.3,103.07,False,False,No festival
2024-05-24,AMD,Ahmedabad,44.73,0.0,38.25,96.2,True,False,No festival
2024-05-24,BLR,Bengaluru,28.02,0.0,62.64,55.96,False,False,No festival
2024-05-24,CHE,Chennai,33.02,0.0,69.19,113.89,False,False,No festival
2024-05-24,DEL,Delhi NCR,43.6,0.0,41.03,188.2,True,False,No festival
2024-05-24,HYD,Hyderabad,37.02,0.0,47.47,91.87,False,False,No festival
2024-05-24,KOL,Kolkata,32.99,0.0,73.55,98.94,False,False,No festival
2024-05-24,MUM,Mumbai,36.14,0.0,67.99,68.31,False,False,No festival
2024-05-24,PUN,Pune,31.94,0.0,62.17,69.6,False,False,No festival
2024-05-25,AMD,Ahmedabad,44.53,0.0,50.51,86.8,True,False,No festival
2024-05-25,BLR,Bengaluru,30.29,0.0,60.37,71.4,False,False,No festival
2024-05-25,CHE,Chennai,34.04,0.0,68.01,42.74,False,False,No festival
2024-05-25,DEL,Delhi NCR,44.43,0.0,38.32,152.52,True,False,No festival
2024-05-25,HYD,Hyderabad,37.64,0.0,50.94,96.39,False,False,No festival
2024-05-25,KOL,Kolkata,32.82,0.0,74.5,116.04,False,False,No festival
2024-05-25,MUM,Mumbai,32.89,0.0,71.24,93.26,False,False,No festival
2024-05-25,PUN,Pune,31.64,0.0,50.53,88.69,False,False,No festival
2024-05-26,AMD,Ahmedabad,39.19,0.0,40.44,117.42,False,False,No festival
2024-05-26,BLR,Bengaluru,29.35,0.0,62.72,72.77,False,False,No festival
2024-05-26,CHE,Chennai,31.74,0.0,75.29,89.94,False,False,No festival
2024-05-26,DEL,Delhi NCR,37.99,0.0,48.11,162.41,False,False,No festival
2024-05-26,HYD,Hyderabad,38.18,0.0,49.62,116.27,False,False,No festival
2024-05-26,KOL,Kolkata,36.74,12.99,79.36,104.32,False,False,No festival
2024-05-26,MUM,Mumbai,29.65,0.0,70.57,40.73,False,False,No festival
2024-05-26,PUN,Pune,31.27,0.0,50.82,93.7,False,False,No festival
2024-05-27,AMD,Ahmedabad,42.26,0.0,37.7,63.22,True,False,No festival
2024-05-27,BLR,Bengaluru,28.83,0.0,58.59,83.76,False,False,No festival
2024-05-27,CHE,Chennai,31.77,0.0,69.46,85.32,False,False,No festival
2024-05-27,DEL,Delhi NCR,39.53,0.0,47.87,127.79,False,False,No festival
2024-05-27,HYD,Hyderabad,35.61,0.0,55.38,72.31,False,False,No festival
2024-05-27,KOL,Kolkata,34.22,0.0,66.47,145.3,False,False,No festival
2024-05-27,MUM,Mumbai,35.28,0.0,65.94,100.82,False,False,No festival
2024-05-27,PUN,Pune,31.61,0.0,60.38,95.46,False,False,No festival
2024-05-28,AMD,Ahmedabad,39.11,0.0,40.79,83.68,False,False,No festival
2024-05-28,BLR,Bengaluru,27.2,0.0,71.01,43.57,False,False,No festival
2024-05-28,CHE,Chennai,34.43,0.0,70.85,74.94,False,False,No festival
2024-05-28,DEL,Delhi NCR,38.83,0.0,37.98,134.39,False,False,No festival
2024-05-28,HYD,Hyderabad,35.13,0.0,49.48,132.42,False,False,No festival
2024-05-28,KOL,Kolkata,36.13,0.0,65.75,106.34,False,False,No festival
2024-05-28,MUM,Mumbai,28.97,0.0,64.58,117.91,False,False,No festival
2024-05-28,PUN,Pune,32.47,22.58,73.8,75.59,False,False,No festival
2024-05-29,AMD,Ahmedabad,39.08,0.0,43.21,106.2,False,False,No festival
2024-05-29,BLR,Bengaluru,27.66,16.45,68.34,41.1,False,False,No festival
2024-05-29,CHE,Chennai,33.83,0.0,74.04,90.54,False,False,No festival
2024-05-29,DEL,Delhi NCR,37.56,0.0,39.04,150.01,False,False,No festival
2024-05-29,HYD,Hyderabad,35.11,0.0,52.38,96.01,False,False,No festival
2024-05-29,KOL,Kolkata,34.16,0.0,64.68,150.07,False,False,No festival
2024-05-29,MUM,Mumbai,31.58,0.0,68.01,56.1,False,False,No festival
2024-05-29,PUN,Pune,30.21,0.0,57.98,68.76,False,False,No festival
2024-05-30,AMD,Ahmedabad,36.1,0.0,55.37,150.3,False,False,No festival
2024-05-30,BLR,Bengaluru,27.84,0.0,62.59,94.18,False,False,No festival
2024-05-30,CHE,Chennai,34.13,0.0,75.23,125.61,False,False,No festival
2024-05-30,DEL,Delhi NCR,39.46,0.0,43.73,154.02,False,False,No festival
2024-05-30,HYD,Hyderabad,35.81,0.0,51.35,80.46,False,False,No festival
2024-05-30,KOL,Kolkata,30.62,0.0,67.14,132.54,False,False,No festival
2024-05-30,MUM,Mumbai,32.19,0.0,75.23,104.66,False,False,No festival
2024-05-30,PUN,Pune,28.77,0.0,63.44,78.65,False,False,No festival
2024-05-31,AMD,Ahmedabad,42.48,0.0,44.99,86.18,True,False,No festival
2024-05-31,BLR,Bengaluru,28.1,0.0,60.35,58.33,False,False,No festival
2024-05-31,CHE,Chennai,32.63,0.0,73.3,56.13,False,False,No festival
2024-05-31,DEL,Delhi NCR,38.54,0.0,47.85,143.0,False,False,No festival
2024-05-31,HYD,Hyderabad,37.77,0.0,44.78,105.55,False,False,No festival
2024-05-31,KOL,Kolkata,33.58,0.0,60.56,105.46,False,False,No festival
2024-05-31,MUM,Mumbai,31.47,0.0,71.24,83.33,False,False,No festival
2024-05-31,PUN,Pune,25.02,0.0,53.4,82.28,False,False,No festival
2024-06-01,AMD,Ahmedabad,39.44,0.0,47.45,123.5,False,False,No festival
2024-06-01,BLR,Bengaluru,27.79,0.0,67.98,90.78,False,False,No festival
2024-06-01,CHE,Chennai,32.37,6.28,83.66,52.55,False,False,No festival
2024-06-01,DEL,Delhi NCR,37.92,0.0,38.46,197.9,False,False,No festival
2024-06-01,HYD,Hyderabad,36.09,0.0,54.07,115.33,False,False,No festival
2024-06-01,KOL,Kolkata,32.61,0.0,68.29,117.98,False,False,No festival
2024-06-01,MUM,Mumbai,32.81,0.0,62.82,73.43,False,False,No festival
2024-06-01,PUN,Pune,32.94,0.0,60.13,72.17,False,False,No festival
2024-06-02,AMD,Ahmedabad,39.81,0.0,46.84,67.17,False,False,No festival
2024-06-02,BLR,Bengaluru,31.63,0.0,61.08,66.58,False,False,No festival
2024-06-02,CHE,Chennai,30.31,0.0,72.63,37.7,False,False,No festival
2024-06-02,DEL,Delhi NCR,39.02,1.98,60.74,154.92,False,False,No festival
2024-06-02,HYD,Hyderabad,36.55,0.0,51.34,125.17,False,False,No festival
2024-06-02,KOL,Kolkata,34.07,0.0,68.97,140.44,False,False,No festival
2024-06-02,MUM,Mumbai,32.67,28.56,87.13,121.28,False,False,No festival
2024-06-02,PUN,Pune,33.07,0.0,56.02,100.97,False,False,No festival
2024-06-03,AMD,Ahmedabad,40.57,2.77,52.76,49.08,True,False,No festival
2024-06-03,BLR,Bengaluru,29.27,0.0,70.09,41.79,False,False,No festival
2024-06-03,CHE,Chennai,31.43,7.33,83.18,55.97,False,False,No festival
2024-06-03,DEL,Delhi NCR,40.42,0.0,37.89,191.95,True,False,No festival
2024-06-03,HYD,Hyderabad,35.55,2.5,68.07,94.5,False,False,No festival
2024-06-03,KOL,Kolkata,34.22,0.0,66.56,119.02,False,False,No festival
2024-06-03,MUM,Mumbai,32.67,18.84,73.43,92.63,False,False,No festival
2024-06-03,PUN,Pune,32.1,0.0,57.93,54.61,False,False,No festival
2024-06-04,AMD,Ahmedabad,39.31,0.0,40.69,114.85,False,False,No festival
2024-06-04,BLR,Bengaluru,28.86,0.0,55.61,63.97,False,False,No festival
2024-06-04,CHE,Chennai,35.95,0.0,67.31,102.41,False,False,No festival
2024-06-04,DEL,Delhi NCR,40.49,0.0,35.16,195.85,True,False,No festival
2024-06-04,HYD,Hyderabad,37.77,0.0,50.86,109.17,False,False,No festival
2024-06-04,KOL,Kolkata,36.34,1.51,77.62,135.82,False,False,No festival
2024-06-04,MUM,Mumbai,34.97,10.19,77.68,70.44,False,False,No festival
2024-06-04,PUN,Pune,30.83,15.96,76.71,93.8,False,False,No festival
2024-06-05,AMD,Ahmedabad,39.41,0.0,42.81,87.07,False,False,No festival
2024-06-05,BLR,Bengaluru,31.59,2.44,70.77,65.59,False,False,No festival
2024-06-05,CHE,Chennai,30.77,0.0,70.53,69.89,False,False,No festival
2024-06-05,DEL,Delhi NCR,36.38,8.64,62.77,173.03,False,False,No festival
2024-06-05,HYD,Hyderabad,37.19,0.0,53.2,81.53,False,False,No festival
2024-06-05,KOL,Kolkata,36.1,0.0,60.51,92.97,False,False,No festival
2024-06-05,MUM,Mumbai,33.95,0.0,60.32,106.93,False,False,No festival
2024-06-05,PUN,Pune,34.3,0.0,52.03,94.57,False,False,No festival
2024-06-06,AMD,Ahmedabad,40.67,0.0,48.23,74.16,True,False,No festival
2024-06-06,BLR,Bengaluru,27.54,0.0,57.07,98.22,False,False,No festival
2024-06-06,CHE,Chennai,33.46,0.0,74.88,113.52,False,False,No festival
2024-06-06,DEL,Delhi NCR,38.04,0.0,40.44,205.99,False,False,No festival
2024-06-06,HYD,Hyderabad,36.1,0.0,57.83,134.2,False,False,No festival
2024-06-06,KOL,Kolkata,34.91,0.0,65.99,93.98,False,False,No festival
2024-06-06,MUM,Mumbai,29.96,26.7,86.55,44.66,False,False,No festival
2024-06-06,PUN,Pune,33.22,8.22,59.66,80.87,False,False,No festival
2024-06-07,AMD,Ahmedabad,38.03,0.0,37.25,84.33,False,False,No festival
2024-06-07,BLR,Bengaluru,27.75,3.68,77.0,72.36,False,False,No festival
2024-06-07,CHE,Chennai,33.73,11.87,82.36,76.65,False,False,No festival
2024-06-07,DEL,Delhi NCR,39.35,0.0,46.49,154.97,False,False,No festival
2024-06-07,HYD,Hyderabad,34.98,0.0,57.45,73.94,False,False,No festival
2024-06-07,KOL,Kolkata,38.81,0.0,60.22,137.75,False,False,No festival
2024-06-07,MUM,Mumbai,32.71,29.08,74.84,108.31,False,False,No festival
2024-06-07,PUN,Pune,30.88,0.7,70.15,103.24,False,False,No festival
2024-06-08,AMD,Ahmedabad,36.83,0.0,40.98,60.77,False,False,No festival
2024-06-08,BLR,Bengaluru,27.32,0.0,65.64,83.19,False,False,No festival
2024-06-08,CHE,Chennai,35.68,5.28,83.6,80.33,False,False,No festival
2024-06-08,DEL,Delhi NCR,37.75,0.0,40.65,184.25,False,False,No festival
2024-06-08,HYD,Hyderabad,32.59,0.0,61.92,93.65,False,False,No festival
2024-06-08,KOL,Kolkata,33.68,0.0,67.53,134.61,False,False,No festival
2024-06-08,MUM,Mumbai,33.2,0.0,63.77,69.69,False,False,No festival
2024-06-08,PUN,Pune,34.39,0.0,55.27,128.38,False,False,No festival
2024-06-09,AMD,Ahmedabad,36.87,11.86,56.3,77.88,False,False,No festival
2024-06-09,BLR,Bengaluru,30.23,0.0,59.21,54.22,False,False,No festival
2024-06-09,CHE,Chennai,29.73,0.0,78.31,86.75,False,False,No festival
2024-06-09,DEL,Delhi NCR,39.17,0.0,51.42,143.42,False,False,No festival
2024-06-09,HYD,Hyderabad,35.41,0.0,47.9,109.3,False,False,No festival
2024-06-09,KOL,Kolkata,35.91,18.23,74.6,164.57,False,False,No festival
2024-06-09,MUM,Mumbai,34.51,11.57,83.94,89.79,False,False,No festival
2024-06-09,PUN,Pune,31.81,0.0,57.6,94.59,False,False,No festival
2024-06-10,AMD,Ahmedabad,39.71,0.0,44.93,101.64,False,False,No festival
2024-06-10,BLR,Bengaluru,30.84,0.0,61.76,65.1,False,False,No festival
2024-06-10,CHE,Chennai,36.21,0.0,67.96,73.76,False,False,No festival
2024-06-10,DEL,Delhi NCR,37.92,0.0,50.41,160.12,False,False,No festival
2024-06-10,HYD,Hyderabad,38.16,12.5,62.4,80.82,False,False,No festival
2024-06-10,KOL,Kolkata,33.3,9.7,74.19,114.23,False,False,No festival
2024-06-10,MUM,Mumbai,33.27,0.0,68.42,86.13,False,False,No festival
2024-06-10,PUN,Pune,32.44,0.0,44.17,61.35,False,False,No festival
2024-06-11,AMD,Ahmedabad,41.29,0.0,41.86,116.67,True,False,No festival
2024-06-11,BLR,Bengaluru,26.05,0.0,67.08,67.22,False,False,No festival
2024-06-11,CHE,Chennai,33.25,0.0,65.66,71.7,False,False,No festival
2024-06-11,DEL,Delhi NCR,38.58,0.0,39.01,104.64,False,False,No festival
2024-06-11,HYD,Hyderabad,35.16,0.0,54.81,158.78,False,False,No festival
2024-06-11,KOL,Kolkata,33.85,0.0,58.8,101.6,False,False,No festival
2024-06-11,MUM,Mumbai,28.74,0.0,70.52,86.14,False,False,No festival
2024-06-11,PUN,Pune,29.14,0.0,59.89,108.32,False,False,No festival
2024-06-12,AMD,Ahmedabad,37.39,8.74,61.24,68.15,False,False,No festival
2024-06-12,BLR,Bengaluru,33.04,13.65,73.51,82.06,False,False,No festival
2024-06-12,CHE,Chennai,34.21,0.0,74.29,148.18,False,False,No festival
2024-06-12,DEL,Delhi NCR,37.19,4.81,54.83,122.54,False,False,No festival
2024-06-12,HYD,Hyderabad,34.12,0.0,58.04,103.07,False,False,No festival
2024-06-12,KOL,Kolkata,33.49,16.88,79.7,139.03,False,False,No festival
2024-06-12,MUM,Mumbai,33.79,0.0,79.74,68.51,False,False,No festival
2024-06-12,PUN,Pune,29.49,17.46,67.83,104.95,False,False,No festival
2024-06-13,AMD,Ahmedabad,39.89,0.0,37.76,98.93,False,False,No festival
2024-06-13,BLR,Bengaluru,26.43,0.0,59.9,64.97,False,False,No festival
2024-06-13,CHE,Chennai,35.14,0.0,70.95,62.7,False,False,No festival
2024-06-13,DEL,Delhi NCR,39.58,0.0,50.06,168.14,False,False,No festival
2024-06-13,HYD,Hyderabad,35.53,0.0,51.42,96.55,False,False,No festival
2024-06-13,KOL,Kolkata,34.97,0.0,71.35,95.47,False,False,No festival
2024-06-13,MUM,Mumbai,30.76,0.0,80.41,86.77,False,False,No festival
2024-06-13,PUN,Pune,33.67,0.0,58.37,120.77,False,False,No festival
2024-06-14,AMD,Ahmedabad,37.12,0.0,32.88,98.92,False,False,No festival
2024-06-14,BLR,Bengaluru,26.34,12.08,65.88,28.19,False,False,No festival
2024-06-14,CHE,Chennai,33.1,0.0,77.66,72.34,False,False,No festival
2024-06-14,DEL,Delhi NCR,36.76,0.0,44.7,167.91,False,False,No festival
2024-06-14,HYD,Hyderabad,34.7,0.0,48.73,74.7,False,False,No festival
2024-06-14,KOL,Kolkata,32.67,0.0,84.21,92.87,False,False,No festival
2024-06-14,MUM,Mumbai,31.41,28.83,89.66,120.51,False,False,No festival
2024-06-14,PUN,Pune,30.15,0.0,54.08,84.41,False,False,No festival
2024-06-15,AMD,Ahmedabad,36.58,3.11,58.18,116.18,False,False,No festival
2024-06-15,BLR,Bengaluru,29.41,0.0,65.28,94.23,False,False,No festival
2024-06-15,CHE,Chennai,34.21,8.31,85.82,83.81,False,False,No festival
2024-06-15,DEL,Delhi NCR,42.2,0.0,39.09,164.0,True,False,No festival
2024-06-15,HYD,Hyderabad,34.85,4.92,59.37,113.98,False,False,No festival
2024-06-15,KOL,Kolkata,36.05,20.74,80.69,112.73,False,False,No festival
2024-06-15,MUM,Mumbai,36.15,0.0,71.51,130.93,False,False,No festival
2024-06-15,PUN,Pune,34.79,0.0,54.97,89.05,False,False,No festival
2024-06-16,AMD,Ahmedabad,38.76,0.0,45.47,107.85,False,False,No festival
2024-06-16,BLR,Bengaluru,30.9,3.54,62.54,66.24,False,False,No festival
2024-06-16,CHE,Chennai,32.18,5.44,83.93,50.0,False,False,No festival
2024-06-16,DEL,Delhi NCR,37.41,0.0,49.88,141.66,False,False,No festival
2024-06-16,HYD,Hyderabad,34.4,0.0,54.4,94.23,False,False,No festival
2024-06-16,KOL,Kolkata,35.29,0.0,74.94,107.66,False,False,No festival
2024-06-16,MUM,Mumbai,35.75,11.3,78.94,116.35,False,False,No festival
2024-06-16,PUN,Pune,32.37,0.0,55.4,81.27,False,False,No festival
2024-06-17,AMD,Ahmedabad,38.73,5.42,55.28,116.31,False,False,No festival
2024-06-17,BLR,Bengaluru,28.81,10.33,68.94,37.67,False,False,No festival
2024-06-17,CHE,Chennai,33.03,10.07,86.76,58.07,False,False,No festival
2024-06-17,DEL,Delhi NCR,38.72,0.0,42.8,168.54,False,False,No festival
2024-06-17,HYD,Hyderabad,36.19,0.0,48.43,80.61,False,False,No festival
2024-06-17,KOL,Kolkata,33.79,41.46,83.93,133.32,False,False,No festival
2024-06-17,MUM,Mumbai,33.77,0.0,66.8,103.85,False,False,No festival
2024-06-17,PUN,Pune,32.31,0.0,42.69,53.67,False,False,No festival
2024-06-18,AMD,Ahmedabad,36.95,0.0,38.88,98.29,False,False,No festival
2024-06-18,BLR,Bengaluru,27.84,0.0,61.97,124.56,False,False,No festival
2024-06-18,CHE,Chennai,33.39,0.0,69.1,88.56,False,False,No festival
2024-06-18,DEL,Delhi NCR,36.67,0.0,48.35,183.78,False,False,No festival
2024-06-18,HYD,Hyderabad,33.26,0.0,45.62,114.01,False,False,No festival
2024-06-18,KOL,Kolkata,32.42,0.0,63.98,120.84,False,False,No festival
2024-06-18,MUM,Mumbai,34.28,0.0,73.34,74.83,False,False,No festival
2024-06-18,PUN,Pune,31.42,0.0,46.0,92.34,False,False,No festival
2024-06-19,AMD,Ahmedabad,38.55,0.0,40.4,99.02,False,False,No festival
2024-06-19,BLR,Bengaluru,29.55,4.09,77.44,75.37,False,False,No festival
2024-06-19,CHE,Chennai,34.68,0.0,74.75,135.4,False,False,No festival
2024-06-19,DEL,Delhi NCR,34.84,0.0,43.59,181.68,False,False,No festival
2024-06-19,HYD,Hyderabad,35.8,0.0,55.45,76.61,False,False,No festival
2024-06-19,KOL,Kolkata,37.26,0.0,57.65,119.06,False,False,No festival
2024-06-19,MUM,Mumbai,32.31,8.8,81.98,122.88,False,False,No festival
2024-06-19,PUN,Pune,34.95,0.0,48.76,60.47,False,False,No festival
2024-06-20,AMD,Ahmedabad,37.86,0.0,40.34,146.89,False,False,No festival
2024-06-20,BLR,Bengaluru,32.15,0.0,67.12,72.31,False,False,No festival
2024-06-20,CHE,Chennai,33.39,0.0,56.58,74.56,False,False,No festival
2024-06-20,DEL,Delhi NCR,40.87,0.0,39.81,159.44,True,False,No festival
2024-06-20,HYD,Hyderabad,35.18,0.0,50.47,100.33,False,False,No festival
2024-06-20,KOL,Kolkata,34.9,0.0,69.42,157.76,False,False,No festival
2024-06-20,MUM,Mumbai,31.83,0.0,63.79,78.3,False,False,No festival
2024-06-20,PUN,Pune,30.59,0.0,66.8,74.47,False,False,No festival
2024-06-21,AMD,Ahmedabad,38.35,0.0,42.36,129.44,False,False,No festival
2024-06-21,BLR,Bengaluru,26.62,0.0,69.97,56.53,False,False,No festival
2024-06-21,CHE,Chennai,34.25,2.68,87.97,66.93,False,False,No festival
2024-06-21,DEL,Delhi NCR,37.43,13.73,50.55,188.7,False,False,No festival
2024-06-21,HYD,Hyderabad,34.29,0.0,55.92,124.05,False,False,No festival
2024-06-21,KOL,Kolkata,32.81,2.09,81.2,113.71,False,False,No festival
2024-06-21,MUM,Mumbai,32.81,0.0,77.06,81.74,False,False,No festival
2024-06-21,PUN,Pune,31.43,0.0,56.05,61.62,False,False,No festival
2024-06-22,AMD,Ahmedabad,38.45,0.0,27.94,111.72,False,False,No festival
2024-06-22,BLR,Bengaluru,27.26,21.31,79.51,83.4,False,False,No festival
2024-06-22,CHE,Chennai,35.41,0.0,67.6,104.12,False,False,No festival
2024-06-22,DEL,Delhi NCR,34.74,0.0,50.88,122.73,False,False,No festival
2024-06-22,HYD,Hyderabad,33.54,0.0,61.51,74.59,False,False,No festival
2024-06-22,KOL,Kolkata,31.28,10.25,78.35,116.59,False,False,No festival
2024-06-22,MUM,Mumbai,29.89,5.16,83.87,105.81,False,False,No festival
2024-06-22,PUN,Pune,32.15,0.0,62.09,89.32,False,False,No festival
2024-06-23,AMD,Ahmedabad,37.8,0.0,47.01,92.83,False,False,No festival
2024-06-23,BLR,Bengaluru,29.18,2.85,67.83,113.89,False,False,No festival
2024-06-23,CHE,Chennai,33.92,0.0,74.43,80.62,False,False,No festival
2024-06-23,DEL,Delhi NCR,39.35,6.86,60.16,156.13,False,False,No festival
2024-06-23,HYD,Hyderabad,39.08,0.0,60.51,109.26,False,False,No festival
2024-06-23,KOL,Kolkata,34.14,32.36,78.02,108.11,False,False,No festival
2024-06-23,MUM,Mumbai,30.95,7.93,82.41,88.05,False,False,No festival
2024-06-23,PUN,Pune,30.78,0.0,56.66,78.69,False,False,No festival
2024-06-24,AMD,Ahmedabad,39.12,8.92,62.76,103.39,False,False,No festival
2024-06-24,BLR,Bengaluru,28.43,0.0,63.38,60.9,False,False,No festival
2024-06-24,CHE,Chennai,34.62,0.0,73.93,90.64,False,False,No festival
2024-06-24,DEL,Delhi NCR,36.65,0.0,44.98,178.53,False,False,No festival
2024-06-24,HYD,Hyderabad,36.72,0.0,57.52,78.04,False,False,No festival
2024-06-24,KOL,Kolkata,31.65,0.0,78.18,100.85,False,False,No festival
2024-06-24,MUM,Mumbai,32.1,12.16,83.73,94.84,False,False,No festival
2024-06-24,PUN,Pune,29.37,0.0,60.73,106.39,False,False,No festival
2024-06-25,AMD,Ahmedabad,38.56,20.57,43.66,100.17,False,False,No festival
2024-06-25,BLR,Bengaluru,29.51,0.0,71.84,84.53,False,False,No festival
2024-06-25,CHE,Chennai,32.21,0.0,69.57,64.52,False,False,No festival
2024-06-25,DEL,Delhi NCR,39.4,9.06,63.82,181.18,False,False,No festival
2024-06-25,HYD,Hyderabad,35.37,0.0,53.85,103.72,False,False,No festival
2024-06-25,KOL,Kolkata,34.6,12.15,82.74,102.56,False,False,No festival
2024-06-25,MUM,Mumbai,35.2,0.0,70.57,55.1,False,False,No festival
2024-06-25,PUN,Pune,29.55,11.6,72.57,59.3,False,False,No festival
2024-06-26,AMD,Ahmedabad,37.64,0.0,48.18,93.76,False,False,No festival
2024-06-26,BLR,Bengaluru,26.04,0.0,61.43,28.21,False,False,No festival
2024-06-26,CHE,Chennai,34.64,0.0,68.79,71.55,False,False,No festival
2024-06-26,DEL,Delhi NCR,37.62,4.04,52.32,152.5,False,False,No festival
2024-06-26,HYD,Hyderabad,34.51,0.0,53.43,93.34,False,False,No festival
2024-06-26,KOL,Kolkata,34.28,0.0,75.25,133.41,False,False,No festival
2024-06-26,MUM,Mumbai,33.79,5.73,81.07,132.39,False,False,No festival
2024-06-26,PUN,Pune,31.44,0.0,51.45,36.95,False,False,No festival
2024-06-27,AMD,Ahmedabad,36.71,0.0,41.4,101.92,False,False,No festival
2024-06-27,BLR,Bengaluru,27.6,0.0,62.28,76.47,False,False,No festival
2024-06-27,CHE,Chennai,33.04,0.0,67.22,61.34,False,False,No festival
2024-06-27,DEL,Delhi NCR,40.01,0.0,42.29,165.65,True,False,No festival
2024-06-27,HYD,Hyderabad,32.38,0.0,47.88,53.78,False,False,No festival
2024-06-27,KOL,Kolkata,34.75,5.06,79.56,123.76,False,False,No festival
2024-06-27,MUM,Mumbai,33.42,0.0,67.24,111.8,False,False,No festival
2024-06-27,PUN,Pune,33.97,14.6,70.0,103.96,False,False,No festival
2024-06-28,AMD,Ahmedabad,39.86,15.69,48.83,127.78,False,False,No festival
2024-06-28,BLR,Bengaluru,28.76,16.3,71.6,78.51,False,False,No festival
2024-06-28,CHE,Chennai,32.71,0.0,64.78,136.47,False,False,No festival
2024-06-28,DEL,Delhi NCR,36.59,0.0,50.23,193.59,False,False,No festival
2024-06-28,HYD,Hyderabad,33.35,0.0,48.31,100.67,False,False,No festival
2024-06-28,KOL,Kolkata,33.49,0.0,58.82,112.88,False,False,No festival
2024-06-28,MUM,Mumbai,32.73,0.0,68.7,64.73,False,False,No festival
2024-06-28,PUN,Pune,31.24,0.0,64.1,92.79,False,False,No festival
2024-06-29,AMD,Ahmedabad,39.27,0.0,37.84,104.64,False,False,No festival
2024-06-29,BLR,Bengaluru,27.03,0.0,56.45,25.0,False,False,No festival
2024-06-29,CHE,Chennai,29.05,0.0,73.61,103.58,False,False,No festival
2024-06-29,DEL,Delhi NCR,33.95,8.46,49.65,181.68,False,False,No festival
2024-06-29,HYD,Hyderabad,34.18,0.0,50.57,111.47,False,False,No festival
2024-06-29,KOL,Kolkata,31.55,0.0,79.38,129.9,False,False,No festival
2024-06-29,MUM,Mumbai,32.92,0.0,61.4,100.93,False,False,No festival
2024-06-29,PUN,Pune,29.52,0.0,54.02,81.23,False,False,No festival
2024-06-30,AMD,Ahmedabad,36.21,1.6,52.73,73.4,False,False,No festival
2024-06-30,BLR,Bengaluru,29.22,0.0,66.2,71.98,False,False,No festival
2024-06-30,CHE,Chennai,30.82,0.0,69.22,92.88,False,False,No festival
2024-06-30,DEL,Delhi NCR,35.82,0.0,47.95,177.33,False,False,No festival
2024-06-30,HYD,Hyderabad,32.16,0.0,52.67,75.04,False,False,No festival
2024-06-30,KOL,Kolkata,34.44,0.0,65.08,142.78,False,False,No festival
2024-06-30,MUM,Mumbai,33.83,0.0,75.91,84.26,False,False,No festival
2024-06-30,PUN,Pune,36.13,0.0,57.29,55.63,False,False,No festival
2024-07-01,AMD,Ahmedabad,38.34,0.0,32.94,126.08,False,False,No festival
2024-07-01,BLR,Bengaluru,28.22,0.0,54.04,55.5,False,False,No festival
2024-07-01,CHE,Chennai,33.8,2.9,79.14,72.76,False,False,No festival
2024-07-01,DEL,Delhi NCR,38.36,0.0,48.12,197.64,False,False,No festival
2024-07-01,HYD,Hyderabad,35.73,10.08,71.1,91.46,False,False,No festival
2024-07-01,KOL,Kolkata,32.6,6.45,78.22,106.98,False,False,No festival
2024-07-01,MUM,Mumbai,30.04,0.0,70.54,102.82,False,False,No festival
2024-07-01,PUN,Pune,31.76,0.0,63.22,81.8,False,False,No festival
2024-07-02,AMD,Ahmedabad,35.4,0.0,44.62,95.52,False,False,No festival
2024-07-02,BLR,Bengaluru,26.54,0.0,64.74,83.82,False,False,No festival
2024-07-02,CHE,Chennai,33.99,0.0,78.08,104.21,False,False,No festival
2024-07-02,DEL,Delhi NCR,36.78,0.0,42.51,153.24,False,False,No festival
2024-07-02,HYD,Hyderabad,32.69,31.64,61.92,125.45,False,False,No festival
2024-07-02,KOL,Kolkata,32.11,0.0,59.85,122.18,False,False,No festival
2024-07-02,MUM,Mumbai,33.81,0.0,66.61,56.96,False,False,No festival
2024-07-02,PUN,Pune,31.85,0.0,50.35,96.65,False,False,No festival
2024-07-03,AMD,Ahmedabad,41.34,4.51,48.23,100.13,True,False,No festival
2024-07-03,BLR,Bengaluru,29.04,11.5,81.94,90.14,False,False,No festival
2024-07-03,CHE,Chennai,34.04,0.0,76.41,97.88,False,False,No festival
2024-07-03,DEL,Delhi NCR,35.09,9.48,55.56,161.13,False,False,No festival
2024-07-03,HYD,Hyderabad,32.69,8.33,53.33,111.01,False,False,No festival
2024-07-03,KOL,Kolkata,32.0,25.41,73.38,112.87,False,False,No festival
2024-07-03,MUM,Mumbai,29.81,0.0,77.57,94.81,False,False,No festival
2024-07-03,PUN,Pune,33.77,0.0,58.31,80.17,False,False,No festival
2024-07-04,AMD,Ahmedabad,35.98,0.0,45.77,89.57,False,False,No festival
2024-07-04,BLR,Bengaluru,26.87,0.0,63.37,51.1,False,False,No festival
2024-07-04,CHE,Chennai,34.73,0.0,71.39,103.2,False,False,No festival
2024-07-04,DEL,Delhi NCR,36.93,3.57,62.34,182.95,False,False,No festival
2024-07-04,HYD,Hyderabad,31.76,0.0,53.1,93.44,False,False,No festival
2024-07-04,KOL,Kolkata,34.84,0.0,69.29,99.73,False,False,No festival
2024-07-04,MUM,Mumbai,30.9,0.0,80.71,98.61,False,False,No festival
2024-07-04,PUN,Pune,31.2,0.0,56.45,74.99,False,False,No festival
2024-07-05,AMD,Ahmedabad,37.62,0.0,38.4,108.04,False,False,No festival
2024-07-05,BLR,Bengaluru,27.68,4.5,78.74,41.58,False,False,No festival
2024-07-05,CHE,Chennai,27.2,0.0,78.55,98.93,False,False,No festival
2024-07-05,DEL,Delhi NCR,35.47,0.0,53.45,146.15,False,False,No festival
2024-07-05,HYD,Hyderabad,30.06,0.0,54.34,123.05,False,False,No festival
2024-07-05,KOL,Kolkata,33.67,15.34,84.96,139.47,False,False,No festival
2024-07-05,MUM,Mumbai,31.57,0.0,72.11,119.22,False,False,No festival
2024-07-05,PUN,Pune,32.5,0.0,58.24,98.23,False,False,No festival
2024-07-06,AMD,Ahmedabad,37.99,0.0,33.62,114.74,False,False,No festival
2024-07-06,BLR,Bengaluru,29.05,0.0,59.64,80.23,False,False,No festival
2024-07-06,CHE,Chennai,33.46,0.0,71.99,119.58,False,False,No festival
2024-07-06,DEL,Delhi NCR,36.23,3.92,65.93,136.71,False,False,No festival
2024-07-06,HYD,Hyderabad,34.2,0.0,56.48,69.29,False,False,No festival
2024-07-06,KOL,Kolkata,32.9,0.0,71.24,138.88,False,False,No festival
2024-07-06,MUM,Mumbai,30.25,0.0,62.85,63.79,False,False,No festival
2024-07-06,PUN,Pune,33.12,0.0,60.52,67.23,False,False,No festival
2024-07-07,AMD,Ahmedabad,36.26,0.0,44.93,109.03,False,False,No festival
2024-07-07,BLR,Bengaluru,27.22,5.35,73.84,25.0,False,False,No festival
2024-07-07,CHE,Chennai,35.12,0.0,67.72,67.35,False,False,No festival
2024-07-07,DEL,Delhi NCR,36.23,0.0,41.44,166.75,False,False,No festival
2024-07-07,HYD,Hyderabad,32.37,0.0,52.36,139.49,False,False,No festival
2024-07-07,KOL,Kolkata,32.31,9.45,79.83,108.93,False,False,No festival
2024-07-07,MUM,Mumbai,30.28,0.0,69.94,72.72,False,False,No festival
2024-07-07,PUN,Pune,29.3,0.0,59.71,62.0,False,False,No festival
2024-07-08,AMD,Ahmedabad,35.8,0.0,49.6,96.33,False,False,No festival
2024-07-08,BLR,Bengaluru,27.54,0.0,58.56,54.97,False,False,No festival
2024-07-08,CHE,Chennai,31.2,0.0,70.3,85.63,False,False,No festival
2024-07-08,DEL,Delhi NCR,37.69,0.0,51.04,202.93,False,False,No festival
2024-07-08,HYD,Hyderabad,36.92,0.0,53.23,129.52,False,False,No festival
2024-07-08,KOL,Kolkata,32.12,0.0,65.74,133.11,False,False,No festival
2024-07-08,MUM,Mumbai,33.91,4.25,72.0,97.47,False,False,No festival
2024-07-08,PUN,Pune,32.19,0.0,52.76,74.06,False,False,No festival
2024-07-09,AMD,Ahmedabad,37.58,0.0,28.51,117.72,False,False,No festival
2024-07-09,BLR,Bengaluru,27.01,5.77,69.13,61.07,False,False,No festival
2024-07-09,CHE,Chennai,34.31,0.0,73.97,82.26,False,False,No festival
2024-07-09,DEL,Delhi NCR,37.01,7.28,51.81,170.38,False,False,No festival
2024-07-09,HYD,Hyderabad,33.43,0.0,56.29,70.95,False,False,No festival
2024-07-09,KOL,Kolkata,32.84,0.0,74.09,147.71,False,False,No festival
2024-07-09,MUM,Mumbai,32.14,10.29,81.73,142.72,False,False,No festival
2024-07-09,PUN,Pune,30.75,6.06,62.41,49.06,False,False,No festival
2024-07-10,AMD,Ahmedabad,33.75,0.0,48.38,129.26,False,False,No festival
2024-07-10,BLR,Bengaluru,29.14,4.52,84.14,49.83,False,False,No festival
2024-07-10,CHE,Chennai,32.97,0.0,67.83,129.49,False,False,No festival
2024-07-10,DEL,Delhi NCR,34.07,0.0,47.75,159.76,False,False,No festival
2024-07-10,HYD,Hyderabad,34.76,0.0,58.1,72.63,False,False,No festival
2024-07-10,KOL,Kolkata,28.48,0.0,68.97,107.02,False,False,No festival
2024-07-10,MUM,Mumbai,34.31,38.05,87.59,107.36,False,False,No festival
2024-07-10,PUN,Pune,30.51,0.0,53.41,34.81,False,False,No festival
2024-07-11,AMD,Ahmedabad,39.34,0.0,32.22,125.12,False,False,No festival
2024-07-11,BLR,Bengaluru,29.79,0.0,64.54,84.09,False,False,No festival
2024-07-11,CHE,Chennai,29.58,0.0,78.26,131.95,False,False,No festival
2024-07-11,DEL,Delhi NCR,34.56,0.0,41.24,164.93,False,False,No festival
2024-07-11,HYD,Hyderabad,36.06,0.0,46.49,124.74,False,False,No festival
2024-07-11,KOL,Kolkata,30.24,17.36,85.24,101.52,False,False,No festival
2024-07-11,MUM,Mumbai,30.76,3.4,80.58,43.39,False,False,No festival
2024-07-11,PUN,Pune,27.46,0.0,59.16,69.28,False,False,No festival
2024-07-12,AMD,Ahmedabad,35.43,0.0,46.1,96.35,False,False,No festival
2024-07-12,BLR,Bengaluru,27.68,6.1,69.45,37.96,False,False,No festival
2024-07-12,CHE,Chennai,30.9,0.0,73.11,95.25,False,False,No festival
2024-07-12,DEL,Delhi NCR,33.32,11.41,52.44,180.8,False,False,No festival
2024-07-12,HYD,Hyderabad,33.61,0.0,58.81,102.03,False,False,No festival
2024-07-12,KOL,Kolkata,31.83,17.11,88.77,91.71,False,False,No festival
2024-07-12,MUM,Mumbai,27.47,4.41,81.75,58.69,False,False,No festival
2024-07-12,PUN,Pune,33.16,0.0,54.17,80.43,False,False,No festival
2024-07-13,AMD,Ahmedabad,36.69,0.0,40.17,90.82,False,False,No festival
2024-07-13,BLR,Bengaluru,30.34,8.6,81.73,39.73,False,False,No festival
2024-07-13,CHE,Chennai,29.2,0.0,81.19,114.79,False,False,No festival
2024-07-13,DEL,Delhi NCR,36.81,0.0,47.66,184.28,False,False,No festival
2024-07-13,HYD,Hyderabad,35.06,0.0,53.04,69.74,False,False,No festival
2024-07-13,KOL,Kolkata,29.87,0.0,72.62,140.74,False,False,No festival
2024-07-13,MUM,Mumbai,32.69,0.0,70.91,69.11,False,False,No festival
2024-07-13,PUN,Pune,30.86,0.0,61.16,74.87,False,False,No festival
2024-07-14,AMD,Ahmedabad,35.95,0.0,33.66,103.69,False,False,No festival
2024-07-14,BLR,Bengaluru,31.14,0.0,63.36,60.88,False,False,No festival
2024-07-14,CHE,Chennai,33.96,0.0,76.65,97.73,False,False,No festival
2024-07-14,DEL,Delhi NCR,35.0,0.0,41.43,169.14,False,False,No festival
2024-07-14,HYD,Hyderabad,31.79,0.0,50.36,139.04,False,False,No festival
2024-07-14,KOL,Kolkata,27.64,0.0,71.0,99.09,False,False,No festival
2024-07-14,MUM,Mumbai,32.59,18.97,81.5,97.48,False,False,No festival
2024-07-14,PUN,Pune,30.73,0.0,54.28,87.84,False,False,No festival
2024-07-15,AMD,Ahmedabad,35.95,0.0,44.66,107.92,False,False,No festival
2024-07-15,BLR,Bengaluru,28.14,0.0,68.65,57.86,False,False,No festival
2024-07-15,CHE,Chennai,31.98,0.0,74.68,53.67,False,False,No festival
2024-07-15,DEL,Delhi NCR,31.19,0.0,48.83,141.52,False,False,No festival
2024-07-15,HYD,Hyderabad,35.9,0.0,48.18,105.45,False,False,No festival
2024-07-15,KOL,Kolkata,34.96,0.0,67.48,99.4,False,False,No festival
2024-07-15,MUM,Mumbai,30.32,0.0,76.19,87.1,False,False,No festival
2024-07-15,PUN,Pune,30.74,0.0,56.58,75.14,False,False,No festival
2024-07-16,AMD,Ahmedabad,35.43,0.0,43.42,93.03,False,False,No festival
2024-07-16,BLR,Bengaluru,30.04,4.09,82.59,95.28,False,False,No festival
2024-07-16,CHE,Chennai,34.25,0.0,70.32,118.55,False,False,No festival
2024-07-16,DEL,Delhi NCR,33.46,0.0,50.26,154.94,False,False,No festival
2024-07-16,HYD,Hyderabad,31.54,0.0,52.33,114.18,False,False,No festival
2024-07-16,KOL,Kolkata,32.44,0.0,69.04,113.77,False,False,No festival
2024-07-16,MUM,Mumbai,30.22,8.0,76.74,65.67,False,False,No festival
2024-07-16,PUN,Pune,33.0,0.0,54.91,68.82,False,False,No festival
2024-07-17,AMD,Ahmedabad,36.37,0.0,43.24,133.31,False,False,No festival
2024-07-17,BLR,Bengaluru,29.17,0.0,58.83,43.48,False,False,No festival
2024-07-17,CHE,Chennai,32.11,0.0,66.39,76.58,False,False,No festival
2024-07-17,DEL,Delhi NCR,34.16,0.0,44.83,158.55,False,False,No festival
2024-07-17,HYD,Hyderabad,31.02,2.65,64.53,97.3,False,False,No festival
2024-07-17,KOL,Kolkata,34.25,0.0,61.23,115.86,False,False,No festival
2024-07-17,MUM,Mumbai,33.11,9.87,78.81,73.06,False,False,No festival
2024-07-17,PUN,Pune,30.91,0.0,52.74,65.79,False,False,No festival
2024-07-18,AMD,Ahmedabad,35.44,0.0,46.59,72.68,False,False,No festival
2024-07-18,BLR,Bengaluru,27.56,0.0,71.12,27.44,False,False,No festival
2024-07-18,CHE,Chennai,30.59,0.0,62.51,101.02,False,False,No festival
2024-07-18,DEL,Delhi NCR,34.44,0.0,54.06,132.04,False,False,No festival
2024-07-18,HYD,Hyderabad,32.61,0.0,56.48,109.28,False,False,No festival
2024-07-18,KOL,Kolkata,34.12,0.0,64.81,100.27,False,False,No festival
2024-07-18,MUM,Mumbai,31.58,31.72,86.39,115.75,False,False,No festival
2024-07-18,PUN,Pune,32.14,0.0,61.49,59.3,False,False,No festival
2024-07-19,AMD,Ahmedabad,33.34,0.0,53.35,82.72,False,False,No festival
2024-07-19,BLR,Bengaluru,30.72,0.0,54.52,68.13,False,False,No festival
2024-07-19,CHE,Chennai,30.21,0.0,68.73,90.42,False,False,No festival
2024-07-19,DEL,Delhi NCR,36.64,0.0,49.91,147.18,False,False,No festival
2024-07-19,HYD,Hyderabad,31.38,3.35,68.28,105.73,False,False,No festival
2024-07-19,KOL,Kolkata,30.5,0.0,71.03,131.38,False,False,No festival
2024-07-19,MUM,Mumbai,28.74,0.0,76.45,114.59,False,False,No festival
2024-07-19,PUN,Pune,29.54,34.22,69.35,87.03,False,False,No festival
2024-07-20,AMD,Ahmedabad,35.16,0.0,44.1,130.0,False,False,No festival
2024-07-20,BLR,Bengaluru,29.3,0.0,63.85,74.79,False,False,No festival
2024-07-20,CHE,Chennai,30.68,0.0,68.17,142.58,False,False,No festival
2024-07-20,DEL,Delhi NCR,35.03,0.0,43.17,158.3,False,False,No festival
2024-07-20,HYD,Hyderabad,30.97,0.0,58.16,140.82,False,False,No festival
2024-07-20,KOL,Kolkata,33.03,0.0,65.54,134.86,False,False,No festival
2024-07-20,MUM,Mumbai,28.6,0.0,74.45,67.13,False,False,No festival
2024-07-20,PUN,Pune,28.97,18.07,64.28,60.29,False,False,No festival
2024-07-21,AMD,Ahmedabad,31.6,0.0,41.02,119.9,False,False,No festival
2024-07-21,BLR,Bengaluru,24.46,0.0,75.69,70.89,False,False,No festival
2024-07-21,CHE,Chennai,32.15,35.01,85.28,90.24,False,False,No festival
2024-07-21,DEL,Delhi NCR,31.33,0.0,57.29,130.71,False,False,No festival
2024-07-21,HYD,Hyderabad,33.12,0.0,50.53,114.96,False,False,No festival
2024-07-21,KOL,Kolkata,32.38,9.23,81.4,121.19,False,False,No festival
2024-07-21,MUM,Mumbai,29.06,6.03,89.69,112.86,False,False,No festival
2024-07-21,PUN,Pune,29.85,0.0,54.08,72.2,False,False,No festival
2024-07-22,AMD,Ahmedabad,34.78,0.0,48.69,88.34,False,False,No festival
2024-07-22,BLR,Bengaluru,26.85,10.79,76.26,97.28,False,False,No festival
2024-07-22,CHE,Chennai,33.04,0.0,77.77,90.73,False,False,No festival
2024-07-22,DEL,Delhi NCR,31.54,0.0,41.49,127.19,False,False,No festival
2024-07-22,HYD,Hyderabad,31.68,5.04,56.76,71.61,False,False,No festival
2024-07-22,KOL,Kolkata,33.27,0.0,70.57,99.55,False,False,No festival
2024-07-22,MUM,Mumbai,30.51,10.8,70.21,79.1,False,False,No festival
2024-07-22,PUN,Pune,31.4,0.0,53.26,63.3,False,False,No festival
2024-07-23,AMD,Ahmedabad,31.92,1.67,49.77,103.5,False,False,No festival
2024-07-23,BLR,Bengaluru,25.87,0.0,65.37,64.36,False,False,No festival
2024-07-23,CHE,Chennai,32.44,29.43,82.8,80.52,False,False,No festival
2024-07-23,DEL,Delhi NCR,32.58,0.0,40.73,204.55,False,False,No festival
2024-07-23,HYD,Hyderabad,33.61,0.0,54.44,95.23,False,False,No festival
2024-07-23,KOL,Kolkata,31.64,0.0,61.27,103.61,False,False,No festival
2024-07-23,MUM,Mumbai,31.03,17.27,84.84,103.73,False,False,No festival
2024-07-23,PUN,Pune,30.08,7.04,65.78,85.04,False,False,No festival
2024-07-24,AMD,Ahmedabad,31.31,0.0,40.68,127.95,False,False,No festival
2024-07-24,BLR,Bengaluru,24.99,0.0,68.73,64.5,False,False,No festival
2024-07-24,CHE,Chennai,34.42,11.9,87.04,78.98,False,False,No festival
2024-07-24,DEL,Delhi NCR,33.84,0.0,51.52,165.75,False,False,No festival
2024-07-24,HYD,Hyderabad,32.02,0.0,56.61,105.03,False,False,No festival
2024-07-24,KOL,Kolkata,29.51,0.0,64.77,141.1,False,False,No festival
2024-07-24,MUM,Mumbai,31.28,2.93,81.67,50.79,False,False,No festival
2024-07-24,PUN,Pune,31.41,0.0,48.07,73.63,False,False,No festival
2024-07-25,AMD,Ahmedabad,34.2,0.0,46.19,103.04,False,False,No festival
2024-07-25,BLR,Bengaluru,27.77,0.0,64.86,81.98,False,False,No festival
2024-07-25,CHE,Chennai,29.28,0.0,77.94,121.48,False,False,No festival
2024-07-25,DEL,Delhi NCR,34.35,3.0,59.86,128.28,False,False,No festival
2024-07-25,HYD,Hyderabad,35.49,6.4,69.85,86.16,False,False,No festival
2024-07-25,KOL,Kolkata,33.41,35.48,73.19,116.23,False,False,No festival
2024-07-25,MUM,Mumbai,29.07,4.01,87.54,105.67,False,False,No festival
2024-07-25,PUN,Pune,29.16,0.0,49.71,69.16,False,False,No festival
2024-07-26,AMD,Ahmedabad,35.32,0.0,38.7,73.41,False,False,No festival
2024-07-26,BLR,Bengaluru,26.49,0.0,60.33,80.56,False,False,No festival
2024-07-26,CHE,Chennai,29.01,0.0,75.53,93.3,False,False,No festival
2024-07-26,DEL,Delhi NCR,33.73,0.0,38.75,141.97,False,False,No festival
2024-07-26,HYD,Hyderabad,31.88,0.0,57.97,133.45,False,False,No festival
2024-07-26,KOL,Kolkata,31.59,6.15,79.14,116.9,False,False,No festival
2024-07-26,MUM,Mumbai,32.9,37.47,96.75,74.43,False,False,No festival
2024-07-26,PUN,Pune,27.43,2.76,69.33,58.24,False,False,No festival
2024-07-27,AMD,Ahmedabad,30.2,5.22,48.47,103.88,False,False,No festival
2024-07-27,BLR,Bengaluru,32.68,0.0,67.29,53.33,False,False,No festival
2024-07-27,CHE,Chennai,31.24,0.0,72.08,101.01,False,False,No festival
2024-07-27,DEL,Delhi NCR,32.61,0.0,51.34,136.99,False,False,No festival
2024-07-27,HYD,Hyderabad,30.46,0.0,47.29,79.57,False,False,No festival
2024-07-27,KOL,Kolkata,28.26,0.0,61.48,137.09,False,False,No festival
2024-07-27,MUM,Mumbai,29.52,0.0,60.28,96.32,False,False,No festival
2024-07-27,PUN,Pune,27.83,0.0,55.25,56.61,False,False,No festival
2024-07-28,AMD,Ahmedabad,34.53,0.0,39.8,119.63,False,False,No festival
2024-07-28,BLR,Bengaluru,27.49,0.0,63.34,75.69,False,False,No festival
2024-07-28,CHE,Chennai,31.77,6.01,81.02,73.52,False,False,No festival
2024-07-28,DEL,Delhi NCR,30.94,0.0,52.92,175.18,False,False,No festival
2024-07-28,HYD,Hyderabad,28.48,0.11,71.88,105.57,False,False,No festival
2024-07-28,KOL,Kolkata,32.25,12.08,80.14,82.78,False,False,No festival
2024-07-28,MUM,Mumbai,29.7,0.0,65.03,53.45,False,False,No festival
2024-07-28,PUN,Pune,31.19,0.0,55.88,93.1,False,False,No festival
2024-07-29,AMD,Ahmedabad,33.33,0.0,42.11,123.95,False,False,No festival
2024-07-29,BLR,Bengaluru,24.4,0.0,61.59,41.1,False,False,No festival
2024-07-29,CHE,Chennai,30.37,11.92,81.25,71.12,False,False,No festival
2024-07-29,DEL,Delhi NCR,33.3,2.0,56.94,151.77,False,False,No festival
2024-07-29,HYD,Hyderabad,32.93,20.31,70.45,91.11,False,False,No festival
2024-07-29,KOL,Kolkata,29.27,0.0,66.98,134.58,False,False,No festival
2024-07-29,MUM,Mumbai,34.95,0.0,72.35,77.16,False,False,No festival
2024-07-29,PUN,Pune,29.8,0.0,53.96,111.18,False,False,No festival
2024-07-30,AMD,Ahmedabad,33.89,0.0,44.85,94.99,False,False,No festival
2024-07-30,BLR,Bengaluru,27.97,0.0,56.21,56.24,False,False,No festival
2024-07-30,CHE,Chennai,31.16,8.99,88.24,50.07,False,False,No festival
2024-07-30,DEL,Delhi NCR,34.37,0.0,55.61,180.8,False,False,No festival
2024-07-30,HYD,Hyderabad,34.86,0.0,46.03,65.9,False,False,No festival
2024-07-30,KOL,Kolkata,30.37,0.0,61.15,128.22,False,False,No festival
2024-07-30,MUM,Mumbai,33.58,0.0,73.8,79.95,False,False,No festival
2024-07-30,PUN,Pune,29.26,0.0,63.72,94.82,False,False,No festival
2024-07-31,AMD,Ahmedabad,34.15,10.35,49.94,102.34,False,False,No festival
2024-07-31,BLR,Bengaluru,24.71,1.62,78.81,54.56,False,False,No festival
2024-07-31,CHE,Chennai,30.0,0.0,71.9,67.81,False,False,No festival
2024-07-31,DEL,Delhi NCR,32.24,0.0,52.69,137.74,False,False,No festival
2024-07-31,HYD,Hyderabad,32.42,0.0,46.71,91.53,False,False,No festival
2024-07-31,KOL,Kolkata,31.71,2.12,92.69,105.22,False,False,No festival
2024-07-31,MUM,Mumbai,30.02,0.0,65.86,88.84,False,False,No festival
2024-07-31,PUN,Pune,31.56,14.7,64.2,92.64,False,False,No festival
2024-08-01,AMD,Ahmedabad,33.63,0.0,45.76,101.22,False,False,No festival
2024-08-01,BLR,Bengaluru,28.44,17.62,79.43,42.81,False,False,No festival
2024-08-01,CHE,Chennai,32.65,0.0,77.73,90.57,False,False,No festival
2024-08-01,DEL,Delhi NCR,32.88,6.64,71.1,153.43,False,False,No festival
2024-08-01,HYD,Hyderabad,34.76,0.0,50.04,76.93,False,False,No festival
2024-08-01,KOL,Kolkata,30.78,0.0,60.62,139.94,False,False,No festival
2024-08-01,MUM,Mumbai,30.49,0.0,69.6,95.25,False,False,No festival
2024-08-01,PUN,Pune,30.87,11.08,64.74,118.87,False,False,No festival
2024-08-02,AMD,Ahmedabad,33.79,0.0,45.74,84.25,False,False,No festival
2024-08-02,BLR,Bengaluru,30.47,31.88,73.54,101.77,False,False,No festival
2024-08-02,CHE,Chennai,31.43,0.0,74.02,106.43,False,False,No festival
2024-08-02,DEL,Delhi NCR,36.17,0.0,45.58,172.77,False,False,No festival
2024-08-02,HYD,Hyderabad,31.2,0.0,59.49,97.7,False,False,No festival
2024-08-02,KOL,Kolkata,31.03,0.0,66.23,136.42,False,False,No festival
2024-08-02,MUM,Mumbai,33.08,16.9,84.6,111.53,False,False,No festival
2024-08-02,PUN,Pune,27.22,0.0,56.32,82.65,False,False,No festival
2024-08-03,AMD,Ahmedabad,34.98,0.0,44.99,140.98,False,False,No festival
2024-08-03,BLR,Bengaluru,25.26,0.0,70.56,96.68,False,False,No festival
2024-08-03,CHE,Chennai,30.94,5.31,90.8,106.57,False,False,No festival
2024-08-03,DEL,Delhi NCR,30.3,1.4,62.06,209.88,False,False,No festival
2024-08-03,HYD,Hyderabad,30.18,0.0,58.26,105.8,False,False,No festival
2024-08-03,KOL,Kolkata,29.51,0.0,68.65,176.52,False,False,No festival
2024-08-03,MUM,Mumbai,29.83,6.79,85.95,35.96,False,False,No festival
2024-08-03,PUN,Pune,26.76,0.0,58.14,74.2,False,False,No festival
2024-08-04,AMD,Ahmedabad,29.88,2.07,53.46,119.47,False,False,No festival
2024-08-04,BLR,Bengaluru,27.72,0.0,69.03,41.26,False,False,No festival
2024-08-04,CHE,Chennai,29.79,2.85,86.93,93.09,False,False,No festival
2024-08-04,DEL,Delhi NCR,31.05,0.0,43.28,171.04,False,False,No festival
2024-08-04,HYD,Hyderabad,35.15,10.79,66.81,100.81,False,False,No festival
2024-08-04,KOL,Kolkata,29.35,12.92,88.01,103.63,False,False,No festival
2024-08-04,MUM,Mumbai,28.19,0.0,81.95,114.34,False,False,No festival
2024-08-04,PUN,Pune,25.99,0.0,64.41,74.39,False,False,No festival
2024-08-05,AMD,Ahmedabad,31.89,0.0,31.94,108.64,False,False,No festival
2024-08-05,BLR,Bengaluru,26.08,0.94,74.06,92.4,False,False,No festival
2024-08-05,CHE,Chennai,31.38,0.0,62.22,81.15,False,False,No festival
2024-08-05,DEL,Delhi NCR,32.96,5.01,61.54,169.06,False,False,No festival
2024-08-05,HYD,Hyderabad,31.91,0.0,48.22,95.56,False,False,No festival
2024-08-05,KOL,Kolkata,30.29,12.7,88.05,123.9,False,False,No festival
2024-08-05,MUM,Mumbai,29.79,0.0,61.68,86.99,False,False,No festival
2024-08-05,PUN,Pune,29.26,0.0,53.65,92.52,False,False,No festival
2024-08-06,AMD,Ahmedabad,29.91,8.57,60.1,98.09,False,False,No festival
2024-08-06,BLR,Bengaluru,25.77,0.0,64.87,90.76,False,False,No festival
2024-08-06,CHE,Chennai,28.87,15.58,81.64,52.29,False,False,No festival
2024-08-06,DEL,Delhi NCR,32.44,0.0,45.37,160.01,False,False,No festival
2024-08-06,HYD,Hyderabad,33.14,0.0,51.31,109.76,False,False,No festival
2024-08-06,KOL,Kolkata,30.42,0.0,70.56,125.39,False,False,No festival
2024-08-06,MUM,Mumbai,30.26,0.0,76.76,105.19,False,False,No festival
2024-08-06,PUN,Pune,27.25,0.0,75.37,70.07,False,False,No festival
2024-08-07,AMD,Ahmedabad,36.32,0.0,44.09,50.77,False,False,No festival
2024-08-07,BLR,Bengaluru,27.75,0.0,66.07,85.63,False,False,No festival
2024-08-07,CHE,Chennai,32.63,0.0,73.67,80.04,False,False,No festival
2024-08-07,DEL,Delhi NCR,31.72,0.0,36.13,158.01,False,False,No festival
2024-08-07,HYD,Hyderabad,31.69,10.31,71.07,91.74,False,False,No festival
2024-08-07,KOL,Kolkata,32.58,2.97,81.77,104.06,False,False,No festival
2024-08-07,MUM,Mumbai,27.76,15.27,85.49,135.68,False,False,No festival
2024-08-07,PUN,Pune,28.58,0.0,61.19,67.52,False,False,No festival
2024-08-08,AMD,Ahmedabad,32.85,0.0,45.81,113.34,False,False,No festival
2024-08-08,BLR,Bengaluru,28.25,3.16,73.57,70.41,False,False,No festival
2024-08-08,CHE,Chennai,32.29,0.0,72.5,104.0,False,False,No festival
2024-08-08,DEL,Delhi NCR,29.53,0.0,46.31,145.87,False,False,No festival
2024-08-08,HYD,Hyderabad,30.19,0.0,51.0,115.39,False,False,No festival
2024-08-08,KOL,Kolkata,31.83,0.0,71.23,131.96,False,False,No festival
2024-08-08,MUM,Mumbai,26.67,8.93,81.05,96.66,False,False,No festival
2024-08-08,PUN,Pune,30.16,0.0,66.03,128.36,False,False,No festival
2024-08-09,AMD,Ahmedabad,34.96,0.0,51.89,80.19,False,False,No festival
2024-08-09,BLR,Bengaluru,26.23,5.39,72.14,90.63,False,False,No festival
2024-08-09,CHE,Chennai,29.08,1.98,82.03,111.36,False,False,No festival
2024-08-09,DEL,Delhi NCR,31.2,9.31,65.64,145.37,False,False,No festival
2024-08-09,HYD,Hyderabad,28.75,11.56,77.26,71.26,False,False,No festival
2024-08-09,KOL,Kolkata,32.58,38.48,92.67,127.65,False,False,No festival
2024-08-09,MUM,Mumbai,28.79,0.0,76.62,92.61,False,False,No festival
2024-08-09,PUN,Pune,31.0,7.18,70.44,49.06,False,False,No festival
2024-08-10,AMD,Ahmedabad,29.99,0.0,51.59,72.74,False,False,No festival
2024-08-10,BLR,Bengaluru,26.3,0.0,64.7,79.06,False,False,No festival
2024-08-10,CHE,Chennai,28.69,11.94,83.61,64.74,False,False,No festival
2024-08-10,DEL,Delhi NCR,31.67,0.0,56.14,129.43,False,False,No festival
2024-08-10,HYD,Hyderabad,28.41,0.0,56.83,146.26,False,False,No festival
2024-08-10,KOL,Kolkata,32.93,16.33,81.5,136.01,False,False,No festival
2024-08-10,MUM,Mumbai,33.2,0.0,69.36,67.02,False,False,No festival
2024-08-10,PUN,Pune,29.37,0.0,57.95,131.44,False,False,No festival
2024-08-11,AMD,Ahmedabad,31.0,0.0,36.17,81.59,False,False,No festival
2024-08-11,BLR,Bengaluru,27.15,11.81,67.45,37.32,False,False,No festival
2024-08-11,CHE,Chennai,30.96,0.0,74.14,106.94,False,False,No festival
2024-08-11,DEL,Delhi NCR,30.72,0.0,52.27,169.71,False,False,No festival
2024-08-11,HYD,Hyderabad,33.07,0.0,48.82,104.02,False,False,No festival
2024-08-11,KOL,Kolkata,33.29,0.0,67.79,118.51,False,False,No festival
2024-08-11,MUM,Mumbai,32.28,15.89,89.44,113.11,False,False,No festival
2024-08-11,PUN,Pune,28.92,7.9,66.88,88.25,False,False,No festival
2024-08-12,AMD,Ahmedabad,31.57,0.0,43.87,95.93,False,False,No festival
2024-08-12,BLR,Bengaluru,29.91,0.0,54.72,72.44,False,False,No festival
2024-08-12,CHE,Chennai,32.37,0.0,70.56,78.97,False,False,No festival
2024-08-12,DEL,Delhi NCR,32.54,9.52,57.04,131.94,False,False,No festival
2024-08-12,HYD,Hyderabad,31.73,0.0,46.96,88.72,False,False,No festival
2024-08-12,KOL,Kolkata,29.14,17.86,77.1,118.87,False,False,No festival
2024-08-12,MUM,Mumbai,29.52,9.09,84.94,98.72,False,False,No festival
2024-08-12,PUN,Pune,25.6,0.0,57.48,25.75,False,False,No festival
2024-08-13,AMD,Ahmedabad,30.94,3.13,50.17,97.09,False,False,No festival
2024-08-13,BLR,Bengaluru,27.63,0.0,58.74,80.33,False,False,No festival
2024-08-13,CHE,Chennai,30.08,13.51,71.79,72.35,False,False,No festival
2024-08-13,DEL,Delhi NCR,31.27,0.0,44.38,146.37,False,False,No festival
2024-08-13,HYD,Hyderabad,30.57,0.0,54.82,86.06,False,False,No festival
2024-08-13,KOL,Kolkata,30.48,0.0,79.98,64.23,False,False,No festival
2024-08-13,MUM,Mumbai,30.31,0.0,69.79,91.71,False,False,No festival
2024-08-13,PUN,Pune,25.12,0.0,49.88,61.4,False,False,No festival
2024-08-14,AMD,Ahmedabad,31.89,0.0,43.4,97.55,False,False,No festival
2024-08-14,BLR,Bengaluru,27.88,10.78,87.7,80.62,False,False,No festival
2024-08-14,CHE,Chennai,30.73,0.0,73.31,84.57,False,False,No festival
2024-08-14,DEL,Delhi NCR,31.42,0.0,43.02,152.85,False,False,No festival
2024-08-14,HYD,Hyderabad,26.56,0.0,60.04,40.72,False,False,No festival
2024-08-14,KOL,Kolkata,28.52,0.0,70.93,107.49,False,False,No festival
2024-08-14,MUM,Mumbai,28.12,0.0,72.49,100.19,False,False,No festival
2024-08-14,PUN,Pune,27.81,4.9,82.21,65.57,False,False,No festival
2024-08-15,AMD,Ahmedabad,31.56,0.0,44.47,114.17,False,True,No festival
2024-08-15,BLR,Bengaluru,25.6,0.0,58.27,55.42,False,True,No festival
2024-08-15,CHE,Chennai,31.4,8.82,86.24,122.78,False,True,No festival
2024-08-15,DEL,Delhi NCR,30.87,0.0,45.12,150.51,False,True,No festival
2024-08-15,HYD,Hyderabad,30.59,0.0,58.15,84.66,False,True,No festival
2024-08-15,KOL,Kolkata,27.21,0.0,67.87,124.51,False,True,No festival
2024-08-15,MUM,Mumbai,30.28,33.55,86.63,83.64,False,True,No festival
2024-08-15,PUN,Pune,29.71,7.66,72.7,65.92,False,True,No festival
2024-08-16,AMD,Ahmedabad,30.82,20.34,55.17,93.22,False,False,No festival
2024-08-16,BLR,Bengaluru,24.4,0.0,70.58,69.7,False,False,No festival
2024-08-16,CHE,Chennai,29.05,1.9,82.0,76.0,False,False,No festival
2024-08-16,DEL,Delhi NCR,31.37,0.0,56.6,179.7,False,False,No festival
2024-08-16,HYD,Hyderabad,28.65,0.0,55.87,111.31,False,False,No festival
2024-08-16,KOL,Kolkata,27.84,0.0,73.86,88.91,False,False,No festival
2024-08-16,MUM,Mumbai,29.83,0.0,74.08,130.85,False,False,No festival
2024-08-16,PUN,Pune,26.4,8.26,70.46,78.63,False,False,No festival
2024-08-17,AMD,Ahmedabad,30.94,0.0,48.67,97.02,False,False,No festival
2024-08-17,BLR,Bengaluru,26.62,0.0,62.98,68.15,False,False,No festival
2024-08-17,CHE,Chennai,32.89,0.0,70.5,95.56,False,False,No festival
2024-08-17,DEL,Delhi NCR,28.12,9.46,67.71,172.74,False,False,No festival
2024-08-17,HYD,Hyderabad,27.47,0.0,67.73,125.39,False,False,No festival
2024-08-17,KOL,Kolkata,29.99,0.0,67.83,106.5,False,False,No festival
2024-08-17,MUM,Mumbai,30.22,20.01,84.04,94.05,False,False,No festival
2024-08-17,PUN,Pune,23.44,0.0,56.07,41.24,False,False,No festival
2024-08-18,AMD,Ahmedabad,33.34,0.0,36.86,143.81,False,False,No festival
2024-08-18,BLR,Bengaluru,27.8,0.0,58.87,69.97,False,False,No festival
2024-08-18,CHE,Chennai,26.23,0.0,68.83,88.74,False,False,No festival
2024-08-18,DEL,Delhi NCR,33.31,0.0,49.56,136.7,False,False,No festival
2024-08-18,HYD,Hyderabad,30.42,0.0,59.88,94.43,False,False,No festival
2024-08-18,KOL,Kolkata,29.99,0.0,62.36,128.03,False,False,No festival
2024-08-18,MUM,Mumbai,28.11,16.56,87.8,84.93,False,False,No festival
2024-08-18,PUN,Pune,27.99,0.0,58.13,39.41,False,False,No festival
2024-08-19,AMD,Ahmedabad,29.01,0.0,51.29,102.79,False,False,No festival
2024-08-19,BLR,Bengaluru,27.03,0.0,69.2,88.05,False,False,No festival
2024-08-19,CHE,Chennai,30.07,4.92,85.51,80.67,False,False,No festival
2024-08-19,DEL,Delhi NCR,27.33,0.0,49.32,165.16,False,False,No festival
2024-08-19,HYD,Hyderabad,31.29,0.0,50.63,95.87,False,False,No festival
2024-08-19,KOL,Kolkata,28.82,0.0,63.8,99.45,False,False,No festival
2024-08-19,MUM,Mumbai,31.22,5.92,78.46,103.75,False,False,No festival
2024-08-19,PUN,Pune,28.23,0.0,58.29,76.23,False,False,No festival
2024-08-20,AMD,Ahmedabad,32.97,0.0,45.61,99.73,False,False,No festival
2024-08-20,BLR,Bengaluru,25.92,0.0,63.6,76.94,False,False,No festival
2024-08-20,CHE,Chennai,30.29,0.0,75.75,62.87,False,False,No festival
2024-08-20,DEL,Delhi NCR,28.97,0.0,51.58,168.43,False,False,No festival
2024-08-20,HYD,Hyderabad,30.11,0.0,50.01,78.82,False,False,No festival
2024-08-20,KOL,Kolkata,28.58,0.0,68.87,145.49,False,False,No festival
2024-08-20,MUM,Mumbai,26.75,17.12,86.19,91.73,False,False,No festival
2024-08-20,PUN,Pune,26.14,0.0,54.19,114.74,False,False,No festival
2024-08-21,AMD,Ahmedabad,30.06,0.0,52.37,69.8,False,False,No festival
2024-08-21,BLR,Bengaluru,23.51,0.0,66.28,49.06,False,False,No festival
2024-08-21,CHE,Chennai,27.7,0.0,71.59,67.1,False,False,No festival
2024-08-21,DEL,Delhi NCR,30.02,0.0,50.36,178.38,False,False,No festival
2024-08-21,HYD,Hyderabad,32.08,0.0,55.51,95.1,False,False,No festival
2024-08-21,KOL,Kolkata,26.77,0.0,68.5,97.93,False,False,No festival
2024-08-21,MUM,Mumbai,25.82,0.0,78.13,144.98,False,False,No festival
2024-08-21,PUN,Pune,26.12,0.0,61.15,83.98,False,False,No festival
2024-08-22,AMD,Ahmedabad,30.14,0.0,48.07,98.49,False,False,No festival
2024-08-22,BLR,Bengaluru,24.82,6.17,79.85,101.02,False,False,No festival
2024-08-22,CHE,Chennai,31.11,0.0,73.78,95.42,False,False,No festival
2024-08-22,DEL,Delhi NCR,29.24,0.0,53.61,118.81,False,False,No festival
2024-08-22,HYD,Hyderabad,29.25,10.32,56.38,86.83,False,False,No festival
2024-08-22,KOL,Kolkata,31.8,5.54,79.34,124.97,False,False,No festival
2024-08-22,MUM,Mumbai,29.38,0.0,74.81,125.18,False,False,No festival
2024-08-22,PUN,Pune,27.04,0.0,64.5,67.74,False,False,No festival
2024-08-23,AMD,Ahmedabad,31.33,0.0,51.05,124.22,False,False,No festival
2024-08-23,BLR,Bengaluru,22.43,0.0,74.08,77.14,False,False,No festival
2024-08-23,CHE,Chennai,33.2,12.22,86.1,67.05,False,False,No festival
2024-08-23,DEL,Delhi NCR,28.0,0.0,50.13,177.7,False,False,No festival
2024-08-23,HYD,Hyderabad,30.14,0.0,56.32,69.12,False,False,No festival
2024-08-23,KOL,Kolkata,31.46,0.0,67.65,119.66,False,False,No festival
2024-08-23,MUM,Mumbai,25.85,10.19,84.18,91.99,False,False,No festival
2024-08-23,PUN,Pune,27.77,0.0,67.29,60.13,False,False,No festival
2024-08-24,AMD,Ahmedabad,31.7,1.8,64.92,94.03,False,False,No festival
2024-08-24,BLR,Bengaluru,24.52,0.0,72.98,67.09,False,False,No festival
2024-08-24,CHE,Chennai,28.94,11.74,93.16,84.26,False,False,No festival
2024-08-24,DEL,Delhi NCR,26.89,0.0,52.46,155.45,False,False,No festival
2024-08-24,HYD,Hyderabad,28.6,3.99,63.26,99.23,False,False,No festival
2024-08-24,KOL,Kolkata,27.17,0.0,70.62,143.81,False,False,No festival
2024-08-24,MUM,Mumbai,27.06,0.0,74.98,72.36,False,False,No festival
2024-08-24,PUN,Pune,25.56,0.0,65.19,83.42,False,False,No festival
2024-08-25,AMD,Ahmedabad,29.09,0.0,43.65,91.13,False,False,No festival
2024-08-25,BLR,Bengaluru,22.37,0.0,64.37,67.03,False,False,No festival
2024-08-25,CHE,Chennai,29.83,0.0,71.91,81.89,False,False,No festival
2024-08-25,DEL,Delhi NCR,30.36,0.0,52.38,200.19,False,False,No festival
2024-08-25,HYD,Hyderabad,29.49,0.0,53.56,75.4,False,False,No festival
2024-08-25,KOL,Kolkata,30.04,6.13,83.64,96.88,False,False,No festival
2024-08-25,MUM,Mumbai,26.89,23.96,82.53,77.12,False,False,No festival
2024-08-25,PUN,Pune,26.37,0.0,61.05,81.92,False,False,No festival
2024-08-26,AMD,Ahmedabad,28.51,0.0,45.0,93.08,False,False,No festival
2024-08-26,BLR,Bengaluru,24.24,0.0,61.08,63.28,False,False,No festival
2024-08-26,CHE,Chennai,31.97,15.53,85.21,86.02,False,False,No festival
2024-08-26,DEL,Delhi NCR,25.94,4.15,60.12,181.31,False,False,No festival
2024-08-26,HYD,Hyderabad,26.64,0.0,58.59,126.35,False,False,No festival
2024-08-26,KOL,Kolkata,28.49,7.62,77.08,126.49,False,False,No festival
2024-08-26,MUM,Mumbai,31.92,17.5,80.59,59.96,False,False,No festival
2024-08-26,PUN,Pune,32.13,0.0,55.89,122.34,False,False,No festival
2024-08-27,AMD,Ahmedabad,30.98,0.0,45.53,70.9,False,False,No festival
2024-08-27,BLR,Bengaluru,24.93,0.0,70.75,56.95,False,False,No festival
2024-08-27,CHE,Chennai,29.4,0.0,70.97,91.47,False,False,No festival
2024-08-27,DEL,Delhi NCR,31.4,0.0,55.75,167.51,False,False,No festival
2024-08-27,HYD,Hyderabad,31.2,0.0,53.33,63.19,False,False,No festival
2024-08-27,KOL,Kolkata,27.49,0.0,75.69,147.84,False,False,No festival
2024-08-27,MUM,Mumbai,28.62,0.0,63.05,75.98,False,False,No festival
2024-08-27,PUN,Pune,27.92,0.0,64.06,109.4,False,False,No festival
2024-08-28,AMD,Ahmedabad,32.78,0.0,40.75,89.52,False,False,No festival
2024-08-28,BLR,Bengaluru,24.5,0.0,62.29,44.34,False,False,No festival
2024-08-28,CHE,Chennai,29.54,0.0,81.99,95.38,False,False,No festival
2024-08-28,DEL,Delhi NCR,27.88,0.0,50.72,154.13,False,False,No festival
2024-08-28,HYD,Hyderabad,31.75,0.0,61.63,64.57,False,False,No festival
2024-08-28,KOL,Kolkata,26.63,0.0,67.87,129.57,False,False,No festival
2024-08-28,MUM,Mumbai,31.22,8.29,77.93,83.18,False,False,No festival
2024-08-28,PUN,Pune,23.47,0.0,60.06,58.01,False,False,No festival
2024-08-29,AMD,Ahmedabad,31.42,3.32,55.87,65.83,False,False,No festival
2024-08-29,BLR,Bengaluru,27.85,0.0,55.14,95.29,False,False,No festival
2024-08-29,CHE,Chennai,28.41,29.08,86.66,122.54,False,False,No festival
2024-08-29,DEL,Delhi NCR,26.64,10.82,63.36,137.05,False,False,No festival
2024-08-29,HYD,Hyderabad,27.84,0.0,48.08,73.52,False,False,No festival
2024-08-29,KOL,Kolkata,28.35,0.0,71.59,116.08,False,False,No festival
2024-08-29,MUM,Mumbai,28.27,0.0,76.13,109.33,False,False,No festival
2024-08-29,PUN,Pune,28.54,0.0,56.67,76.56,False,False,No festival
2024-08-30,AMD,Ahmedabad,26.33,0.0,43.68,102.19,False,False,No festival
2024-08-30,BLR,Bengaluru,23.76,0.0,56.53,62.55,False,False,No festival
2024-08-30,CHE,Chennai,30.87,10.08,94.03,100.39,False,False,No festival
2024-08-30,DEL,Delhi NCR,26.92,0.0,53.65,188.93,False,False,No festival
2024-08-30,HYD,Hyderabad,26.76,0.0,54.16,128.08,False,False,No festival
2024-08-30,KOL,Kolkata,29.61,0.0,66.97,109.89,False,False,No festival
2024-08-30,MUM,Mumbai,29.37,0.0,70.05,105.99,False,False,No festival
2024-08-30,PUN,Pune,24.0,0.0,66.18,64.43,False,False,No festival
2024-08-31,AMD,Ahmedabad,32.12,0.0,47.65,96.76,False,False,No festival
2024-08-31,BLR,Bengaluru,26.18,0.0,68.64,100.71,False,False,No festival
2024-08-31,CHE,Chennai,25.22,0.0,73.17,115.53,False,False,No festival
2024-08-31,DEL,Delhi NCR,28.36,0.0,61.97,173.97,False,False,No festival
2024-08-31,HYD,Hyderabad,27.88,0.0,52.79,55.53,False,False,No festival
2024-08-31,KOL,Kolkata,28.01,0.0,66.25,119.44,False,False,No festival
2024-08-31,MUM,Mumbai,26.46,10.18,86.95,112.17,False,False,No festival
2024-08-31,PUN,Pune,24.16,0.0,58.61,50.67,False,False,No festival
2024-09-01,AMD,Ahmedabad,30.2,0.0,48.64,132.5,False,False,No festival
2024-09-01,BLR,Bengaluru,26.16,0.0,74.81,134.2,False,False,No festival
2024-09-01,CHE,Chennai,31.1,0.0,69.89,100.95,False,False,No festival
2024-09-01,DEL,Delhi NCR,27.35,6.41,56.62,163.26,False,False,No festival
2024-09-01,HYD,Hyderabad,29.14,0.0,54.18,134.34,False,False,No festival
2024-09-01,KOL,Kolkata,25.6,3.77,77.71,102.29,False,False,No festival
2024-09-01,MUM,Mumbai,26.88,0.0,75.11,79.68,False,False,No festival
2024-09-01,PUN,Pune,27.54,0.0,63.31,52.17,False,False,No festival
2024-09-02,AMD,Ahmedabad,26.6,0.0,45.79,107.8,False,False,No festival
2024-09-02,BLR,Bengaluru,25.25,1.24,70.37,77.41,False,False,No festival
2024-09-02,CHE,Chennai,31.24,15.37,80.45,80.58,False,False,No festival
2024-09-02,DEL,Delhi NCR,26.62,1.96,68.57,139.48,False,False,No festival
2024-09-02,HYD,Hyderabad,30.39,0.0,55.66,79.18,False,False,No festival
2024-09-02,KOL,Kolkata,27.12,5.63,82.2,110.31,False,False,No festival
2024-09-02,MUM,Mumbai,29.08,0.0,67.48,58.83,False,False,No festival
2024-09-02,PUN,Pune,24.46,0.0,69.79,80.21,False,False,No festival
2024-09-03,AMD,Ahmedabad,25.3,7.24,60.54,99.47,False,False,No festival
2024-09-03,BLR,Bengaluru,22.44,0.0,63.86,39.58,False,False,No festival
2024-09-03,CHE,Chennai,28.78,0.0,73.38,61.75,False,False,No festival
2024-09-03,DEL,Delhi NCR,29.38,0.0,56.57,190.76,False,False,No festival
2024-09-03,HYD,Hyderabad,28.73,1.04,69.47,98.6,False,False,No festival
2024-09-03,KOL,Kolkata,25.64,0.0,71.69,127.23,False,False,No festival
2024-09-03,MUM,Mumbai,30.18,6.96,79.69,125.81,False,False,No festival
2024-09-03,PUN,Pune,24.4,0.0,68.6,58.76,False,False,No festival
2024-09-04,AMD,Ahmedabad,30.43,0.0,40.43,126.3,False,False,No festival
2024-09-04,BLR,Bengaluru,25.0,8.06,74.18,53.81,False,False,No festival
2024-09-04,CHE,Chennai,33.65,15.94,83.73,101.17,False,False,No festival
2024-09-04,DEL,Delhi NCR,29.25,4.71,64.68,171.96,False,False,No festival
2024-09-04,HYD,Hyderabad,30.5,0.0,66.14,95.17,False,False,No festival
2024-09-04,KOL,Kolkata,27.36,10.87,72.47,124.2,False,False,No festival
2024-09-04,MUM,Mumbai,28.3,0.0,81.95,58.36,False,False,No festival
2024-09-04,PUN,Pune,29.41,8.75,70.33,81.93,False,False,No festival
2024-09-05,AMD,Ahmedabad,26.96,0.0,44.72,99.48,False,False,No festival
2024-09-05,BLR,Bengaluru,24.45,0.0,54.36,68.42,False,False,No festival
2024-09-05,CHE,Chennai,27.22,11.46,89.34,84.83,False,False,No festival
2024-09-05,DEL,Delhi NCR,25.43,3.37,64.89,156.41,False,False,No festival
2024-09-05,HYD,Hyderabad,26.99,0.0,62.25,147.08,False,False,No festival
2024-09-05,KOL,Kolkata,28.34,9.45,82.18,103.88,False,False,No festival
2024-09-05,MUM,Mumbai,31.13,20.83,84.52,149.83,False,False,No festival
2024-09-05,PUN,Pune,26.38,0.0,54.06,57.49,False,False,No festival
2024-09-06,AMD,Ahmedabad,32.1,0.0,46.81,80.88,False,False,No festival
2024-09-06,BLR,Bengaluru,28.21,0.0,58.7,66.02,False,False,No festival
2024-09-06,CHE,Chennai,28.06,17.88,93.37,47.41,False,False,No festival
2024-09-06,DEL,Delhi NCR,26.13,5.44,68.37,173.95,False,False,No festival
2024-09-06,HYD,Hyderabad,25.42,0.0,62.66,143.58,False,False,No festival
2024-09-06,KOL,Kolkata,28.17,0.0,61.74,172.04,False,False,No festival
2024-09-06,MUM,Mumbai,26.61,13.18,87.99,110.94,False,False,No festival
2024-09-06,PUN,Pune,26.21,3.79,66.39,89.21,False,False,No festival
2024-09-07,AMD,Ahmedabad,25.41,0.0,56.49,76.08,False,False,No festival
2024-09-07,BLR,Bengaluru,27.22,0.0,65.95,119.03,False,False,No festival
2024-09-07,CHE,Chennai,33.97,0.0,73.91,94.42,False,False,No festival
2024-09-07,DEL,Delhi NCR,27.99,0.0,40.82,189.18,False,False,No festival
2024-09-07,HYD,Hyderabad,28.11,0.0,56.17,82.78,False,False,No festival
2024-09-07,KOL,Kolkata,25.69,13.12,89.32,127.62,False,False,No festival
2024-09-07,MUM,Mumbai,25.96,0.0,77.94,126.0,False,False,No festival
2024-09-07,PUN,Pune,28.51,1.59,70.63,107.06,False,False,No festival
2024-09-08,AMD,Ahmedabad,28.6,0.0,48.62,103.82,False,False,No festival
2024-09-08,BLR,Bengaluru,26.33,0.0,73.07,63.04,False,False,No festival
2024-09-08,CHE,Chennai,30.17,12.6,85.62,77.62,False,False,No festival
2024-09-08,DEL,Delhi NCR,22.95,1.7,63.88,131.87,False,False,No festival
2024-09-08,HYD,Hyderabad,27.13,0.0,49.31,69.57,False,False,No festival
2024-09-08,KOL,Kolkata,28.18,0.0,61.1,138.41,False,False,No festival
2024-09-08,MUM,Mumbai,24.74,0.0,76.13,113.02,False,False,No festival
2024-09-08,PUN,Pune,25.12,0.0,56.76,68.62,False,False,No festival
2024-09-09,AMD,Ahmedabad,27.41,0.0,42.55,100.28,False,False,No festival
2024-09-09,BLR,Bengaluru,27.9,0.0,58.23,51.41,False,False,No festival
2024-09-09,CHE,Chennai,30.2,0.0,78.37,98.6,False,False,No festival
2024-09-09,DEL,Delhi NCR,26.53,0.0,48.59,157.43,False,False,No festival
2024-09-09,HYD,Hyderabad,29.31,0.0,49.87,119.9,False,False,No festival
2024-09-09,KOL,Kolkata,25.65,0.0,77.77,133.55,False,False,No festival
2024-09-09,MUM,Mumbai,27.34,0.0,76.16,70.22,False,False,No festival
2024-09-09,PUN,Pune,27.3,26.69,75.12,63.42,False,False,No festival
2024-09-10,AMD,Ahmedabad,27.84,0.0,47.83,153.3,False,False,No festival
2024-09-10,BLR,Bengaluru,27.7,14.57,66.89,56.15,False,False,No festival
2024-09-10,CHE,Chennai,28.8,10.97,85.14,60.44,False,False,No festival
2024-09-10,DEL,Delhi NCR,27.93,0.0,57.08,199.54,False,False,No festival
2024-09-10,HYD,Hyderabad,26.59,0.0,54.68,105.41,False,False,No festival
2024-09-10,KOL,Kolkata,26.81,5.72,84.5,122.22,False,False,No festival
2024-09-10,MUM,Mumbai,28.96,0.0,75.23,50.83,False,False,No festival
2024-09-10,PUN,Pune,27.38,0.0,52.96,60.84,False,False,No festival
2024-09-11,AMD,Ahmedabad,25.86,2.45,57.02,84.29,False,False,No festival
2024-09-11,BLR,Bengaluru,22.56,0.0,62.66,63.84,False,False,No festival
2024-09-11,CHE,Chennai,30.17,17.4,93.1,86.63,False,False,No festival
2024-09-11,DEL,Delhi NCR,26.09,0.0,45.47,122.47,False,False,No festival
2024-09-11,HYD,Hyderabad,24.95,0.0,55.81,95.24,False,False,No festival
2024-09-11,KOL,Kolkata,29.64,2.61,83.13,114.73,False,False,No festival
2024-09-11,MUM,Mumbai,29.38,18.59,70.74,101.9,False,False,No festival
2024-09-11,PUN,Pune,27.88,12.71,73.55,92.15,False,False,No festival
2024-09-12,AMD,Ahmedabad,25.75,4.22,51.11,116.27,False,False,No festival
2024-09-12,BLR,Bengaluru,25.77,0.0,69.56,70.22,False,False,No festival
2024-09-12,CHE,Chennai,27.36,0.0,73.95,111.78,False,False,No festival
2024-09-12,DEL,Delhi NCR,24.11,0.0,58.95,159.02,False,False,No festival
2024-09-12,HYD,Hyderabad,26.79,0.0,59.77,86.62,False,False,No festival
2024-09-12,KOL,Kolkata,24.09,12.0,76.32,144.21,False,False,No festival
2024-09-12,MUM,Mumbai,26.39,28.56,75.16,59.16,False,False,No festival
2024-09-12,PUN,Pune,25.64,0.0,54.43,52.61,False,False,No festival
2024-09-13,AMD,Ahmedabad,25.18,0.0,44.83,128.4,False,False,No festival
2024-09-13,BLR,Bengaluru,27.99,0.0,59.86,95.11,False,False,No festival
2024-09-13,CHE,Chennai,29.83,0.0,73.12,71.04,False,False,No festival
2024-09-13,DEL,Delhi NCR,26.96,0.0,56.05,142.2,False,False,No festival
2024-09-13,HYD,Hyderabad,28.21,0.0,51.89,79.63,False,False,No festival
2024-09-13,KOL,Kolkata,27.72,0.0,69.06,147.96,False,False,No festival
2024-09-13,MUM,Mumbai,29.22,9.71,85.81,93.25,False,False,No festival
2024-09-13,PUN,Pune,28.41,5.52,72.29,103.58,False,False,No festival
2024-09-14,AMD,Ahmedabad,27.59,2.01,50.68,79.66,False,False,No festival
2024-09-14,BLR,Bengaluru,27.51,0.0,64.79,73.43,False,False,No festival
2024-09-14,CHE,Chennai,29.83,12.34,79.79,86.95,False,False,No festival
2024-09-14,DEL,Delhi NCR,25.64,5.76,67.86,190.46,False,False,No festival
2024-09-14,HYD,Hyderabad,31.37,0.0,73.07,109.77,False,False,No festival
2024-09-14,KOL,Kolkata,27.58,6.29,85.41,128.02,False,False,No festival
2024-09-14,MUM,Mumbai,24.44,20.01,81.44,110.35,False,False,No festival
2024-09-14,PUN,Pune,24.02,0.0,61.85,79.65,False,False,No festival
2024-09-15,AMD,Ahmedabad,26.36,0.0,44.13,119.67,False,False,No festival
2024-09-15,BLR,Bengaluru,26.39,0.0,56.3,78.22,False,False,No festival
2024-09-15,CHE,Chennai,28.17,1.38,76.0,74.79,False,False,No festival
2024-09-15,DEL,Delhi NCR,25.75,0.0,51.8,186.36,False,False,No festival
2024-09-15,HYD,Hyderabad,28.97,0.0,53.46,159.06,False,False,No festival
2024-09-15,KOL,Kolkata,25.43,0.0,71.84,131.74,False,False,No festival
2024-09-15,MUM,Mumbai,25.64,15.22,84.8,74.36,False,False,No festival
2024-09-15,PUN,Pune,25.54,0.0,59.06,76.45,False,False,No festival
2024-09-16,AMD,Ahmedabad,23.91,0.0,39.82,96.87,False,False,No festival
2024-09-16,BLR,Bengaluru,24.36,0.0,64.14,56.06,False,False,No festival
2024-09-16,CHE,Chennai,31.07,0.0,68.33,60.07,False,False,No festival
2024-09-16,DEL,Delhi NCR,26.75,0.0,53.67,159.45,False,False,No festival
2024-09-16,HYD,Hyderabad,26.16,0.0,59.96,108.7,False,False,No festival
2024-09-16,KOL,Kolkata,23.93,0.0,72.13,108.94,False,False,No festival
2024-09-16,MUM,Mumbai,25.84,2.84,90.02,54.13,False,False,No festival
2024-09-16,PUN,Pune,22.95,0.0,63.45,92.97,False,False,No festival
2024-09-17,AMD,Ahmedabad,24.98,0.0,52.51,117.32,False,False,No festival
2024-09-17,BLR,Bengaluru,22.64,24.35,78.99,25.0,False,False,No festival
2024-09-17,CHE,Chennai,29.69,14.92,87.83,95.97,False,False,No festival
2024-09-17,DEL,Delhi NCR,23.86,0.0,51.45,178.69,False,False,No festival
2024-09-17,HYD,Hyderabad,28.82,0.0,59.36,121.08,False,False,No festival
2024-09-17,KOL,Kolkata,25.54,16.73,76.62,126.47,False,False,No festival
2024-09-17,MUM,Mumbai,26.49,0.0,72.0,90.69,False,False,No festival
2024-09-17,PUN,Pune,26.52,0.0,68.46,83.28,False,False,No festival
2024-09-18,AMD,Ahmedabad,25.25,0.0,46.68,101.11,False,False,No festival
2024-09-18,BLR,Bengaluru,27.2,0.0,68.26,87.56,False,False,No festival
2024-09-18,CHE,Chennai,29.98,0.0,78.6,124.18,False,False,No festival
2024-09-18,DEL,Delhi NCR,23.98,2.64,68.38,176.04,False,False,No festival
2024-09-18,HYD,Hyderabad,27.64,0.0,52.37,87.94,False,False,No festival
2024-09-18,KOL,Kolkata,28.78,0.0,68.15,131.16,False,False,No festival
2024-09-18,MUM,Mumbai,26.92,13.82,87.7,62.65,False,False,No festival
2024-09-18,PUN,Pune,28.45,0.0,66.86,90.5,False,False,No festival
2024-09-19,AMD,Ahmedabad,25.18,0.0,45.77,119.68,False,False,No festival
2024-09-19,BLR,Bengaluru,25.01,0.0,72.6,81.39,False,False,No festival
2024-09-19,CHE,Chennai,28.95,0.0,69.76,61.57,False,False,No festival
2024-09-19,DEL,Delhi NCR,22.68,0.0,44.62,199.74,False,False,No festival
2024-09-19,HYD,Hyderabad,25.49,0.0,48.91,91.3,False,False,No festival
2024-09-19,KOL,Kolkata,21.91,4.95,94.54,174.45,False,False,No festival
2024-09-19,MUM,Mumbai,26.85,31.2,89.79,69.78,False,False,No festival
2024-09-19,PUN,Pune,27.3,0.0,73.91,103.57,False,False,No festival
2024-09-20,AMD,Ahmedabad,27.35,0.0,48.47,141.2,False,False,No festival
2024-09-20,BLR,Bengaluru,27.45,0.0,65.77,95.11,False,False,No festival
2024-09-20,CHE,Chennai,26.37,64.34,85.0,91.3,False,False,No festival
2024-09-20,DEL,Delhi NCR,24.0,0.0,57.09,156.01,False,False,No festival
2024-09-20,HYD,Hyderabad,28.16,0.0,67.95,112.16,False,False,No festival
2024-09-20,KOL,Kolkata,28.27,6.1,78.7,109.0,False,False,No festival
2024-09-20,MUM,Mumbai,25.26,0.0,80.75,45.27,False,False,No festival
2024-09-20,PUN,Pune,29.35,13.42,76.52,89.63,False,False,No festival
2024-09-21,AMD,Ahmedabad,24.14,1.48,57.25,91.82,False,False,No festival
2024-09-21,BLR,Bengaluru,25.16,0.0,61.87,134.62,False,False,No festival
2024-09-21,CHE,Chennai,33.55,5.06,82.29,70.22,False,False,No festival
2024-09-21,DEL,Delhi NCR,23.41,0.0,54.36,204.96,False,False,No festival
2024-09-21,HYD,Hyderabad,28.42,0.0,50.64,130.03,False,False,No festival
2024-09-21,KOL,Kolkata,27.12,0.0,74.6,100.95,False,False,No festival
2024-09-21,MUM,Mumbai,29.61,15.92,86.1,84.21,False,False,No festival
2024-09-21,PUN,Pune,25.8,0.0,68.63,77.27,False,False,No festival
2024-09-22,AMD,Ahmedabad,26.13,0.0,49.17,128.84,False,False,No festival
2024-09-22,BLR,Bengaluru,26.98,0.0,61.89,91.71,False,False,No festival
2024-09-22,CHE,Chennai,27.79,0.0,72.97,91.51,False,False,No festival
2024-09-22,DEL,Delhi NCR,21.46,0.0,55.67,194.29,False,False,No festival
2024-09-22,HYD,Hyderabad,28.02,0.0,61.46,90.22,False,False,No festival
2024-09-22,KOL,Kolkata,25.28,12.73,74.64,117.54,False,False,No festival
2024-09-22,MUM,Mumbai,29.59,0.0,61.89,91.4,False,False,No festival
2024-09-22,PUN,Pune,25.68,0.0,60.87,59.74,False,False,No festival
2024-09-23,AMD,Ahmedabad,24.74,0.0,41.25,125.09,False,False,No festival
2024-09-23,BLR,Bengaluru,25.17,0.0,60.57,59.93,False,False,No festival
2024-09-23,CHE,Chennai,30.61,0.0,68.9,54.9,False,False,No festival
2024-09-23,DEL,Delhi NCR,21.8,0.0,48.94,92.81,False,False,No festival
2024-09-23,HYD,Hyderabad,27.03,6.29,73.91,89.88,False,False,No festival
2024-09-23,KOL,Kolkata,26.13,0.0,69.16,115.42,False,False,No festival
2024-09-23,MUM,Mumbai,24.17,0.0,81.2,49.11,False,False,No festival
2024-09-23,PUN,Pune,25.45,0.0,56.25,89.22,False,False,No festival
2024-09-24,AMD,Ahmedabad,28.0,0.0,52.43,109.42,False,False,No festival
2024-09-24,BLR,Bengaluru,22.98,10.17,78.59,65.2,False,False,No festival
2024-09-24,CHE,Chennai,29.81,0.0,79.9,92.22,False,False,No festival
2024-09-24,DEL,Delhi NCR,20.3,0.0,58.42,135.76,False,False,No festival
2024-09-24,HYD,Hyderabad,25.77,0.0,57.91,120.94,False,False,No festival
2024-09-24,KOL,Kolkata,23.97,21.78,60.7,108.01,False,False,No festival
2024-09-24,MUM,Mumbai,27.86,2.9,89.28,123.91,False,False,No festival
2024-09-24,PUN,Pune,25.25,10.82,64.26,94.8,False,False,No festival
2024-09-25,AMD,Ahmedabad,28.36,0.0,47.11,100.8,False,False,No festival
2024-09-25,BLR,Bengaluru,22.27,0.0,62.08,50.94,False,False,No festival
2024-09-25,CHE,Chennai,26.72,0.64,89.36,131.82,False,False,No festival
2024-09-25,DEL,Delhi NCR,24.56,0.0,60.42,143.95,False,False,No festival
2024-09-25,HYD,Hyderabad,25.32,0.0,54.78,107.34,False,False,No festival
2024-09-25,KOL,Kolkata,25.71,0.0,70.83,91.97,False,False,No festival
2024-09-25,MUM,Mumbai,24.98,0.0,71.03,88.98,False,False,No festival
2024-09-25,PUN,Pune,29.39,0.0,55.25,90.22,False,False,No festival
2024-09-26,AMD,Ahmedabad,28.52,0.0,46.13,129.22,False,False,No festival
2024-09-26,BLR,Bengaluru,23.99,0.0,56.93,76.88,False,False,No festival
2024-09-26,CHE,Chennai,33.22,0.0,68.72,102.63,False,False,No festival
2024-09-26,DEL,Delhi NCR,21.89,0.0,52.85,153.84,False,False,No festival
2024-09-26,HYD,Hyderabad,26.32,0.0,51.81,67.19,False,False,No festival
2024-09-26,KOL,Kolkata,27.1,0.0,65.26,112.93,False,False,No festival
2024-09-26,MUM,Mumbai,29.85,0.0,64.58,66.24,False,False,No festival
2024-09-26,PUN,Pune,25.74,0.0,64.4,104.26,False,False,No festival
2024-09-27,AMD,Ahmedabad,24.63,0.0,44.81,145.04,False,False,No festival
2024-09-27,BLR,Bengaluru,21.44,4.24,82.23,97.62,False,False,No festival
2024-09-27,CHE,Chennai,27.17,0.0,66.79,70.82,False,False,No festival
2024-09-27,DEL,Delhi NCR,20.45,0.0,55.02,177.36,False,False,No festival
2024-09-27,HYD,Hyderabad,29.31,0.0,54.89,87.81,False,False,No festival
2024-09-27,KOL,Kolkata,24.97,0.0,69.45,149.87,False,False,No festival
2024-09-27,MUM,Mumbai,25.62,0.0,77.12,87.73,False,False,No festival
2024-09-27,PUN,Pune,30.67,3.1,65.15,68.33,False,False,No festival
2024-09-28,AMD,Ahmedabad,30.95,3.95,57.92,111.68,False,False,No festival
2024-09-28,BLR,Bengaluru,20.43,0.0,68.0,105.09,False,False,No festival
2024-09-28,CHE,Chennai,24.83,0.0,80.1,109.63,False,False,No festival
2024-09-28,DEL,Delhi NCR,23.27,0.0,53.17,177.89,False,False,No festival
2024-09-28,HYD,Hyderabad,24.33,0.0,56.56,62.33,False,False,No festival
2024-09-28,KOL,Kolkata,27.14,0.0,62.03,110.32,False,False,No festival
2024-09-28,MUM,Mumbai,26.13,6.4,81.66,111.76,False,False,No festival
2024-09-28,PUN,Pune,26.57,0.0,58.83,62.84,False,False,No festival
2024-09-29,AMD,Ahmedabad,27.43,0.0,44.86,101.74,False,False,No festival
2024-09-29,BLR,Bengaluru,23.67,16.17,80.1,49.69,False,False,No festival
2024-09-29,CHE,Chennai,25.73,0.0,72.9,75.29,False,False,No festival
2024-09-29,DEL,Delhi NCR,23.21,0.0,54.89,132.39,False,False,No festival
2024-09-29,HYD,Hyderabad,25.03,0.0,60.18,99.63,False,False,No festival
2024-09-29,KOL,Kolkata,26.99,13.42,87.82,124.67,False,False,No festival
2024-09-29,MUM,Mumbai,26.58,16.79,86.69,82.24,False,False,No festival
2024-09-29,PUN,Pune,27.52,4.01,71.68,75.12,False,False,No festival
2024-09-30,AMD,Ahmedabad,25.75,0.0,47.87,100.9,False,False,No festival
2024-09-30,BLR,Bengaluru,22.81,21.15,78.04,82.22,False,False,No festival
2024-09-30,CHE,Chennai,26.71,11.62,83.86,71.32,False,False,No festival
2024-09-30,DEL,Delhi NCR,21.12,2.96,62.9,167.88,False,False,No festival
2024-09-30,HYD,Hyderabad,26.59,0.0,63.1,114.9,False,False,No festival
2024-09-30,KOL,Kolkata,27.52,0.0,70.32,108.01,False,False,No festival
2024-09-30,MUM,Mumbai,27.63,3.47,80.03,82.23,False,False,No festival
2024-09-30,PUN,Pune,26.77,0.0,59.39,80.7,False,False,No festival
2024-10-01,AMD,Ahmedabad,26.74,0.0,51.28,97.29,False,False,No festival
2024-10-01,BLR,Bengaluru,26.34,0.0,63.14,70.02,False,False,No festival
2024-10-01,CHE,Chennai,28.8,19.41,82.4,83.5,False,False,No festival
2024-10-01,DEL,Delhi NCR,22.55,0.0,45.21,150.5,False,False,No festival
2024-10-01,HYD,Hyderabad,27.34,0.0,55.3,119.42,False,False,No festival
2024-10-01,KOL,Kolkata,24.62,0.0,59.58,103.39,False,False,No festival
2024-10-01,MUM,Mumbai,25.05,0.0,69.95,121.25,False,False,No festival
2024-10-01,PUN,Pune,24.85,0.0,57.87,87.8,False,False,No festival
2024-10-02,AMD,Ahmedabad,21.79,0.0,49.27,93.19,False,True,No festival
2024-10-02,BLR,Bengaluru,19.99,0.0,63.21,89.46,False,True,No festival
2024-10-02,CHE,Chennai,29.79,0.25,83.11,136.73,False,True,No festival
2024-10-02,DEL,Delhi NCR,24.98,0.0,54.96,179.61,False,True,No festival
2024-10-02,HYD,Hyderabad,25.8,0.0,53.57,109.18,False,True,No festival
2024-10-02,KOL,Kolkata,25.24,0.0,68.84,132.45,False,True,No festival
2024-10-02,MUM,Mumbai,27.71,0.0,68.47,117.17,False,True,No festival
2024-10-02,PUN,Pune,26.26,0.0,59.42,70.1,False,True,No festival
2024-10-03,AMD,Ahmedabad,23.63,0.0,48.61,117.4,False,False,No festival
2024-10-03,BLR,Bengaluru,24.06,0.0,53.58,80.62,False,False,No festival
2024-10-03,CHE,Chennai,31.5,5.88,87.03,104.38,False,False,No festival
2024-10-03,DEL,Delhi NCR,24.14,0.0,50.84,159.59,False,False,No festival
2024-10-03,HYD,Hyderabad,25.04,0.0,62.53,89.09,False,False,No festival
2024-10-03,KOL,Kolkata,30.16,0.0,74.49,117.99,False,False,No festival
2024-10-03,MUM,Mumbai,24.54,0.0,74.22,91.12,False,False,No festival
2024-10-03,PUN,Pune,23.79,0.0,66.04,107.48,False,False,No festival
2024-10-04,AMD,Ahmedabad,28.53,0.0,42.73,114.33,False,False,No festival
2024-10-04,BLR,Bengaluru,24.58,0.0,61.28,46.91,False,False,No festival
2024-10-04,CHE,Chennai,28.08,0.0,67.6,50.73,False,False,No festival
2024-10-04,DEL,Delhi NCR,20.5,0.0,52.83,152.72,False,False,No festival
2024-10-04,HYD,Hyderabad,25.93,0.0,65.11,91.91,False,False,No festival
2024-10-04,KOL,Kolkata,28.88,0.0,72.59,103.19,False,False,No festival
2024-10-04,MUM,Mumbai,27.94,0.0,66.69,88.46,False,False,No festival
2024-10-04,PUN,Pune,26.0,0.0,61.91,65.24,False,False,No festival
2024-10-05,AMD,Ahmedabad,23.38,0.0,39.94,101.82,False,False,No festival
2024-10-05,BLR,Bengaluru,25.09,0.0,64.72,90.45,False,False,No festival
2024-10-05,CHE,Chennai,25.66,0.0,75.85,71.76,False,False,No festival
2024-10-05,DEL,Delhi NCR,25.23,0.0,57.83,181.39,False,False,No festival
2024-10-05,HYD,Hyderabad,26.61,0.0,64.11,107.82,False,False,No festival
2024-10-05,KOL,Kolkata,25.22,0.0,72.1,100.54,False,False,No festival
2024-10-05,MUM,Mumbai,24.24,0.0,69.06,60.57,False,False,No festival
2024-10-05,PUN,Pune,25.87,0.0,63.74,139.57,False,False,No festival
2024-10-06,AMD,Ahmedabad,26.18,0.0,48.77,67.4,False,False,No festival
2024-10-06,BLR,Bengaluru,24.51,0.0,60.3,63.42,False,False,No festival
2024-10-06,CHE,Chennai,31.06,0.0,69.26,87.73,False,False,No festival
2024-10-06,DEL,Delhi NCR,20.62,0.0,49.14,175.74,False,False,No festival
2024-10-06,HYD,Hyderabad,27.01,0.0,62.99,78.64,False,False,No festival
2024-10-06,KOL,Kolkata,24.87,0.0,70.44,143.38,False,False,No festival
2024-10-06,MUM,Mumbai,26.31,0.0,71.71,89.38,False,False,No festival
2024-10-06,PUN,Pune,27.76,5.49,70.59,136.15,False,False,No festival
2024-10-07,AMD,Ahmedabad,22.49,0.0,47.65,105.55,False,False,No festival
2024-10-07,BLR,Bengaluru,22.67,0.0,68.78,99.96,False,False,No festival
2024-10-07,CHE,Chennai,26.75,5.48,82.99,61.87,False,False,No festival
2024-10-07,DEL,Delhi NCR,23.49,0.0,51.32,148.75,False,False,No festival
2024-10-07,HYD,Hyderabad,26.72,0.0,58.77,85.21,False,False,No festival
2024-10-07,KOL,Kolkata,25.66,0.0,73.22,120.89,False,False,No festival
2024-10-07,MUM,Mumbai,27.03,0.0,71.47,89.5,False,False,No festival
2024-10-07,PUN,Pune,24.76,0.0,56.44,69.03,False,False,No festival
2024-10-08,AMD,Ahmedabad,27.93,0.0,47.77,120.67,False,False,No festival
2024-10-08,BLR,Bengaluru,22.53,0.0,68.72,70.26,False,False,No festival
2024-10-08,CHE,Chennai,29.15,0.0,75.87,88.95,False,False,No festival
2024-10-08,DEL,Delhi NCR,24.06,0.0,56.16,167.61,False,False,No festival
2024-10-08,HYD,Hyderabad,29.62,0.0,49.29,93.94,False,False,No festival
2024-10-08,KOL,Kolkata,27.27,0.0,68.38,102.46,False,False,No festival
2024-10-08,MUM,Mumbai,27.65,0.0,77.05,107.7,False,False,No festival
2024-10-08,PUN,Pune,25.15,0.0,64.66,66.29,False,False,No festival
2024-10-09,AMD,Ahmedabad,25.81,0.0,51.7,119.88,False,False,No festival
2024-10-09,BLR,Bengaluru,22.23,0.0,64.51,95.44,False,False,No festival
2024-10-09,CHE,Chennai,28.37,0.0,71.79,89.2,False,False,No festival
2024-10-09,DEL,Delhi NCR,25.25,0.0,49.4,164.98,False,False,No festival
2024-10-09,HYD,Hyderabad,23.38,0.0,57.92,113.38,False,False,No festival
2024-10-09,KOL,Kolkata,25.75,0.0,72.27,141.5,False,False,No festival
2024-10-09,MUM,Mumbai,29.57,0.0,70.66,25.0,False,False,No festival
2024-10-09,PUN,Pune,22.94,0.0,57.36,67.3,False,False,No festival
2024-10-10,AMD,Ahmedabad,24.84,0.0,42.78,114.25,False,False,No festival
2024-10-10,BLR,Bengaluru,25.57,0.0,59.3,52.69,False,False,No festival
2024-10-10,CHE,Chennai,25.63,14.42,98.0,74.86,False,False,No festival
2024-10-10,DEL,Delhi NCR,20.91,0.0,51.15,168.65,False,False,No festival
2024-10-10,HYD,Hyderabad,28.43,0.0,50.5,50.05,False,False,No festival
2024-10-10,KOL,Kolkata,26.12,0.0,62.95,116.03,False,False,No festival
2024-10-10,MUM,Mumbai,26.39,24.67,86.83,102.06,False,False,No festival
2024-10-10,PUN,Pune,25.03,0.0,60.99,67.86,False,False,No festival
2024-10-11,AMD,Ahmedabad,25.45,4.01,53.21,88.05,False,False,No festival
2024-10-11,BLR,Bengaluru,25.96,0.0,65.62,64.76,False,False,No festival
2024-10-11,CHE,Chennai,24.03,0.0,71.42,64.87,False,False,No festival
2024-10-11,DEL,Delhi NCR,23.99,0.0,53.49,142.65,False,False,No festival
2024-10-11,HYD,Hyderabad,30.25,0.0,51.41,114.01,False,False,No festival
2024-10-11,KOL,Kolkata,23.15,0.0,71.1,133.0,False,False,No festival
2024-10-11,MUM,Mumbai,26.25,0.0,65.55,93.67,False,False,No festival
2024-10-11,PUN,Pune,24.07,0.0,69.4,49.25,False,False,No festival
2024-10-12,AMD,Ahmedabad,22.07,0.0,42.08,70.93,False,False,No festival
2024-10-12,BLR,Bengaluru,25.49,0.0,56.26,76.47,False,False,No festival
2024-10-12,CHE,Chennai,28.26,0.0,76.61,98.59,False,False,No festival
2024-10-12,DEL,Delhi NCR,20.23,0.0,55.08,124.29,False,False,No festival
2024-10-12,HYD,Hyderabad,23.75,0.0,60.16,80.16,False,False,No festival
2024-10-12,KOL,Kolkata,24.65,0.0,74.07,105.47,False,False,No festival
2024-10-12,MUM,Mumbai,24.09,0.0,73.25,92.47,False,False,No festival
2024-10-12,PUN,Pune,25.55,0.0,63.87,71.54,False,False,No festival
2024-10-13,AMD,Ahmedabad,21.98,0.0,47.46,121.61,False,False,No festival
2024-10-13,BLR,Bengaluru,20.81,0.0,71.87,120.81,False,False,No festival
2024-10-13,CHE,Chennai,26.59,1.75,85.46,114.11,False,False,No festival
2024-10-13,DEL,Delhi NCR,18.72,0.0,47.35,170.24,False,False,No festival
2024-10-13,HYD,Hyderabad,24.46,0.0,62.75,103.76,False,False,No festival
2024-10-13,KOL,Kolkata,25.99,0.0,74.69,149.67,False,False,No festival
2024-10-13,MUM,Mumbai,25.63,0.0,69.34,97.33,False,False,No festival
2024-10-13,PUN,Pune,24.09,0.0,59.45,88.49,False,False,No festival
2024-10-14,AMD,Ahmedabad,24.84,0.0,47.11,112.27,False,False,No festival
2024-10-14,BLR,Bengaluru,25.78,0.0,66.03,88.46,False,False,No festival
2024-10-14,CHE,Chennai,26.58,0.0,75.36,120.0,False,False,No festival
2024-10-14,DEL,Delhi NCR,23.06,0.0,59.34,144.06,False,False,No festival
2024-10-14,HYD,Hyderabad,26.02,0.0,62.5,111.26,False,False,No festival
2024-10-14,KOL,Kolkata,27.05,0.0,68.72,131.0,False,False,No festival
2024-10-14,MUM,Mumbai,26.47,0.0,79.25,73.53,False,False,No festival
2024-10-14,PUN,Pune,26.17,22.96,73.63,83.68,False,False,No festival
2024-10-15,AMD,Ahmedabad,22.09,0.0,55.08,116.41,False,False,No festival
2024-10-15,BLR,Bengaluru,23.35,0.0,64.96,82.87,False,False,No festival
2024-10-15,CHE,Chennai,27.15,0.0,72.62,98.58,False,False,No festival
2024-10-15,DEL,Delhi NCR,21.96,0.0,54.81,173.13,False,False,No festival
2024-10-15,HYD,Hyderabad,26.4,0.0,48.83,81.29,False,False,No festival
2024-10-15,KOL,Kolkata,24.45,0.0,63.15,93.99,False,False,No festival
2024-10-15,MUM,Mumbai,27.28,0.0,73.54,84.59,False,False,No festival
2024-10-15,PUN,Pune,24.87,0.0,58.96,51.13,False,False,No festival
2024-10-16,AMD,Ahmedabad,24.66,25.45,60.36,105.62,False,False,No festival
2024-10-16,BLR,Bengaluru,22.91,0.0,78.14,65.64,False,False,No festival
2024-10-16,CHE,Chennai,31.18,0.0,72.46,89.5,False,False,No festival
2024-10-16,DEL,Delhi NCR,20.76,0.0,55.09,187.24,False,False,No festival
2024-10-16,HYD,Hyderabad,26.6,0.0,60.58,79.9,False,False,No festival
2024-10-16,KOL,Kolkata,26.21,10.82,88.91,133.03,False,False,No festival
2024-10-16,MUM,Mumbai,26.99,0.0,68.01,91.61,False,False,No festival
2024-10-16,PUN,Pune,20.04,0.0,55.96,99.5,False,False,No festival
2024-10-17,AMD,Ahmedabad,23.9,0.0,47.75,133.0,False,False,No festival
2024-10-17,BLR,Bengaluru,23.71,0.0,61.84,77.02,False,False,No festival
2024-10-17,CHE,Chennai,28.87,0.0,63.6,50.91,False,False,No festival
2024-10-17,DEL,Delhi NCR,22.39,0.0,60.02,132.17,False,False,No festival
2024-10-17,HYD,Hyderabad,23.39,0.0,53.57,91.92,False,False,No festival
2024-10-17,KOL,Kolkata,24.37,0.0,69.85,96.08,False,False,No festival
2024-10-17,MUM,Mumbai,24.96,0.0,77.2,76.01,False,False,No festival
2024-10-17,PUN,Pune,25.49,0.0,57.23,71.65,False,False,No festival
2024-10-18,AMD,Ahmedabad,25.91,0.0,46.21,122.01,False,False,No festival
2024-10-18,BLR,Bengaluru,24.61,0.0,54.88,66.62,False,False,No festival
2024-10-18,CHE,Chennai,25.86,4.07,88.43,82.35,False,False,No festival
2024-10-18,DEL,Delhi NCR,19.52,0.0,50.48,189.18,False,False,No festival
2024-10-18,HYD,Hyderabad,26.62,0.0,58.39,71.79,False,False,No festival
2024-10-18,KOL,Kolkata,23.59,0.0,71.9,154.02,False,False,No festival
2024-10-18,MUM,Mumbai,25.1,0.0,75.5,102.34,False,False,No festival
2024-10-18,PUN,Pune,23.82,0.0,56.69,81.89,False,False,No festival
2024-10-19,AMD,Ahmedabad,23.61,0.0,44.13,104.48,False,False,No festival
2024-10-19,BLR,Bengaluru,28.67,0.0,58.74,113.91,False,False,No festival
2024-10-19,CHE,Chennai,23.56,0.0,85.14,66.79,False,False,No festival
2024-10-19,DEL,Delhi NCR,21.44,0.0,57.24,166.99,False,False,No festival
2024-10-19,HYD,Hyderabad,25.29,0.0,71.42,68.28,False,False,No festival
2024-10-19,KOL,Kolkata,24.55,0.0,69.65,119.03,False,False,No festival
2024-10-19,MUM,Mumbai,26.13,0.0,69.44,109.24,False,False,No festival
2024-10-19,PUN,Pune,23.45,0.0,51.09,84.25,False,False,No festival
2024-10-20,AMD,Ahmedabad,26.33,0.0,51.38,124.27,False,False,No festival
2024-10-20,BLR,Bengaluru,24.85,0.0,55.34,70.39,False,False,No festival
2024-10-20,CHE,Chennai,28.32,0.0,85.26,70.58,False,False,No festival
2024-10-20,DEL,Delhi NCR,19.19,0.0,47.55,167.76,False,False,No festival
2024-10-20,HYD,Hyderabad,24.77,0.0,55.93,83.98,False,False,No festival
2024-10-20,KOL,Kolkata,24.33,0.0,73.81,122.64,False,False,No festival
2024-10-20,MUM,Mumbai,24.42,0.0,74.68,91.71,False,False,No festival
2024-10-20,PUN,Pune,24.72,0.0,66.99,51.58,False,False,No festival
2024-10-21,AMD,Ahmedabad,26.02,0.0,43.44,145.63,False,False,No festival
2024-10-21,BLR,Bengaluru,23.96,0.0,66.5,61.94,False,False,No festival
2024-10-21,CHE,Chennai,26.94,24.6,96.71,103.82,False,False,No festival
2024-10-21,DEL,Delhi NCR,22.13,0.0,60.02,215.26,False,False,No festival
2024-10-21,HYD,Hyderabad,27.77,0.0,54.21,139.15,False,False,No festival
2024-10-21,KOL,Kolkata,22.55,0.0,66.37,161.12,False,False,No festival
2024-10-21,MUM,Mumbai,26.27,0.0,67.24,110.17,False,False,No festival
2024-10-21,PUN,Pune,22.63,0.0,56.73,82.29,False,False,No festival
2024-10-22,AMD,Ahmedabad,22.26,0.0,47.56,119.7,False,False,No festival
2024-10-22,BLR,Bengaluru,22.07,0.0,61.66,94.73,False,False,No festival
2024-10-22,CHE,Chennai,26.62,1.69,87.58,92.93,False,False,No festival
2024-10-22,DEL,Delhi NCR,18.86,0.0,67.93,177.45,False,False,No festival
2024-10-22,HYD,Hyderabad,28.0,0.0,46.76,74.31,False,False,No festival
2024-10-22,KOL,Kolkata,22.96,0.0,72.76,115.17,False,False,No festival
2024-10-22,MUM,Mumbai,26.83,0.0,75.55,92.23,False,False,No festival
2024-10-22,PUN,Pune,23.86,0.0,59.17,104.67,False,False,No festival
2024-10-23,AMD,Ahmedabad,22.56,0.0,47.37,127.25,False,False,No festival
2024-10-23,BLR,Bengaluru,25.48,0.0,65.95,76.37,False,False,No festival
2024-10-23,CHE,Chennai,26.82,0.0,74.8,72.8,False,False,No festival
2024-10-23,DEL,Delhi NCR,22.25,0.0,54.0,175.37,False,False,No festival
2024-10-23,HYD,Hyderabad,27.43,0.0,62.57,114.01,False,False,No festival
2024-10-23,KOL,Kolkata,24.99,0.0,68.55,143.93,False,False,No festival
2024-10-23,MUM,Mumbai,26.31,0.0,81.36,104.52,False,False,No festival
2024-10-23,PUN,Pune,20.22,0.0,61.29,71.73,False,False,No festival
2024-10-24,AMD,Ahmedabad,25.69,0.0,53.86,150.09,False,False,No festival
2024-10-24,BLR,Bengaluru,25.04,0.0,69.86,82.28,False,False,No festival
2024-10-24,CHE,Chennai,31.03,10.29,79.74,101.37,False,False,No festival
2024-10-24,DEL,Delhi NCR,20.41,0.0,54.33,178.7,False,False,No festival
2024-10-24,HYD,Hyderabad,26.75,0.0,57.28,113.33,False,False,No festival
2024-10-24,KOL,Kolkata,23.89,0.0,71.4,87.65,False,False,No festival
2024-10-24,MUM,Mumbai,29.03,0.0,68.59,62.34,False,False,No festival
2024-10-24,PUN,Pune,25.84,0.0,60.93,33.92,False,False,No festival
2024-10-25,AMD,Ahmedabad,20.87,0.0,45.12,133.89,False,True,Diwali
2024-10-25,BLR,Bengaluru,24.94,0.0,69.07,49.41,False,True,Diwali
2024-10-25,CHE,Chennai,28.86,0.0,85.44,118.0,False,True,Diwali
2024-10-25,DEL,Delhi NCR,18.22,0.0,54.83,158.33,False,True,Diwali
2024-10-25,HYD,Hyderabad,27.19,0.0,65.5,67.6,False,True,Diwali
2024-10-25,KOL,Kolkata,21.13,0.0,80.73,147.25,False,True,Diwali
2024-10-25,MUM,Mumbai,23.4,0.0,72.58,94.68,False,True,Diwali
2024-10-25,PUN,Pune,21.9,0.0,50.85,104.2,False,True,Diwali
2024-10-26,AMD,Ahmedabad,23.97,0.0,49.66,77.25,False,True,Diwali
2024-10-26,BLR,Bengaluru,24.61,0.0,65.38,100.91,False,True,Diwali
2024-10-26,CHE,Chennai,27.94,2.62,86.48,30.51,False,True,Diwali
2024-10-26,DEL,Delhi NCR,21.74,0.0,50.44,143.54,False,True,Diwali
2024-10-26,HYD,Hyderabad,26.59,0.0,53.88,92.77,False,True,Diwali
2024-10-26,KOL,Kolkata,24.52,0.0,79.24,123.19,False,True,Diwali
2024-10-26,MUM,Mumbai,24.74,0.0,71.82,84.44,False,True,Diwali
2024-10-26,PUN,Pune,23.44,0.0,59.8,115.65,False,True,Diwali
2024-10-27,AMD,Ahmedabad,25.27,0.0,41.69,109.88,False,True,Diwali
2024-10-27,BLR,Bengaluru,25.18,0.0,64.42,32.75,False,True,Diwali
2024-10-27,CHE,Chennai,24.58,0.0,77.9,67.28,False,True,Diwali
2024-10-27,DEL,Delhi NCR,17.72,0.0,55.69,204.76,False,True,Diwali
2024-10-27,HYD,Hyderabad,25.45,0.0,60.65,102.32,False,True,Diwali
2024-10-27,KOL,Kolkata,26.3,0.0,68.58,106.01,False,True,Diwali
2024-10-27,MUM,Mumbai,24.57,0.0,58.3,83.02,False,True,Diwali
2024-10-27,PUN,Pune,20.56,0.0,57.81,140.46,False,True,Diwali
2024-10-28,AMD,Ahmedabad,23.37,0.0,47.87,73.3,False,True,Diwali
2024-10-28,BLR,Bengaluru,23.2,0.0,63.71,104.22,False,True,Diwali
2024-10-28,CHE,Chennai,28.1,9.4,92.12,74.04,False,True,Diwali
2024-10-28,DEL,Delhi NCR,21.21,0.0,55.58,135.28,False,True,Diwali
2024-10-28,HYD,Hyderabad,25.28,0.0,58.51,60.34,False,True,Diwali
2024-10-28,KOL,Kolkata,25.0,0.0,75.33,100.15,False,True,Diwali
2024-10-28,MUM,Mumbai,24.73,0.0,74.1,113.87,False,True,Diwali
2024-10-28,PUN,Pune,29.43,0.0,59.04,86.12,False,True,Diwali
2024-10-29,AMD,Ahmedabad,23.27,1.21,52.21,110.46,False,True,Diwali
2024-10-29,BLR,Bengaluru,22.79,0.0,69.32,78.85,False,True,Diwali
2024-10-29,CHE,Chennai,27.2,0.0,69.35,71.21,False,True,Diwali
2024-10-29,DEL,Delhi NCR,19.15,0.0,53.28,167.31,False,True,Diwali
2024-10-29,HYD,Hyderabad,22.41,0.0,52.35,80.77,False,True,Diwali
2024-10-29,KOL,Kolkata,22.73,0.0,74.57,121.15,False,True,Diwali
2024-10-29,MUM,Mumbai,25.85,0.0,74.61,91.05,False,True,Diwali
2024-10-29,PUN,Pune,24.85,0.0,63.12,95.32,False,True,Diwali
2024-10-30,AMD,Ahmedabad,24.55,0.0,49.6,105.27,False,True,Diwali
2024-10-30,BLR,Bengaluru,19.04,0.0,62.5,74.25,False,True,Diwali
2024-10-30,CHE,Chennai,30.04,14.87,94.31,85.66,False,True,Diwali
2024-10-30,DEL,Delhi NCR,17.09,0.0,46.9,188.5,False,True,Diwali
2024-10-30,HYD,Hyderabad,24.35,0.0,54.04,107.64,False,True,Diwali
2024-10-30,KOL,Kolkata,23.74,14.29,79.88,134.2,False,True,Diwali
2024-10-30,MUM,Mumbai,22.95,0.0,58.77,62.04,False,True,Diwali
2024-10-30,PUN,Pune,23.14,0.0,64.61,93.56,False,True,Diwali
2024-10-31,AMD,Ahmedabad,23.96,0.0,49.59,91.75,False,True,Diwali
2024-10-31,BLR,Bengaluru,24.49,0.0,62.35,32.03,False,True,Diwali
2024-10-31,CHE,Chennai,26.37,0.13,88.76,104.95,False,True,Diwali
2024-10-31,DEL,Delhi NCR,24.54,0.0,55.28,201.2,False,True,Diwali
2024-10-31,HYD,Hyderabad,27.41,0.0,49.06,91.44,False,True,Diwali
2024-10-31,KOL,Kolkata,22.84,0.0,71.13,139.22,False,True,Diwali
2024-10-31,MUM,Mumbai,24.31,0.0,72.2,59.72,False,True,Diwali
2024-10-31,PUN,Pune,23.92,0.0,62.56,100.54,False,True,Diwali
2024-11-01,AMD,Ahmedabad,21.68,0.0,46.57,134.86,False,True,Diwali
2024-11-01,BLR,Bengaluru,26.4,0.0,59.64,77.11,False,True,Diwali
2024-11-01,CHE,Chennai,24.51,3.79,98.0,109.69,False,True,Diwali
2024-11-01,DEL,Delhi NCR,22.69,0.0,60.05,292.95,False,True,Diwali
2024-11-01,HYD,Hyderabad,24.07,0.0,60.32,111.94,False,True,Diwali
2024-11-01,KOL,Kolkata,24.34,0.0,71.35,120.88,False,True,Diwali
2024-11-01,MUM,Mumbai,25.5,0.0,73.47,122.43,False,True,Diwali
2024-11-01,PUN,Pune,27.57,0.0,61.89,80.27,False,True,Diwali
2024-11-02,AMD,Ahmedabad,20.71,0.0,43.78,150.42,False,True,Diwali
2024-11-02,BLR,Bengaluru,24.19,0.0,68.35,122.8,False,True,Diwali
2024-11-02,CHE,Chennai,30.23,0.0,68.64,139.63,False,True,Diwali
2024-11-02,DEL,Delhi NCR,19.79,0.0,48.56,284.63,False,True,Diwali
2024-11-02,HYD,Hyderabad,26.1,0.0,57.86,116.74,False,True,Diwali
2024-11-02,KOL,Kolkata,23.95,0.0,69.76,154.62,False,True,Diwali
2024-11-02,MUM,Mumbai,27.71,0.0,72.21,127.14,False,True,Diwali
2024-11-02,PUN,Pune,25.4,8.75,70.3,69.9,False,True,Diwali
2024-11-03,AMD,Ahmedabad,26.24,0.0,38.5,112.31,False,True,Diwali
2024-11-03,BLR,Bengaluru,23.49,0.0,60.53,100.91,False,True,Diwali
2024-11-03,CHE,Chennai,30.97,12.69,80.64,123.65,False,True,Diwali
2024-11-03,DEL,Delhi NCR,18.83,0.0,56.22,323.43,False,True,Diwali
2024-11-03,HYD,Hyderabad,25.72,0.0,58.72,134.36,False,True,Diwali
2024-11-03,KOL,Kolkata,24.35,0.0,74.36,151.58,False,True,Diwali
2024-11-03,MUM,Mumbai,24.57,0.0,72.85,124.92,False,True,Diwali
2024-11-03,PUN,Pune,26.14,0.0,60.94,104.04,False,True,Diwali
2024-11-04,AMD,Ahmedabad,19.77,0.0,51.39,175.63,False,False,No festival
2024-11-04,BLR,Bengaluru,23.19,0.0,59.23,130.66,False,False,No festival
2024-11-04,CHE,Chennai,26.78,6.55,88.62,94.53,False,False,No festival
2024-11-04,DEL,Delhi NCR,19.83,0.0,52.6,301.88,False,False,No festival
2024-11-04,HYD,Hyderabad,23.54,0.0,58.69,105.18,False,False,No festival
2024-11-04,KOL,Kolkata,21.58,0.0,75.2,127.52,False,False,No festival
2024-11-04,MUM,Mumbai,25.07,0.0,74.13,101.02,False,False,No festival
2024-11-04,PUN,Pune,23.65,0.0,76.5,120.04,False,False,No festival
2024-11-05,AMD,Ahmedabad,22.54,0.0,40.89,145.93,False,False,No festival
2024-11-05,BLR,Bengaluru,25.46,0.0,62.73,89.92,False,False,No festival
2024-11-05,CHE,Chennai,31.38,0.0,65.09,86.5,False,False,No festival
2024-11-05,DEL,Delhi NCR,23.16,0.0,54.91,326.78,False,False,No festival
2024-11-05,HYD,Hyderabad,24.9,0.0,55.35,98.57,False,False,No festival
2024-11-05,KOL,Kolkata,26.52,0.0,75.61,134.94,False,False,No festival
2024-11-05,MUM,Mumbai,21.73,0.0,71.67,95.65,False,False,No festival
2024-11-05,PUN,Pune,22.92,0.0,66.97,90.07,False,False,No festival
2024-11-06,AMD,Ahmedabad,24.12,0.0,49.73,114.66,False,False,No festival
2024-11-06,BLR,Bengaluru,27.2,0.0,57.73,91.92,False,False,No festival
2024-11-06,CHE,Chennai,26.22,48.15,85.94,66.74,False,False,No festival
2024-11-06,DEL,Delhi NCR,20.08,0.0,58.94,305.36,False,False,No festival
2024-11-06,HYD,Hyderabad,24.99,0.0,58.96,143.26,False,False,No festival
2024-11-06,KOL,Kolkata,27.59,0.0,75.94,115.16,False,False,No festival
2024-11-06,MUM,Mumbai,23.54,0.0,79.9,128.36,False,False,No festival
2024-11-06,PUN,Pune,25.85,0.0,57.28,126.19,False,False,No festival
2024-11-07,AMD,Ahmedabad,27.15,0.0,51.82,119.53,False,False,No festival
2024-11-07,BLR,Bengaluru,24.68,0.0,64.37,105.6,False,False,No festival
2024-11-07,CHE,Chennai,26.03,0.47,83.35,173.48,False,False,No festival
2024-11-07,DEL,Delhi NCR,17.57,0.0,52.46,337.23,False,False,No festival
2024-11-07,HYD,Hyderabad,25.39,0.0,69.1,143.36,False,False,No festival
2024-11-07,KOL,Kolkata,22.71,0.0,78.73,152.94,False,False,No festival
2024-11-07,MUM,Mumbai,23.77,0.0,83.0,114.73,False,False,No festival
2024-11-07,PUN,Pune,22.4,0.0,59.98,116.79,False,False,No festival
2024-11-08,AMD,Ahmedabad,23.4,0.0,43.65,164.33,False,False,No festival
2024-11-08,BLR,Bengaluru,22.14,0.0,80.08,108.37,False,False,No festival
2024-11-08,CHE,Chennai,25.9,6.37,84.89,88.04,False,False,No festival
2024-11-08,DEL,Delhi NCR,18.38,0.0,58.13,272.19,False,False,No festival
2024-11-08,HYD,Hyderabad,23.71,0.0,55.17,95.78,False,False,No festival
2024-11-08,KOL,Kolkata,23.6,0.0,68.99,146.34,False,False,No festival
2024-11-08,MUM,Mumbai,25.93,0.0,76.04,103.54,False,False,No festival
2024-11-08,PUN,Pune,27.31,0.0,64.25,153.5,False,False,No festival
2024-11-09,AMD,Ahmedabad,21.64,0.0,49.99,99.52,False,False,No festival
2024-11-09,BLR,Bengaluru,24.62,0.0,61.59,106.95,False,False,No festival
2024-11-09,CHE,Chennai,30.43,0.0,79.33,96.39,False,False,No festival
2024-11-09,DEL,Delhi NCR,21.12,0.0,51.87,293.91,False,False,No festival
2024-11-09,HYD,Hyderabad,23.51,0.0,60.15,131.06,False,False,No festival
2024-11-09,KOL,Kolkata,23.73,0.0,70.64,152.51,False,False,No festival
2024-11-09,MUM,Mumbai,26.5,0.0,75.51,82.49,False,False,No festival
2024-11-09,PUN,Pune,23.19,0.0,65.3,90.99,False,False,No festival
2024-11-10,AMD,Ahmedabad,22.29,0.0,42.79,117.24,False,False,No festival
2024-11-10,BLR,Bengaluru,21.76,0.0,60.47,84.16,False,False,No festival
2024-11-10,CHE,Chennai,27.62,0.0,70.43,129.02,False,False,No festival
2024-11-10,DEL,Delhi NCR,20.56,0.0,57.05,298.23,False,False,No festival
2024-11-10,HYD,Hyderabad,24.25,0.0,55.7,104.85,False,False,No festival
2024-11-10,KOL,Kolkata,27.01,0.0,69.38,115.87,False,False,No festival
2024-11-10,MUM,Mumbai,26.51,0.0,75.4,154.35,False,False,No festival
2024-11-10,PUN,Pune,25.9,0.0,61.51,116.08,False,False,No festival
2024-11-11,AMD,Ahmedabad,23.27,0.0,46.12,100.85,False,False,No festival
2024-11-11,BLR,Bengaluru,26.13,0.0,61.0,70.24,False,False,No festival
2024-11-11,CHE,Chennai,29.46,31.37,88.54,96.17,False,False,No festival
2024-11-11,DEL,Delhi NCR,18.49,0.0,43.51,337.22,False,False,No festival
2024-11-11,HYD,Hyderabad,24.39,0.0,59.96,117.58,False,False,No festival
2024-11-11,KOL,Kolkata,21.53,0.0,72.18,148.58,False,False,No festival
2024-11-11,MUM,Mumbai,24.79,22.25,96.17,109.21,False,False,No festival
2024-11-11,PUN,Pune,24.85,0.0,60.13,115.14,False,False,No festival
2024-11-12,AMD,Ahmedabad,20.82,0.0,50.4,79.45,False,False,No festival
2024-11-12,BLR,Bengaluru,26.64,0.0,61.89,90.93,False,False,No festival
2024-11-12,CHE,Chennai,27.29,0.0,77.05,114.03,False,False,No festival
2024-11-12,DEL,Delhi NCR,17.25,0.0,49.61,317.38,False,False,No festival
2024-11-12,HYD,Hyderabad,27.47,23.02,70.08,95.79,False,False,No festival
2024-11-12,KOL,Kolkata,25.27,0.0,62.67,119.83,False,False,No festival
2024-11-12,MUM,Mumbai,23.81,0.0,61.55,113.72,False,False,No festival
2024-11-12,PUN,Pune,20.72,0.0,63.78,95.13,False,False,No festival
2024-11-13,AMD,Ahmedabad,23.21,0.0,49.65,142.49,False,False,No festival
2024-11-13,BLR,Bengaluru,26.05,0.0,68.23,25.0,False,False,No festival
2024-11-13,CHE,Chennai,25.67,16.48,80.51,57.31,False,False,No festival
2024-11-13,DEL,Delhi NCR,18.89,0.0,56.06,330.43,False,False,No festival
2024-11-13,HYD,Hyderabad,24.12,0.0,56.34,109.82,False,False,No festival
2024-11-13,KOL,Kolkata,25.03,0.0,72.48,202.14,False,False,No festival
2024-11-13,MUM,Mumbai,27.31,0.0,72.46,104.97,False,False,No festival
2024-11-13,PUN,Pune,25.17,0.0,70.46,124.68,False,False,No festival
2024-11-14,AMD,Ahmedabad,20.19,0.0,49.71,148.76,False,False,No festival
2024-11-14,BLR,Bengaluru,20.61,0.0,70.59,83.42,False,False,No festival
2024-11-14,CHE,Chennai,28.89,0.0,68.23,136.6,False,False,No festival
2024-11-14,DEL,Delhi NCR,18.12,0.0,50.24,306.07,False,False,No festival
2024-11-14,HYD,Hyderabad,27.16,0.0,54.43,117.2,False,False,No festival
2024-11-14,KOL,Kolkata,25.59,0.0,75.89,149.71,False,False,No festival
2024-11-14,MUM,Mumbai,24.76,0.0,75.06,102.1,False,False,No festival
2024-11-14,PUN,Pune,25.82,0.0,66.36,81.45,False,False,No festival
2024-11-15,AMD,Ahmedabad,22.48,0.0,44.28,131.55,False,False,No festival
2024-11-15,BLR,Bengaluru,25.79,0.0,54.23,92.62,False,False,No festival
2024-11-15,CHE,Chennai,29.74,0.0,79.12,116.27,False,False,No festival
2024-11-15,DEL,Delhi NCR,18.6,0.0,65.27,286.21,False,False,No festival
2024-11-15,HYD,Hyderabad,24.61,0.0,55.99,130.53,False,False,No festival
2024-11-15,KOL,Kolkata,22.07,0.0,71.08,161.41,False,False,No festival
2024-11-15,MUM,Mumbai,23.85,0.0,74.27,143.63,False,False,No festival
2024-11-15,PUN,Pune,24.08,0.0,68.01,104.49,False,False,No festival
2024-11-16,AMD,Ahmedabad,25.68,0.0,46.13,89.74,False,False,No festival
2024-11-16,BLR,Bengaluru,19.87,0.0,62.14,113.0,False,False,No festival
2024-11-16,CHE,Chennai,26.55,0.0,76.27,64.73,False,False,No festival
2024-11-16,DEL,Delhi NCR,22.55,0.0,50.49,305.09,False,False,No festival
2024-11-16,HYD,Hyderabad,26.8,0.0,57.57,107.56,False,False,No festival
2024-11-16,KOL,Kolkata,25.16,0.0,72.77,180.9,False,False,No festival
2024-11-16,MUM,Mumbai,25.32,0.0,77.24,100.85,False,False,No festival
2024-11-16,PUN,Pune,23.13,0.0,59.24,162.68,False,False,No festival
2024-11-17,AMD,Ahmedabad,22.83,0.0,46.63,115.29,False,False,No festival
2024-11-17,BLR,Bengaluru,26.2,0.0,69.14,95.3,False,False,No festival
2024-11-17,CHE,Chennai,27.34,16.01,83.33,134.58,False,False,No festival
2024-11-17,DEL,Delhi NCR,18.06,0.0,48.64,355.82,False,False,No festival
2024-11-17,HYD,Hyderabad,24.11,0.0,50.1,148.24,False,False,No festival
2024-11-17,KOL,Kolkata,23.63,0.0,72.8,137.63,False,False,No festival
2024-11-17,MUM,Mumbai,22.02,0.0,69.27,116.69,False,False,No festival
2024-11-17,PUN,Pune,21.83,0.0,56.99,111.4,False,False,No festival
2024-11-18,AMD,Ahmedabad,24.72,0.0,60.64,118.92,False,False,No festival
2024-11-18,BLR,Bengaluru,23.66,0.0,62.68,87.08,False,False,No festival
2024-11-18,CHE,Chennai,25.96,2.26,84.06,139.18,False,False,No festival
2024-11-18,DEL,Delhi NCR,21.42,0.0,51.46,283.43,False,False,No festival
2024-11-18,HYD,Hyderabad,24.43,0.0,61.87,115.15,False,False,No festival
2024-11-18,KOL,Kolkata,22.71,0.0,80.34,125.83,False,False,No festival
2024-11-18,MUM,Mumbai,24.38,0.0,76.02,132.39,False,False,No festival
2024-11-18,PUN,Pune,24.02,0.0,61.01,89.27,False,False,No festival
2024-11-19,AMD,Ahmedabad,23.69,0.0,38.97,151.62,False,False,No festival
2024-11-19,BLR,Bengaluru,24.57,0.0,62.95,90.9,False,False,No festival
2024-11-19,CHE,Chennai,25.33,6.75,92.89,89.97,False,False,No festival
2024-11-19,DEL,Delhi NCR,19.93,0.0,56.6,329.93,False,False,No festival
2024-11-19,HYD,Hyderabad,28.18,0.0,54.99,90.18,False,False,No festival
2024-11-19,KOL,Kolkata,23.76,0.0,66.18,181.78,False,False,No festival
2024-11-19,MUM,Mumbai,25.0,0.0,74.12,90.8,False,False,No festival
2024-11-19,PUN,Pune,27.15,0.0,47.8,118.42,False,False,No festival
2024-11-20,AMD,Ahmedabad,23.24,0.0,48.97,156.05,False,False,No festival
2024-11-20,BLR,Bengaluru,22.78,0.0,70.07,109.75,False,False,No festival
2024-11-20,CHE,Chennai,25.05,4.01,86.17,92.67,False,False,No festival
2024-11-20,DEL,Delhi NCR,20.96,0.0,51.05,319.09,False,False,No festival
2024-11-20,HYD,Hyderabad,23.4,0.0,54.11,133.41,False,False,No festival
2024-11-20,KOL,Kolkata,27.47,0.0,68.69,120.52,False,False,No festival
2024-11-20,MUM,Mumbai,22.02,0.0,72.57,111.0,False,False,No festival
2024-11-20,PUN,Pune,24.25,0.0,56.48,113.62,False,False,No festival
2024-11-21,AMD,Ahmedabad,25.27,0.0,40.38,124.3,False,False,No festival
2024-11-21,BLR,Bengaluru,24.77,4.42,72.15,132.06,False,False,No festival
2024-11-21,CHE,Chennai,28.04,15.52,91.48,83.15,False,False,No festival
2024-11-21,DEL,Delhi NCR,20.91,0.0,50.57,292.85,False,False,No festival
2024-11-21,HYD,Hyderabad,24.64,0.0,65.4,163.94,False,False,No festival
2024-11-21,KOL,Kolkata,25.58,0.0,68.5,158.44,False,False,No festival
2024-11-21,MUM,Mumbai,27.11,0.0,71.94,101.73,False,False,No festival
2024-11-21,PUN,Pune,22.77,0.0,57.58,117.44,False,False,No festival
2024-11-22,AMD,Ahmedabad,26.14,0.0,48.18,119.41,False,False,No festival
2024-11-22,BLR,Bengaluru,25.97,0.0,59.99,133.63,False,False,No festival
2024-11-22,CHE,Chennai,25.57,0.0,71.16,89.36,False,False,No festival
2024-11-22,DEL,Delhi NCR,21.15,0.0,48.52,315.06,False,False,No festival
2024-11-22,HYD,Hyderabad,23.47,0.0,62.21,133.54,False,False,No festival
2024-11-22,KOL,Kolkata,26.23,0.0,71.56,142.9,False,False,No festival
2024-11-22,MUM,Mumbai,28.0,0.0,78.43,126.71,False,False,No festival
2024-11-22,PUN,Pune,22.84,0.0,56.76,91.91,False,False,No festival
2024-11-23,AMD,Ahmedabad,23.24,0.0,50.47,128.8,False,False,No festival
2024-11-23,BLR,Bengaluru,27.0,0.0,63.66,91.03,False,False,No festival
2024-11-23,CHE,Chennai,30.99,10.91,89.35,140.47,False,False,No festival
2024-11-23,DEL,Delhi NCR,18.97,0.0,48.28,298.31,False,False,No festival
2024-11-23,HYD,Hyderabad,24.38,0.0,54.19,88.78,False,False,No festival
2024-11-23,KOL,Kolkata,24.74,0.0,70.21,131.76,False,False,No festival
2024-11-23,MUM,Mumbai,28.99,19.59,84.12,119.27,False,False,No festival
2024-11-23,PUN,Pune,26.5,0.0,65.73,150.13,False,False,No festival
2024-11-24,AMD,Ahmedabad,20.67,0.0,59.22,101.61,False,False,No festival
2024-11-24,BLR,Bengaluru,25.86,0.0,58.38,85.32,False,False,No festival
2024-11-24,CHE,Chennai,26.22,23.71,96.17,80.41,False,False,No festival
2024-11-24,DEL,Delhi NCR,19.65,0.0,50.26,280.83,False,False,No festival
2024-11-24,HYD,Hyderabad,24.34,0.0,63.3,136.01,False,False,No festival
2024-11-24,KOL,Kolkata,25.93,0.0,76.54,126.29,False,False,No festival
2024-11-24,MUM,Mumbai,24.39,0.0,76.76,111.69,False,False,No festival
2024-11-24,PUN,Pune,21.71,0.0,53.63,112.18,False,False,No festival
2024-11-25,AMD,Ahmedabad,24.07,0.0,53.4,162.35,False,False,No festival
2024-11-25,BLR,Bengaluru,23.4,0.0,59.66,119.53,False,False,No festival
2024-11-25,CHE,Chennai,27.75,0.0,74.09,102.62,False,False,No festival
2024-11-25,DEL,Delhi NCR,20.97,0.0,44.5,335.27,False,False,No festival
2024-11-25,HYD,Hyderabad,23.35,0.0,65.21,138.97,False,False,No festival
2024-11-25,KOL,Kolkata,22.76,0.0,75.6,164.37,False,False,No festival
2024-11-25,MUM,Mumbai,25.71,0.0,83.68,109.98,False,False,No festival
2024-11-25,PUN,Pune,23.93,0.0,56.79,136.23,False,False,No festival
2024-11-26,AMD,Ahmedabad,24.07,0.0,47.88,153.6,False,False,No festival
2024-11-26,BLR,Bengaluru,26.43,0.0,64.04,112.5,False,False,No festival
2024-11-26,CHE,Chennai,26.63,0.0,74.22,81.95,False,False,No festival
2024-11-26,DEL,Delhi NCR,21.52,0.0,51.44,284.62,False,False,No festival
2024-11-26,HYD,Hyderabad,27.72,0.0,59.87,126.97,False,False,No festival
2024-11-26,KOL,Kolkata,25.7,0.0,67.66,161.09,False,False,No festival
2024-11-26,MUM,Mumbai,27.16,0.0,82.76,139.56,False,False,No festival
2024-11-26,PUN,Pune,21.82,0.0,59.48,106.52,False,False,No festival
2024-11-27,AMD,Ahmedabad,22.61,0.0,47.68,147.17,False,False,No festival
2024-11-27,BLR,Bengaluru,25.21,0.0,57.64,77.38,False,False,No festival
2024-11-27,CHE,Chennai,26.11,17.86,90.18,95.26,False,False,No festival
2024-11-27,DEL,Delhi NCR,18.83,0.0,54.02,312.68,False,False,No festival
2024-11-27,HYD,Hyderabad,22.47,0.0,72.91,127.97,False,False,No festival
2024-11-27,KOL,Kolkata,26.92,0.0,73.36,124.86,False,False,No festival
2024-11-27,MUM,Mumbai,28.81,0.0,71.19,114.13,False,False,No festival
2024-11-27,PUN,Pune,24.28,0.0,60.39,125.86,False,False,No festival
2024-11-28,AMD,Ahmedabad,26.23,0.0,44.74,120.24,False,False,No festival
2024-11-28,BLR,Bengaluru,25.38,0.0,70.08,97.6,False,False,No festival
2024-11-28,CHE,Chennai,28.43,0.0,73.03,113.98,False,False,No festival
2024-11-28,DEL,Delhi NCR,20.95,0.0,64.49,277.04,False,False,No festival
2024-11-28,HYD,Hyderabad,27.06,0.0,52.31,162.96,False,False,No festival
2024-11-28,KOL,Kolkata,23.03,0.0,68.42,137.65,False,False,No festival
2024-11-28,MUM,Mumbai,30.21,0.0,75.68,95.4,False,False,No festival
2024-11-28,PUN,Pune,22.33,0.0,61.92,92.59,False,False,No festival
2024-11-29,AMD,Ahmedabad,22.58,0.0,49.87,135.59,False,False,No festival
2024-11-29,BLR,Bengaluru,25.25,0.0,54.6,96.86,False,False,No festival
2024-11-29,CHE,Chennai,27.29,0.0,69.73,102.3,False,False,No festival
2024-11-29,DEL,Delhi NCR,20.91,0.0,51.72,310.81,False,False,No festival
2024-11-29,HYD,Hyderabad,24.74,0.0,51.36,108.46,False,False,No festival
2024-11-29,KOL,Kolkata,24.17,0.0,76.2,113.36,False,False,No festival
2024-11-29,MUM,Mumbai,27.81,0.0,71.7,119.89,False,False,No festival
2024-11-29,PUN,Pune,25.18,0.0,60.54,119.85,False,False,No festival
2024-11-30,AMD,Ahmedabad,23.14,0.0,48.02,104.0,False,False,No festival
2024-11-30,BLR,Bengaluru,24.22,0.0,64.5,98.19,False,False,No festival
2024-11-30,CHE,Chennai,28.48,7.4,83.13,146.4,False,False,No festival
2024-11-30,DEL,Delhi NCR,25.0,0.0,55.46,312.61,False,False,No festival
2024-11-30,HYD,Hyderabad,26.35,0.0,63.05,132.86,False,False,No festival
2024-11-30,KOL,Kolkata,26.36,0.0,80.72,140.51,False,False,No festival
2024-11-30,MUM,Mumbai,21.53,0.61,91.64,91.15,False,False,No festival
2024-11-30,PUN,Pune,23.42,0.0,71.32,38.72,False,False,No festival
2024-12-01,AMD,Ahmedabad,24.01,0.0,52.62,138.99,False,False,No festival
2024-12-01,BLR,Bengaluru,18.52,0.0,71.33,110.05,False,False,No festival
2024-12-01,CHE,Chennai,30.78,0.0,82.36,114.12,False,False,No festival
2024-12-01,DEL,Delhi NCR,22.54,0.0,44.45,289.64,False,False,No festival
2024-12-01,HYD,Hyderabad,26.47,0.0,55.39,125.94,False,False,No festival
2024-12-01,KOL,Kolkata,26.4,0.0,74.94,152.45,False,False,No festival
2024-12-01,MUM,Mumbai,28.08,0.0,60.26,96.18,False,False,No festival
2024-12-01,PUN,Pune,23.25,0.0,62.95,101.76,False,False,No festival
2024-12-02,AMD,Ahmedabad,22.86,0.0,53.83,108.84,False,False,No festival
2024-12-02,BLR,Bengaluru,27.31,0.0,64.97,96.43,False,False,No festival
2024-12-02,CHE,Chennai,28.25,0.0,74.38,122.83,False,False,No festival
2024-12-02,DEL,Delhi NCR,21.05,0.0,58.62,293.92,False,False,No festival
2024-12-02,HYD,Hyderabad,24.57,0.0,47.38,119.71,False,False,No festival
2024-12-02,KOL,Kolkata,22.28,0.0,77.55,164.79,False,False,No festival
2024-12-02,MUM,Mumbai,25.29,0.0,79.23,148.2,False,False,No festival
2024-12-02,PUN,Pune,24.43,0.0,65.05,91.15,False,False,No festival
2024-12-03,AMD,Ahmedabad,23.8,0.0,53.12,131.03,False,False,No festival
2024-12-03,BLR,Bengaluru,21.49,0.0,68.59,97.6,False,False,No festival
2024-12-03,CHE,Chennai,28.79,0.0,71.24,123.63,False,False,No festival
2024-12-03,DEL,Delhi NCR,21.83,0.0,54.05,289.59,False,False,No festival
2024-12-03,HYD,Hyderabad,26.2,0.0,54.03,101.41,False,False,No festival
2024-12-03,KOL,Kolkata,25.63,0.0,65.86,140.59,False,False,No festival
2024-12-03,MUM,Mumbai,24.88,0.0,64.45,128.15,False,False,No festival
2024-12-03,PUN,Pune,24.87,0.0,62.15,100.84,False,False,No festival
2024-12-04,AMD,Ahmedabad,23.0,0.0,44.56,121.69,False,False,No festival
2024-12-04,BLR,Bengaluru,25.46,0.0,54.69,98.61,False,False,No festival
2024-12-04,CHE,Chennai,28.03,0.0,78.38,102.94,False,False,No festival
2024-12-04,DEL,Delhi NCR,19.16,0.0,49.94,290.18,False,False,No festival
2024-12-04,HYD,Hyderabad,24.45,0.0,62.9,124.26,False,False,No festival
2024-12-04,KOL,Kolkata,26.71,3.19,78.79,198.35,False,False,No festival
2024-12-04,MUM,Mumbai,28.17,0.0,70.41,125.43,False,False,No festival
2024-12-04,PUN,Pune,22.1,0.0,58.99,84.3,False,False,No festival
2024-12-05,AMD,Ahmedabad,21.64,0.0,46.8,150.32,False,False,No festival
2024-12-05,BLR,Bengaluru,25.06,0.0,61.7,114.61,False,False,No festival
2024-12-05,CHE,Chennai,29.8,25.69,84.02,122.33,False,False,No festival
2024-12-05,DEL,Delhi NCR,19.55,0.0,56.06,314.89,False,False,No festival
2024-12-05,HYD,Hyderabad,28.0,0.0,50.29,142.23,False,False,No festival
2024-12-05,KOL,Kolkata,25.52,0.0,67.59,167.51,False,False,No festival
2024-12-05,MUM,Mumbai,27.89,0.0,69.39,131.83,False,False,No festival
2024-12-05,PUN,Pune,26.23,0.0,61.85,121.42,False,False,No festival
2024-12-06,AMD,Ahmedabad,22.78,0.0,41.81,162.95,False,False,No festival
2024-12-06,BLR,Bengaluru,26.29,0.0,66.0,83.14,False,False,No festival
2024-12-06,CHE,Chennai,27.21,0.0,76.64,73.12,False,False,No festival
2024-12-06,DEL,Delhi NCR,22.53,0.0,60.13,285.27,False,False,No festival
2024-12-06,HYD,Hyderabad,23.27,0.0,62.97,147.59,False,False,No festival
2024-12-06,KOL,Kolkata,27.07,0.0,65.36,159.83,False,False,No festival
2024-12-06,MUM,Mumbai,25.58,0.0,73.45,84.71,False,False,No festival
2024-12-06,PUN,Pune,25.64,0.0,55.83,110.45,False,False,No festival
2024-12-07,AMD,Ahmedabad,23.8,0.0,47.81,127.89,False,False,No festival
2024-12-07,BLR,Bengaluru,22.36,0.0,58.88,118.5,False,False,No festival
2024-12-07,CHE,Chennai,27.19,0.0,68.65,112.56,False,False,No festival
2024-12-07,DEL,Delhi NCR,20.04,0.0,56.74,279.6,False,False,No festival
2024-12-07,HYD,Hyderabad,25.6,0.0,57.88,139.63,False,False,No festival
2024-12-07,KOL,Kolkata,25.06,0.0,79.63,164.75,False,False,No festival
2024-12-07,MUM,Mumbai,26.14,0.0,71.99,119.93,False,False,No festival
2024-12-07,PUN,Pune,26.82,0.0,56.83,81.97,False,False,No festival
2024-12-08,AMD,Ahmedabad,27.23,0.0,46.55,174.72,False,False,No festival
2024-12-08,BLR,Bengaluru,21.43,0.0,67.07,142.04,False,False,No festival
2024-12-08,CHE,Chennai,26.05,0.0,75.27,133.98,False,False,No festival
2024-12-08,DEL,Delhi NCR,22.89,0.0,52.45,321.79,False,False,No festival
2024-12-08,HYD,Hyderabad,23.55,0.0,59.34,131.67,False,False,No festival
2024-12-08,KOL,Kolkata,25.87,0.0,83.84,121.0,False,False,No festival
2024-12-08,MUM,Mumbai,26.83,0.0,71.01,118.07,False,False,No festival
2024-12-08,PUN,Pune,23.99,0.0,59.79,152.09,False,False,No festival
2024-12-09,AMD,Ahmedabad,23.52,0.0,56.48,129.2,False,False,No festival
2024-12-09,BLR,Bengaluru,23.44,0.0,66.28,92.77,False,False,No festival
2024-12-09,CHE,Chennai,27.32,0.0,76.81,88.26,False,False,No festival
2024-12-09,DEL,Delhi NCR,23.88,0.0,52.13,285.36,False,False,No festival
2024-12-09,HYD,Hyderabad,26.55,0.0,57.74,112.98,False,False,No festival
2024-12-09,KOL,Kolkata,22.84,0.0,78.04,150.91,False,False,No festival
2024-12-09,MUM,Mumbai,25.67,0.0,75.25,138.59,False,False,No festival
2024-12-09,PUN,Pune,28.33,0.0,57.42,112.72,False,False,No festival
2024-12-10,AMD,Ahmedabad,25.22,0.0,44.87,110.7,False,False,No festival
2024-12-10,BLR,Bengaluru,24.46,0.0,62.79,77.62,False,False,No festival
2024-12-10,CHE,Chennai,26.39,0.0,73.75,145.36,False,False,No festival
2024-12-10,DEL,Delhi NCR,20.78,0.0,46.96,320.0,False,False,No festival
2024-12-10,HYD,Hyderabad,23.84,0.0,53.41,110.56,False,False,No festival
2024-12-10,KOL,Kolkata,25.13,0.0,73.77,166.69,False,False,No festival
2024-12-10,MUM,Mumbai,28.52,0.0,77.77,125.4,False,False,No festival
2024-12-10,PUN,Pune,26.24,0.0,66.52,124.81,False,False,No festival
2024-12-11,AMD,Ahmedabad,27.61,0.0,50.78,145.48,False,False,No festival
2024-12-11,BLR,Bengaluru,22.94,0.0,77.05,102.11,False,False,No festival
2024-12-11,CHE,Chennai,27.54,0.0,79.4,90.76,False,False,No festival
2024-12-11,DEL,Delhi NCR,21.73,0.0,51.83,305.5,False,False,No festival
2024-12-11,HYD,Hyderabad,23.35,0.0,56.35,116.35,False,False,No festival
2024-12-11,KOL,Kolkata,22.97,15.28,84.99,144.7,False,False,No festival
2024-12-11,MUM,Mumbai,25.19,0.0,74.98,93.08,False,False,No festival
2024-12-11,PUN,Pune,23.82,0.0,67.13,104.38,False,False,No festival
2024-12-12,AMD,Ahmedabad,27.51,0.0,52.25,113.31,False,False,No festival
2024-12-12,BLR,Bengaluru,24.64,0.0,74.29,115.43,False,False,No festival
2024-12-12,CHE,Chennai,29.32,0.0,79.47,92.03,False,False,No festival
2024-12-12,DEL,Delhi NCR,23.26,0.0,55.08,281.57,False,False,No festival
2024-12-12,HYD,Hyderabad,22.37,0.0,56.52,158.93,False,False,No festival
2024-12-12,KOL,Kolkata,25.01,0.0,71.01,174.86,False,False,No festival
2024-12-12,MUM,Mumbai,25.73,0.0,65.42,134.73,False,False,No festival
2024-12-12,PUN,Pune,24.34,0.0,68.46,174.43,False,False,No festival
2024-12-13,AMD,Ahmedabad,22.9,0.0,54.45,142.87,False,False,No festival
2024-12-13,BLR,Bengaluru,24.12,0.0,59.09,126.84,False,False,No festival
2024-12-13,CHE,Chennai,28.71,0.0,77.16,101.64,False,False,No festival
2024-12-13,DEL,Delhi NCR,20.87,0.0,57.96,293.77,False,False,No festival
2024-12-13,HYD,Hyderabad,23.64,0.0,56.45,133.95,False,False,No festival
2024-12-13,KOL,Kolkata,24.48,0.0,68.9,166.45,False,False,No festival
2024-12-13,MUM,Mumbai,26.29,0.0,71.7,122.15,False,False,No festival
2024-12-13,PUN,Pune,26.61,0.0,57.8,119.73,False,False,No festival
2024-12-14,AMD,Ahmedabad,24.86,0.0,44.91,147.46,False,False,No festival
2024-12-14,BLR,Bengaluru,23.58,0.0,60.44,140.43,False,False,No festival
2024-12-14,CHE,Chennai,26.44,0.0,73.35,118.55,False,False,No festival
2024-12-14,DEL,Delhi NCR,24.82,0.0,52.36,217.29,False,False,No festival
2024-12-14,HYD,Hyderabad,23.87,0.0,64.25,141.19,False,False,No festival
2024-12-14,KOL,Kolkata,23.41,0.0,77.13,168.08,False,False,No festival
2024-12-14,MUM,Mumbai,25.21,0.0,66.79,120.14,False,False,No festival
2024-12-14,PUN,Pune,25.91,0.0,58.21,93.27,False,False,No festival
2024-12-15,AMD,Ahmedabad,23.13,0.0,52.01,141.5,False,False,No festival
2024-12-15,BLR,Bengaluru,25.04,0.0,69.29,96.04,False,False,No festival
2024-12-15,CHE,Chennai,26.25,0.0,80.36,142.72,False,False,No festival
2024-12-15,DEL,Delhi NCR,21.78,0.0,48.91,307.54,False,False,No festival
2024-12-15,HYD,Hyderabad,24.11,0.0,64.83,183.82,False,False,No festival
2024-12-15,KOL,Kolkata,25.22,0.0,79.49,135.19,False,False,No festival
2024-12-15,MUM,Mumbai,29.18,0.0,85.24,90.37,False,False,No festival
2024-12-15,PUN,Pune,21.02,0.0,64.74,118.35,False,False,No festival
2024-12-16,AMD,Ahmedabad,27.39,0.0,56.28,146.1,False,False,No festival
2024-12-16,BLR,Bengaluru,25.46,0.0,64.28,65.1,False,False,No festival
2024-12-16,CHE,Chennai,30.11,0.0,65.4,113.85,False,False,No festival
2024-12-16,DEL,Delhi NCR,22.01,0.0,51.28,297.83,False,False,No festival
2024-12-16,HYD,Hyderabad,23.79,0.0,56.45,106.24,False,False,No festival
2024-12-16,KOL,Kolkata,23.94,0.0,65.9,142.66,False,False,No festival
2024-12-16,MUM,Mumbai,26.07,0.0,75.22,138.81,False,False,No festival
2024-12-16,PUN,Pune,26.17,0.0,54.88,88.07,False,False,No festival
2024-12-17,AMD,Ahmedabad,23.26,0.0,41.45,126.14,False,False,No festival
2024-12-17,BLR,Bengaluru,25.46,0.0,62.81,69.27,False,False,No festival
2024-12-17,CHE,Chennai,28.35,0.0,78.44,107.93,False,False,No festival
2024-12-17,DEL,Delhi NCR,22.31,0.0,50.48,299.38,False,False,No festival
2024-12-17,HYD,Hyderabad,23.43,0.0,62.85,113.47,False,False,No festival
2024-12-17,KOL,Kolkata,26.12,0.0,66.3,135.65,False,False,No festival
2024-12-17,MUM,Mumbai,23.92,0.0,75.19,93.13,False,False,No festival
2024-12-17,PUN,Pune,24.35,0.0,67.61,132.48,False,False,No festival
2024-12-18,AMD,Ahmedabad,24.57,0.0,49.13,119.71,False,False,No festival
2024-12-18,BLR,Bengaluru,23.72,0.0,69.33,133.76,False,False,No festival
2024-12-18,CHE,Chennai,25.63,0.0,74.23,108.81,False,False,No festival
2024-12-18,DEL,Delhi NCR,17.53,0.0,60.3,254.61,False,False,No festival
2024-12-18,HYD,Hyderabad,26.69,0.0,54.54,127.23,False,False,No festival
2024-12-18,KOL,Kolkata,25.61,0.0,68.18,112.07,False,False,No festival
2024-12-18,MUM,Mumbai,27.43,0.0,70.53,100.3,False,False,No festival
2024-12-18,PUN,Pune,24.58,0.0,64.67,124.77,False,False,No festival
2024-12-19,AMD,Ahmedabad,24.36,0.0,45.27,100.34,False,False,No festival
2024-12-19,BLR,Bengaluru,22.4,0.0,62.92,123.69,False,False,No festival
2024-12-19,CHE,Chennai,28.12,0.0,78.24,110.42,False,False,No festival
2024-12-19,DEL,Delhi NCR,20.15,0.0,50.24,327.72,False,False,No festival
2024-12-19,HYD,Hyderabad,25.57,0.0,50.02,141.82,False,False,No festival
2024-12-19,KOL,Kolkata,23.52,0.0,77.29,161.9,False,False,No festival
2024-12-19,MUM,Mumbai,31.28,0.0,67.5,101.71,False,False,No festival
2024-12-19,PUN,Pune,25.57,0.0,58.08,137.78,False,False,No festival
2024-12-20,AMD,Ahmedabad,23.68,0.0,58.62,162.85,False,False,No festival
2024-12-20,BLR,Bengaluru,25.21,0.0,60.45,147.34,False,False,No festival
2024-12-20,CHE,Chennai,26.19,25.73,84.76,117.82,False,False,No festival
2024-12-20,DEL,Delhi NCR,20.31,0.0,54.64,282.8,False,False,No festival
2024-12-20,HYD,Hyderabad,26.88,0.0,61.84,126.66,False,False,No festival
2024-12-20,KOL,Kolkata,26.95,0.0,56.38,154.06,False,False,No festival
2024-12-20,MUM,Mumbai,26.5,0.0,80.31,133.88,False,False,No festival
2024-12-20,PUN,Pune,27.76,0.0,55.63,126.4,False,False,No festival
2024-12-21,AMD,Ahmedabad,28.17,0.0,46.83,109.17,False,False,No festival
2024-12-21,BLR,Bengaluru,23.81,0.0,77.03,129.63,False,False,No festival
2024-12-21,CHE,Chennai,27.93,0.0,84.29,101.75,False,False,No festival
2024-12-21,DEL,Delhi NCR,21.05,0.0,50.3,257.24,False,False,No festival
2024-12-21,HYD,Hyderabad,25.8,0.0,68.6,132.42,False,False,No festival
2024-12-21,KOL,Kolkata,25.68,0.0,76.14,150.69,False,False,No festival
2024-12-21,MUM,Mumbai,31.15,0.0,64.91,127.87,False,False,No festival
2024-12-21,PUN,Pune,23.94,0.0,55.11,111.12,False,False,No festival
2024-12-22,AMD,Ahmedabad,25.91,0.0,47.59,155.0,False,False,No festival
2024-12-22,BLR,Bengaluru,21.51,0.0,65.22,86.89,False,False,No festival
2024-12-22,CHE,Chennai,30.97,0.0,72.42,87.15,False,False,No festival
2024-12-22,DEL,Delhi NCR,23.92,0.0,44.48,287.22,False,False,No festival
2024-12-22,HYD,Hyderabad,25.53,0.0,60.91,147.91,False,False,No festival
2024-12-22,KOL,Kolkata,29.96,0.0,70.55,172.2,False,False,No festival
2024-12-22,MUM,Mumbai,26.67,0.0,76.84,126.42,False,False,No festival
2024-12-22,PUN,Pune,24.27,0.0,57.53,84.14,False,False,No festival
2024-12-23,AMD,Ahmedabad,27.17,0.0,38.46,110.65,False,True,Christmas
2024-12-23,BLR,Bengaluru,24.36,0.0,66.15,92.38,False,True,Christmas
2024-12-23,CHE,Chennai,27.71,0.0,70.45,87.14,False,True,Christmas
2024-12-23,DEL,Delhi NCR,21.24,0.0,42.85,265.19,False,True,Christmas
2024-12-23,HYD,Hyderabad,26.88,0.0,51.79,120.56,False,True,Christmas
2024-12-23,KOL,Kolkata,26.19,0.0,67.32,124.86,False,True,Christmas
2024-12-23,MUM,Mumbai,25.33,0.0,71.17,87.94,False,True,Christmas
2024-12-23,PUN,Pune,23.41,0.0,55.74,99.82,False,True,Christmas
2024-12-24,AMD,Ahmedabad,27.94,0.0,47.51,119.14,False,True,Christmas
2024-12-24,BLR,Bengaluru,29.45,0.0,63.89,90.54,False,True,Christmas
2024-12-24,CHE,Chennai,30.0,0.0,72.82,88.39,False,True,Christmas
2024-12-24,DEL,Delhi NCR,24.36,0.0,58.08,326.69,False,True,Christmas
2024-12-24,HYD,Hyderabad,27.24,0.0,52.55,132.22,False,True,Christmas
2024-12-24,KOL,Kolkata,26.62,0.0,69.67,156.81,False,True,Christmas
2024-12-24,MUM,Mumbai,26.72,0.0,72.41,125.27,False,True,Christmas
2024-12-24,PUN,Pune,26.09,0.0,56.44,79.65,False,True,Christmas
2024-12-25,AMD,Ahmedabad,24.48,0.0,38.82,146.19,False,True,Christmas
2024-12-25,BLR,Bengaluru,22.55,0.0,71.2,109.76,False,True,Christmas
2024-12-25,CHE,Chennai,32.03,0.0,61.95,112.11,False,True,Christmas
2024-12-25,DEL,Delhi NCR,22.95,0.0,47.09,308.65,False,True,Christmas
2024-12-25,HYD,Hyderabad,26.52,0.0,55.37,122.95,False,True,Christmas
2024-12-25,KOL,Kolkata,22.74,0.0,72.56,169.51,False,True,Christmas
2024-12-25,MUM,Mumbai,25.33,0.0,70.1,126.64,False,True,Christmas
2024-12-25,PUN,Pune,19.7,0.0,56.66,141.05,False,True,Christmas
2024-12-26,AMD,Ahmedabad,24.88,0.0,49.14,114.39,False,True,Christmas
2024-12-26,BLR,Bengaluru,25.4,0.0,63.86,113.61,False,True,Christmas
2024-12-26,CHE,Chennai,28.2,0.0,84.64,84.58,False,True,Christmas
2024-12-26,DEL,Delhi NCR,22.93,0.0,51.12,336.24,False,True,Christmas
2024-12-26,HYD,Hyderabad,26.7,0.0,60.79,133.68,False,True,Christmas
2024-12-26,KOL,Kolkata,22.37,0.0,70.64,153.48,False,True,Christmas
2024-12-26,MUM,Mumbai,24.39,0.0,74.57,98.14,False,True,Christmas
2024-12-26,PUN,Pune,25.25,0.0,60.59,110.44,False,True,Christmas
2024-12-27,AMD,Ahmedabad,24.01,0.0,45.05,117.37,False,False,No festival
2024-12-27,BLR,Bengaluru,28.1,0.0,60.14,80.26,False,False,No festival
2024-12-27,CHE,Chennai,31.62,0.0,81.13,124.82,False,False,No festival
2024-12-27,DEL,Delhi NCR,24.47,0.0,58.62,282.32,False,False,No festival
2024-12-27,HYD,Hyderabad,26.28,0.0,60.63,115.23,False,False,No festival
2024-12-27,KOL,Kolkata,27.71,0.0,74.72,106.38,False,False,No festival
2024-12-27,MUM,Mumbai,28.28,0.0,72.38,162.91,False,False,No festival
2024-12-27,PUN,Pune,25.87,0.0,60.15,101.1,False,False,No festival
2024-12-28,AMD,Ahmedabad,26.76,0.0,46.14,126.7,False,False,No festival
2024-12-28,BLR,Bengaluru,25.46,0.0,60.13,132.03,False,False,No festival
2024-12-28,CHE,Chennai,26.83,0.0,74.16,87.1,False,False,No festival
2024-12-28,DEL,Delhi NCR,21.21,4.77,73.01,323.28,False,False,No festival
2024-12-28,HYD,Hyderabad,26.35,0.0,48.69,120.71,False,False,No festival
2024-12-28,KOL,Kolkata,25.45,0.0,67.38,170.61,False,False,No festival
2024-12-28,MUM,Mumbai,25.29,0.0,71.61,161.26,False,False,No festival
2024-12-28,PUN,Pune,24.15,0.0,54.41,111.41,False,False,No festival
2024-12-29,AMD,Ahmedabad,25.02,0.0,52.34,126.91,False,False,No festival
2024-12-29,BLR,Bengaluru,26.68,0.0,63.74,132.35,False,False,No festival
2024-12-29,CHE,Chennai,32.92,0.0,79.77,112.8,False,False,No festival
2024-12-29,DEL,Delhi NCR,21.99,0.0,58.6,336.59,False,False,No festival
2024-12-29,HYD,Hyderabad,26.81,0.0,54.73,134.08,False,False,No festival
2024-12-29,KOL,Kolkata,28.94,0.0,65.98,157.22,False,False,No festival
2024-12-29,MUM,Mumbai,24.83,0.0,79.53,113.51,False,False,No festival
2024-12-29,PUN,Pune,26.72,0.0,61.38,105.56,False,False,No festival
2024-12-30,AMD,Ahmedabad,24.7,0.0,52.48,122.3,False,False,No festival
2024-12-30,BLR,Bengaluru,21.66,0.0,70.15,68.13,False,False,No festival
2024-12-30,CHE,Chennai,25.56,0.0,65.01,138.41,False,False,No festival
2024-12-30,DEL,Delhi NCR,23.41,7.87,64.3,292.58,False,False,No festival
2024-12-30,HYD,Hyderabad,24.99,0.0,59.52,135.58,False,False,No festival
2024-12-30,KOL,Kolkata,25.11,0.0,66.11,113.4,False,False,No festival
2024-12-30,MUM,Mumbai,30.64,0.0,72.67,114.49,False,False,No festival
2024-12-30,PUN,Pune,27.32,0.0,58.42,47.35,False,False,No festival
2024-12-31,AMD,Ahmedabad,25.35,0.0,47.82,125.31,False,False,No festival
2024-12-31,BLR,Bengaluru,25.73,0.0,72.33,120.96,False,False,No festival
2024-12-31,CHE,Chennai,30.7,0.0,91.1,103.39,False,False,No festival
2024-12-31,DEL,Delhi NCR,21.75,0.0,49.37,254.72,False,False,No festival
2024-12-31,HYD,Hyderabad,26.02,0.0,48.63,137.5,False,False,No festival
2024-12-31,KOL,Kolkata,25.35,0.0,69.04,97.99,False,False,No festival
2024-12-31,MUM,Mumbai,24.98,0.0,74.87,86.22,False,False,No festival
2024-12-31,PUN,Pune,22.52,0.0,56.54,112.22,False,False,No festival
2025-01-01,AMD,Ahmedabad,27.56,0.0,42.78,118.98,False,False,No festival
2025-01-01,BLR,Bengaluru,25.56,0.0,61.62,140.47,False,False,No festival
2025-01-01,CHE,Chennai,30.75,0.0,75.44,111.44,False,False,No festival
2025-01-01,DEL,Delhi NCR,20.46,0.0,56.15,323.66,False,False,No festival
2025-01-01,HYD,Hyderabad,25.55,0.0,56.37,121.07,False,False,No festival
2025-01-01,KOL,Kolkata,26.51,0.0,68.56,193.26,False,False,No festival
2025-01-01,MUM,Mumbai,24.9,0.0,73.94,117.67,False,False,No festival
2025-01-01,PUN,Pune,26.62,0.0,60.57,79.56,False,False,No festival
2025-01-02,AMD,Ahmedabad,28.71,0.0,38.13,101.48,False,False,No festival
2025-01-02,BLR,Bengaluru,25.33,0.0,58.15,107.5,False,False,No festival
2025-01-02,CHE,Chennai,30.07,0.0,84.73,100.91,False,False,No festival
2025-01-02,DEL,Delhi NCR,23.23,0.0,54.5,308.59,False,False,No festival
2025-01-02,HYD,Hyderabad,28.04,0.0,58.82,89.61,False,False,No festival
2025-01-02,KOL,Kolkata,25.6,0.0,66.98,176.45,False,False,No festival
2025-01-02,MUM,Mumbai,31.69,0.0,80.53,107.09,False,False,No festival
2025-01-02,PUN,Pune,22.96,0.0,68.18,134.21,False,False,No festival
2025-01-03,AMD,Ahmedabad,27.77,0.0,42.44,160.32,False,False,No festival
2025-01-03,BLR,Bengaluru,27.93,0.0,43.69,94.36,False,False,No festival
2025-01-03,CHE,Chennai,30.93,0.0,83.1,114.42,False,False,No festival
2025-01-03,DEL,Delhi NCR,24.06,0.0,56.03,329.49,False,False,No festival
2025-01-03,HYD,Hyderabad,27.08,0.0,59.46,139.64,False,False,No festival
2025-01-03,KOL,Kolkata,29.81,0.0,71.03,127.0,False,False,No festival
2025-01-03,MUM,Mumbai,26.68,0.0,85.56,119.56,False,False,No festival
2025-01-03,PUN,Pune,26.5,0.0,61.73,83.5,False,False,No festival
2025-01-04,AMD,Ahmedabad,25.88,0.0,51.61,148.9,False,False,No festival
2025-01-04,BLR,Bengaluru,24.68,0.0,68.2,114.53,False,False,No festival
2025-01-04,CHE,Chennai,27.99,0.0,72.69,89.44,False,False,No festival
2025-01-04,DEL,Delhi NCR,23.97,0.0,62.14,330.63,False,False,No festival
2025-01-04,HYD,Hyderabad,29.77,0.0,53.79,111.03,False,False,No festival
2025-01-04,KOL,Kolkata,25.23,0.0,72.22,149.12,False,False,No festival
2025-01-04,MUM,Mumbai,29.18,0.0,59.99,133.78,False,False,No festival
2025-01-04,PUN,Pune,24.05,0.0,61.1,90.62,False,False,No festival
2025-01-05,AMD,Ahmedabad,27.12,0.0,50.88,136.16,False,False,No festival
2025-01-05,BLR,Bengaluru,25.72,0.0,59.71,118.44,False,False,No festival
2025-01-05,CHE,Chennai,26.28,0.0,76.19,140.44,False,False,No festival
2025-01-05,DEL,Delhi NCR,22.01,0.0,54.5,314.76,False,False,No festival
2025-01-05,HYD,Hyderabad,26.82,0.0,56.05,123.55,False,False,No festival
2025-01-05,KOL,Kolkata,26.6,0.0,75.43,165.66,False,False,No festival
2025-01-05,MUM,Mumbai,28.28,0.0,90.81,73.0,False,False,No festival
2025-01-05,PUN,Pune,27.08,0.0,63.63,119.8,False,False,No festival
2025-01-06,AMD,Ahmedabad,27.19,0.0,45.7,134.04,False,False,No festival
2025-01-06,BLR,Bengaluru,24.86,0.0,59.26,112.4,False,False,No festival
2025-01-06,CHE,Chennai,27.47,0.0,73.49,108.37,False,False,No festival
2025-01-06,DEL,Delhi NCR,22.76,0.0,48.98,280.16,False,False,No festival
2025-01-06,HYD,Hyderabad,27.06,0.0,54.47,149.34,False,False,No festival
2025-01-06,KOL,Kolkata,27.16,0.0,70.68,178.68,False,False,No festival
2025-01-06,MUM,Mumbai,25.04,0.0,77.25,136.81,False,False,No festival
2025-01-06,PUN,Pune,26.66,0.0,57.27,104.58,False,False,No festival
2025-01-07,AMD,Ahmedabad,26.82,0.0,40.42,137.6,False,False,No festival
2025-01-07,BLR,Bengaluru,24.77,0.0,67.58,91.94,False,False,No festival
2025-01-07,CHE,Chennai,29.12,0.0,74.55,128.0,False,False,No festival
2025-01-07,DEL,Delhi NCR,23.62,0.0,59.6,287.59,False,False,No festival
2025-01-07,HYD,Hyderabad,24.74,0.0,60.26,95.69,False,False,No festival
2025-01-07,KOL,Kolkata,25.57,0.0,75.63,157.33,False,False,No festival
2025-01-07,MUM,Mumbai,26.79,0.0,68.07,144.73,False,False,No festival
2025-01-07,PUN,Pune,23.22,0.0,67.69,87.54,False,False,No festival
2025-01-08,AMD,Ahmedabad,26.3,0.0,47.7,135.69,False,False,No festival
2025-01-08,BLR,Bengaluru,24.19,0.0,61.7,78.94,False,False,No festival
2025-01-08,CHE,Chennai,28.2,0.0,76.98,151.06,False,False,No festival
2025-01-08,DEL,Delhi NCR,23.51,0.0,53.1,304.86,False,False,No festival
2025-01-08,HYD,Hyderabad,29.23,0.0,53.77,94.4,False,False,No festival
2025-01-08,KOL,Kolkata,26.95,0.0,71.82,165.36,False,False,No festival
2025-01-08,MUM,Mumbai,26.26,0.0,79.79,91.65,False,False,No festival
2025-01-08,PUN,Pune,23.81,0.0,58.76,102.32,False,False,No festival
2025-01-09,AMD,Ahmedabad,26.03,0.0,35.31,135.86,False,False,No festival
2025-01-09,BLR,Bengaluru,24.3,0.0,66.42,140.42,False,False,No festival
2025-01-09,CHE,Chennai,28.64,0.0,76.75,111.78,False,False,No festival
2025-01-09,DEL,Delhi NCR,26.33,0.0,57.47,269.73,False,False,No festival
2025-01-09,HYD,Hyderabad,26.48,0.0,55.18,144.9,False,False,No festival
2025-01-09,KOL,Kolkata,28.9,0.0,75.29,136.14,False,False,No festival
2025-01-09,MUM,Mumbai,30.57,0.0,72.19,150.72,False,False,No festival
2025-01-09,PUN,Pune,31.07,0.0,55.6,85.52,False,False,No festival
2025-01-10,AMD,Ahmedabad,22.82,0.0,45.53,104.91,False,False,No festival
2025-01-10,BLR,Bengaluru,25.89,0.0,63.74,89.12,False,False,No festival
2025-01-10,CHE,Chennai,29.07,0.0,76.42,95.84,False,False,No festival
2025-01-10,DEL,Delhi NCR,26.16,0.0,51.11,285.48,False,False,No festival
2025-01-10,HYD,Hyderabad,27.9,2.91,67.76,132.07,False,False,No festival
2025-01-10,KOL,Kolkata,25.24,0.0,69.0,148.83,False,False,No festival
2025-01-10,MUM,Mumbai,32.93,0.0,65.72,128.39,False,False,No festival
2025-01-10,PUN,Pune,25.97,0.0,55.73,93.81,False,False,No festival
2025-01-11,AMD,Ahmedabad,27.69,0.0,40.43,120.24,False,False,No festival
2025-01-11,BLR,Bengaluru,23.48,0.0,63.09,109.9,False,False,No festival
2025-01-11,CHE,Chennai,28.22,13.96,91.39,109.14,False,False,No festival
2025-01-11,DEL,Delhi NCR,27.73,0.0,57.4,296.31,False,False,No festival
2025-01-11,HYD,Hyderabad,29.9,5.44,67.57,128.96,False,False,No festival
2025-01-11,KOL,Kolkata,26.57,0.0,67.63,165.18,False,False,No festival
2025-01-11,MUM,Mumbai,27.34,0.0,73.68,79.18,False,False,No festival
2025-01-11,PUN,Pune,22.14,0.0,52.89,97.58,False,False,No festival
2025-01-12,AMD,Ahmedabad,28.17,0.0,48.09,126.3,False,False,No festival
2025-01-12,BLR,Bengaluru,23.86,0.0,67.63,66.3,False,False,No festival
2025-01-12,CHE,Chennai,31.79,0.0,78.82,147.15,False,False,No festival
2025-01-12,DEL,Delhi NCR,23.37,0.0,52.91,240.42,False,False,No festival
2025-01-12,HYD,Hyderabad,26.83,0.0,59.89,94.39,False,False,No festival
2025-01-12,KOL,Kolkata,26.89,0.0,68.05,204.43,False,False,No festival
2025-01-12,MUM,Mumbai,26.71,0.0,76.87,117.39,False,False,No festival
2025-01-12,PUN,Pune,24.54,0.0,64.93,107.83,False,False,No festival
2025-01-13,AMD,Ahmedabad,27.32,0.0,45.6,107.5,False,False,No festival
2025-01-13,BLR,Bengaluru,26.65,0.0,61.71,110.93,False,False,No festival
2025-01-13,CHE,Chennai,27.87,0.0,65.61,96.07,False,False,No festival
2025-01-13,DEL,Delhi NCR,26.32,0.0,37.09,299.8,False,False,No festival
2025-01-13,HYD,Hyderabad,24.84,0.0,54.04,138.99,False,False,No festival
2025-01-13,KOL,Kolkata,28.23,0.0,66.92,137.39,False,False,No festival
2025-01-13,MUM,Mumbai,25.67,0.0,80.37,119.88,False,False,No festival
2025-01-13,PUN,Pune,26.36,0.0,58.44,119.5,False,False,No festival
2025-01-14,AMD,Ahmedabad,27.68,0.0,39.96,134.82,False,False,No festival
2025-01-14,BLR,Bengaluru,22.94,0.0,59.86,154.93,False,False,No festival
2025-01-14,CHE,Chennai,31.39,0.0,71.55,125.98,False,False,No festival
2025-01-14,DEL,Delhi NCR,23.96,0.0,55.92,295.52,False,False,No festival
2025-01-14,HYD,Hyderabad,25.59,0.0,48.76,104.3,False,False,No festival
2025-01-14,KOL,Kolkata,27.26,0.0,71.94,183.08,False,False,No festival
2025-01-14,MUM,Mumbai,25.31,0.0,76.82,133.59,False,False,No festival
2025-01-14,PUN,Pune,24.36,0.0,69.2,93.84,False,False,No festival
2025-01-15,AMD,Ahmedabad,26.54,0.0,39.1,133.52,False,False,No festival
2025-01-15,BLR,Bengaluru,25.53,0.0,56.96,86.59,False,False,No festival
2025-01-15,CHE,Chennai,26.71,0.0,77.56,123.02,False,False,No festival
2025-01-15,DEL,Delhi NCR,26.5,0.0,51.05,267.79,False,False,No festival
2025-01-15,HYD,Hyderabad,28.47,0.0,50.24,127.88,False,False,No festival
2025-01-15,KOL,Kolkata,20.45,0.0,77.33,142.16,False,False,No festival
2025-01-15,MUM,Mumbai,25.27,0.0,68.48,92.76,False,False,No festival
2025-01-15,PUN,Pune,26.04,0.0,58.64,128.85,False,False,No festival
2025-01-16,AMD,Ahmedabad,26.68,0.0,51.12,178.23,False,False,No festival
2025-01-16,BLR,Bengaluru,23.66,0.0,65.87,125.55,False,False,No festival
2025-01-16,CHE,Chennai,29.64,0.0,61.65,94.47,False,False,No festival
2025-01-16,DEL,Delhi NCR,27.3,0.0,55.77,279.48,False,False,No festival
2025-01-16,HYD,Hyderabad,31.89,0.0,58.16,127.62,False,False,No festival
2025-01-16,KOL,Kolkata,28.59,0.0,74.87,184.7,False,False,No festival
2025-01-16,MUM,Mumbai,27.01,0.0,78.33,121.25,False,False,No festival
2025-01-16,PUN,Pune,24.01,0.0,60.99,93.67,False,False,No festival
2025-01-17,AMD,Ahmedabad,24.82,0.0,47.56,125.34,False,False,No festival
2025-01-17,BLR,Bengaluru,26.02,0.0,70.55,128.55,False,False,No festival
2025-01-17,CHE,Chennai,27.92,0.0,75.92,110.58,False,False,No festival
2025-01-17,DEL,Delhi NCR,24.22,0.0,50.32,272.49,False,False,No festival
2025-01-17,HYD,Hyderabad,28.66,0.0,53.45,112.04,False,False,No festival
2025-01-17,KOL,Kolkata,26.82,0.0,70.16,115.21,False,False,No festival
2025-01-17,MUM,Mumbai,28.38,0.0,79.08,97.13,False,False,No festival
2025-01-17,PUN,Pune,28.04,0.0,51.63,127.73,False,False,No festival
2025-01-18,AMD,Ahmedabad,25.85,0.0,50.58,135.57,False,False,No festival
2025-01-18,BLR,Bengaluru,25.15,0.0,61.38,114.96,False,False,No festival
2025-01-18,CHE,Chennai,27.86,0.0,64.6,114.66,False,False,No festival
2025-01-18,DEL,Delhi NCR,24.95,0.0,53.91,277.4,False,False,No festival
2025-01-18,HYD,Hyderabad,27.83,0.0,53.42,141.91,False,False,No festival
2025-01-18,KOL,Kolkata,26.28,0.0,66.25,140.54,False,False,No festival
2025-01-18,MUM,Mumbai,25.8,0.0,72.67,106.05,False,False,No festival
2025-01-18,PUN,Pune,26.47,0.0,58.47,94.87,False,False,No festival
2025-01-19,AMD,Ahmedabad,28.99,0.0,38.06,155.13,False,False,No festival
2025-01-19,BLR,Bengaluru,22.75,0.0,65.3,36.14,False,False,No festival
2025-01-19,CHE,Chennai,34.11,0.0,79.91,132.94,False,False,No festival
2025-01-19,DEL,Delhi NCR,27.01,0.0,49.79,278.39,False,False,No festival
2025-01-19,HYD,Hyderabad,29.3,0.0,58.3,123.28,False,False,No festival
2025-01-19,KOL,Kolkata,26.8,0.0,64.04,163.6,False,False,No festival
2025-01-19,MUM,Mumbai,26.74,0.0,68.4,89.69,False,False,No festival
2025-01-19,PUN,Pune,22.85,0.0,57.25,93.94,False,False,No festival
2025-01-20,AMD,Ahmedabad,29.36,0.0,40.26,127.87,False,False,No festival
2025-01-20,BLR,Bengaluru,24.67,0.0,57.11,98.69,False,False,No festival
2025-01-20,CHE,Chennai,27.7,0.0,73.8,139.44,False,False,No festival
2025-01-20,DEL,Delhi NCR,28.34,0.0,39.38,296.01,False,False,No festival
2025-01-20,HYD,Hyderabad,28.64,0.0,60.54,111.7,False,False,No festival
2025-01-20,KOL,Kolkata,29.25,0.0,64.89,143.74,False,False,No festival
2025-01-20,MUM,Mumbai,27.83,0.0,73.74,110.62,False,False,No festival
2025-01-20,PUN,Pune,26.22,0.0,64.07,118.96,False,False,No festival
2025-01-21,AMD,Ahmedabad,25.81,0.0,44.92,123.98,False,False,No festival
2025-01-21,BLR,Bengaluru,27.18,0.0,68.0,107.32,False,False,No festival
2025-01-21,CHE,Chennai,29.1,0.0,65.02,114.2,False,False,No festival
2025-01-21,DEL,Delhi NCR,26.43,0.0,57.69,265.86,False,False,No festival
2025-01-21,HYD,Hyderabad,31.39,0.0,48.14,111.55,False,False,No festival
2025-01-21,KOL,Kolkata,27.7,0.0,69.35,130.0,False,False,No festival
2025-01-21,MUM,Mumbai,29.58,0.0,66.27,62.71,False,False,No festival
2025-01-21,PUN,Pune,26.66,1.74,79.61,119.45,False,False,No festival
2025-01-22,AMD,Ahmedabad,27.65,0.0,42.59,83.52,False,False,No festival
2025-01-22,BLR,Bengaluru,24.95,0.0,64.53,101.76,False,False,No festival
2025-01-22,CHE,Chennai,27.37,0.0,75.63,108.61,False,False,No festival
2025-01-22,DEL,Delhi NCR,27.87,0.0,44.76,301.07,False,False,No festival
2025-01-22,HYD,Hyderabad,30.55,0.0,56.36,115.82,False,False,No festival
2025-01-22,KOL,Kolkata,27.88,0.0,72.62,140.3,False,False,No festival
2025-01-22,MUM,Mumbai,29.57,14.57,92.13,121.62,False,False,No festival
2025-01-22,PUN,Pune,25.79,0.0,64.51,76.76,False,False,No festival
2025-01-23,AMD,Ahmedabad,27.84,0.0,48.89,162.7,False,False,No festival
2025-01-23,BLR,Bengaluru,22.98,0.0,58.47,82.97,False,False,No festival
2025-01-23,CHE,Chennai,32.57,0.0,70.24,131.64,False,False,No festival
2025-01-23,DEL,Delhi NCR,27.77,0.0,53.41,282.61,False,False,No festival
2025-01-23,HYD,Hyderabad,27.06,0.0,54.88,144.46,False,False,No festival
2025-01-23,KOL,Kolkata,28.18,0.0,70.0,160.69,False,False,No festival
2025-01-23,MUM,Mumbai,27.89,0.0,73.53,117.49,False,False,No festival
2025-01-23,PUN,Pune,27.96,0.0,59.76,91.92,False,False,No festival
2025-01-24,AMD,Ahmedabad,27.26,0.0,45.49,134.22,False,False,No festival
2025-01-24,BLR,Bengaluru,27.11,0.0,69.75,98.24,False,False,No festival
2025-01-24,CHE,Chennai,28.79,0.0,77.0,97.22,False,False,No festival
2025-01-24,DEL,Delhi NCR,26.36,0.0,57.27,324.73,False,False,No festival
2025-01-24,HYD,Hyderabad,31.01,6.42,67.69,94.73,False,False,No festival
2025-01-24,KOL,Kolkata,27.08,0.0,61.93,148.49,False,False,No festival
2025-01-24,MUM,Mumbai,29.13,0.0,65.42,148.71,False,False,No festival
2025-01-24,PUN,Pune,26.43,0.0,58.98,114.13,False,False,No festival
2025-01-25,AMD,Ahmedabad,31.14,0.0,35.78,71.18,False,False,No festival
2025-01-25,BLR,Bengaluru,22.83,0.0,62.17,74.13,False,False,No festival
2025-01-25,CHE,Chennai,28.47,0.0,69.1,119.2,False,False,No festival
2025-01-25,DEL,Delhi NCR,25.1,0.0,54.81,312.31,False,False,No festival
2025-01-25,HYD,Hyderabad,30.26,11.46,70.95,102.92,False,False,No festival
2025-01-25,KOL,Kolkata,29.61,0.0,70.02,187.5,False,False,No festival
2025-01-25,MUM,Mumbai,27.45,0.0,73.91,145.9,False,False,No festival
2025-01-25,PUN,Pune,21.97,0.0,63.12,93.55,False,False,No festival
2025-01-26,AMD,Ahmedabad,27.87,0.0,46.36,123.7,False,True,No festival
2025-01-26,BLR,Bengaluru,26.06,0.0,66.71,132.89,False,True,No festival
2025-01-26,CHE,Chennai,29.14,0.0,73.42,129.94,False,True,No festival
2025-01-26,DEL,Delhi NCR,26.15,0.0,53.3,263.58,False,True,No festival
2025-01-26,HYD,Hyderabad,26.09,0.0,53.68,141.36,False,True,No festival
2025-01-26,KOL,Kolkata,26.87,0.0,74.91,160.15,False,True,No festival
2025-01-26,MUM,Mumbai,26.48,0.0,71.13,144.19,False,True,No festival
2025-01-26,PUN,Pune,27.08,0.0,69.88,76.89,False,True,No festival
2025-01-27,AMD,Ahmedabad,31.71,0.0,46.01,132.79,False,False,No festival
2025-01-27,BLR,Bengaluru,23.97,0.0,68.87,108.41,False,False,No festival
2025-01-27,CHE,Chennai,28.95,0.0,70.36,82.34,False,False,No festival
2025-01-27,DEL,Delhi NCR,26.09,0.0,56.54,251.67,False,False,No festival
2025-01-27,HYD,Hyderabad,29.29,2.9,65.63,107.48,False,False,No festival
2025-01-27,KOL,Kolkata,25.67,0.0,67.4,139.2,False,False,No festival
2025-01-27,MUM,Mumbai,30.3,0.0,74.89,128.04,False,False,No festival
2025-01-27,PUN,Pune,29.43,0.0,57.96,93.53,False,False,No festival
2025-01-28,AMD,Ahmedabad,29.21,0.0,45.41,151.58,False,False,No festival
2025-01-28,BLR,Bengaluru,24.85,0.0,66.87,116.41,False,False,No festival
2025-01-28,CHE,Chennai,29.52,0.0,65.87,102.18,False,False,No festival
2025-01-28,DEL,Delhi NCR,31.22,0.0,44.43,266.83,False,False,No festival
2025-01-28,HYD,Hyderabad,29.59,0.0,58.63,138.14,False,False,No festival
2025-01-28,KOL,Kolkata,29.68,0.0,76.55,185.23,False,False,No festival
2025-01-28,MUM,Mumbai,27.3,14.27,79.81,107.94,False,False,No festival
2025-01-28,PUN,Pune,24.18,0.0,60.02,109.44,False,False,No festival
2025-01-29,AMD,Ahmedabad,29.04,0.0,43.9,96.87,False,False,No festival
2025-01-29,BLR,Bengaluru,24.98,0.0,53.39,105.28,False,False,No festival
2025-01-29,CHE,Chennai,29.78,0.0,71.83,105.71,False,False,No festival
2025-01-29,DEL,Delhi NCR,25.89,0.0,50.07,256.58,False,False,No festival
2025-01-29,HYD,Hyderabad,29.81,0.0,59.31,111.91,False,False,No festival
2025-01-29,KOL,Kolkata,29.24,0.0,65.05,122.11,False,False,No festival
2025-01-29,MUM,Mumbai,25.82,0.0,73.53,107.33,False,False,No festival
2025-01-29,PUN,Pune,28.56,8.05,69.66,99.57,False,False,No festival
2025-01-30,AMD,Ahmedabad,27.39,0.0,43.74,111.8,False,False,No festival
2025-01-30,BLR,Bengaluru,26.57,0.0,57.97,98.32,False,False,No festival
2025-01-30,CHE,Chennai,29.27,0.0,68.97,112.85,False,False,No festival
2025-01-30,DEL,Delhi NCR,27.34,0.0,61.23,291.94,False,False,No festival
2025-01-30,HYD,Hyderabad,27.24,0.0,45.56,150.5,False,False,No festival
2025-01-30,KOL,Kolkata,29.55,0.0,73.64,153.43,False,False,No festival
2025-01-30,MUM,Mumbai,27.39,0.0,69.82,144.24,False,False,No festival
2025-01-30,PUN,Pune,26.48,0.0,59.92,121.74,False,False,No festival
2025-01-31,AMD,Ahmedabad,28.42,0.0,38.46,154.56,False,False,No festival
2025-01-31,BLR,Bengaluru,26.28,0.0,70.3,129.55,False,False,No festival
2025-01-31,CHE,Chennai,30.9,0.0,74.53,106.89,False,False,No festival
2025-01-31,DEL,Delhi NCR,29.84,0.0,58.0,279.96,False,False,No festival
2025-01-31,HYD,Hyderabad,31.06,0.0,51.17,126.92,False,False,No festival
2025-01-31,KOL,Kolkata,29.41,0.0,73.69,118.08,False,False,No festival
2025-01-31,MUM,Mumbai,27.05,0.0,77.6,85.31,False,False,No festival
2025-01-31,PUN,Pune,24.55,0.0,52.25,148.43,False,False,No festival
2025-02-01,AMD,Ahmedabad,28.24,0.0,43.98,122.11,False,False,No festival
2025-02-01,BLR,Bengaluru,27.32,0.0,65.61,77.59,False,False,No festival
2025-02-01,CHE,Chennai,24.27,0.0,75.34,58.41,False,False,No festival
2025-02-01,DEL,Delhi NCR,29.27,0.0,48.36,152.54,False,False,No festival
2025-02-01,HYD,Hyderabad,27.06,0.0,57.94,62.7,False,False,No festival
2025-02-01,KOL,Kolkata,28.39,0.0,69.33,105.33,False,False,No festival
2025-02-01,MUM,Mumbai,27.62,0.0,68.08,131.19,False,False,No festival
2025-02-01,PUN,Pune,26.96,0.0,62.76,103.11,False,False,No festival
2025-02-02,AMD,Ahmedabad,30.04,0.0,40.08,81.71,False,False,No festival
2025-02-02,BLR,Bengaluru,25.46,0.0,62.21,62.52,False,False,No festival
2025-02-02,CHE,Chennai,30.33,0.0,69.37,119.21,False,False,No festival
2025-02-02,DEL,Delhi NCR,26.13,0.0,52.43,158.65,False,False,No festival
2025-02-02,HYD,Hyderabad,30.42,0.0,54.59,68.51,False,False,No festival
2025-02-02,KOL,Kolkata,26.68,0.0,73.7,62.07,False,False,No festival
2025-02-02,MUM,Mumbai,26.5,0.0,65.96,97.42,False,False,No festival
2025-02-02,PUN,Pune,27.59,0.0,50.93,103.52,False,False,No festival
2025-02-03,AMD,Ahmedabad,27.02,0.0,42.2,80.9,False,False,No festival
2025-02-03,BLR,Bengaluru,24.4,0.0,72.83,97.5,False,False,No festival
2025-02-03,CHE,Chennai,32.89,0.0,76.69,91.55,False,False,No festival
2025-02-03,DEL,Delhi NCR,26.83,0.0,49.8,194.04,False,False,No festival
2025-02-03,HYD,Hyderabad,29.57,0.0,50.43,87.84,False,False,No festival
2025-02-03,KOL,Kolkata,25.27,0.0,69.43,137.06,False,False,No festival
2025-02-03,MUM,Mumbai,30.01,0.0,62.49,71.42,False,False,No festival
2025-02-03,PUN,Pune,27.03,15.9,66.94,80.51,False,False,No festival
2025-02-04,AMD,Ahmedabad,29.3,0.0,40.8,84.05,False,False,No festival
2025-02-04,BLR,Bengaluru,26.57,0.0,62.71,74.6,False,False,No festival
2025-02-04,CHE,Chennai,27.98,0.0,77.47,120.5,False,False,No festival
2025-02-04,DEL,Delhi NCR,29.3,1.87,60.7,147.89,False,False,No festival
2025-02-04,HYD,Hyderabad,30.99,0.0,56.42,63.21,False,False,No festival
2025-02-04,KOL,Kolkata,27.82,0.0,72.76,123.33,False,False,No festival
2025-02-04,MUM,Mumbai,27.24,0.0,74.89,112.53,False,False,No festival
2025-02-04,PUN,Pune,22.75,0.0,59.15,103.17,False,False,No festival
2025-02-05,AMD,Ahmedabad,29.57,0.0,43.45,95.76,False,False,No festival
2025-02-05,BLR,Bengaluru,26.29,1.5,76.63,43.57,False,False,No festival
2025-02-05,CHE,Chennai,29.46,0.0,71.21,130.07,False,False,No festival
2025-02-05,DEL,Delhi NCR,29.25,0.0,51.29,160.01,False,False,No festival
2025-02-05,HYD,Hyderabad,29.15,0.0,60.63,60.41,False,False,No festival
2025-02-05,KOL,Kolkata,27.73,0.0,71.66,124.84,False,False,No festival
2025-02-05,MUM,Mumbai,27.92,0.0,66.6,72.51,False,False,No festival
2025-02-05,PUN,Pune,21.88,0.0,65.19,85.15,False,False,No festival
2025-02-06,AMD,Ahmedabad,34.39,8.57,53.43,149.17,False,False,No festival
2025-02-06,BLR,Bengaluru,29.86,0.0,67.58,84.74,False,False,No festival
2025-02-06,CHE,Chennai,31.22,0.0,64.9,93.75,False,False,No festival
2025-02-06,DEL,Delhi NCR,31.55,0.0,55.16,187.85,False,False,No festival
2025-02-06,HYD,Hyderabad,31.1,0.0,46.93,118.84,False,False,No festival
2025-02-06,KOL,Kolkata,28.55,0.0,71.24,114.21,False,False,No festival
2025-02-06,MUM,Mumbai,28.77,0.0,73.28,94.4,False,False,No festival
2025-02-06,PUN,Pune,25.29,0.0,61.96,64.89,False,False,No festival
2025-02-07,AMD,Ahmedabad,32.81,0.0,44.82,101.01,False,False,No festival
2025-02-07,BLR,Bengaluru,23.53,0.0,63.23,45.26,False,False,No festival
2025-02-07,CHE,Chennai,30.57,0.0,68.51,78.21,False,False,No festival
2025-02-07,DEL,Delhi NCR,30.98,0.0,42.99,168.5,False,False,No festival
2025-02-07,HYD,Hyderabad,29.12,0.0,47.87,113.06,False,False,No festival
2025-02-07,KOL,Kolkata,31.07,13.54,78.68,71.76,False,False,No festival
2025-02-07,MUM,Mumbai,28.85,0.18,95.12,105.1,False,False,No festival
2025-02-07,PUN,Pune,23.98,0.0,56.22,69.41,False,False,No festival
2025-02-08,AMD,Ahmedabad,31.04,0.0,40.85,102.75,False,False,No festival
2025-02-08,BLR,Bengaluru,25.79,0.0,74.07,72.85,False,False,No festival
2025-02-08,CHE,Chennai,30.43,0.0,75.0,121.28,False,False,No festival
2025-02-08,DEL,Delhi NCR,29.39,0.0,50.85,122.11,False,False,No festival
2025-02-08,HYD,Hyderabad,29.25,0.0,55.72,88.62,False,False,No festival
2025-02-08,KOL,Kolkata,28.72,0.0,81.16,111.03,False,False,No festival
2025-02-08,MUM,Mumbai,29.77,0.0,77.99,138.34,False,False,No festival
2025-02-08,PUN,Pune,26.72,0.0,54.21,106.29,False,False,No festival
2025-02-09,AMD,Ahmedabad,34.62,0.0,35.59,76.61,False,False,No festival
2025-02-09,BLR,Bengaluru,25.52,0.0,69.37,53.74,False,False,No festival
2025-02-09,CHE,Chennai,30.48,0.0,70.84,66.49,False,False,No festival
2025-02-09,DEL,Delhi NCR,29.16,0.0,45.5,216.37,False,False,No festival
2025-02-09,HYD,Hyderabad,31.07,0.0,60.61,67.99,False,False,No festival
2025-02-09,KOL,Kolkata,31.22,0.0,65.79,127.98,False,False,No festival
2025-02-09,MUM,Mumbai,28.11,0.0,68.87,79.51,False,False,No festival
2025-02-09,PUN,Pune,28.36,0.0,59.61,76.89,False,False,No festival
2025-02-10,AMD,Ahmedabad,31.39,0.0,40.16,89.95,False,False,No festival
2025-02-10,BLR,Bengaluru,27.01,0.0,57.7,51.01,False,False,No festival
2025-02-10,CHE,Chennai,33.93,0.0,65.8,67.68,False,False,No festival
2025-02-10,DEL,Delhi NCR,29.66,0.0,49.28,161.23,False,False,No festival
2025-02-10,HYD,Hyderabad,34.57,0.0,53.13,85.99,False,False,No festival
2025-02-10,KOL,Kolkata,31.64,0.0,69.94,81.28,False,False,No festival
2025-02-10,MUM,Mumbai,26.93,0.0,69.0,59.67,False,False,No festival
2025-02-10,PUN,Pune,30.86,0.0,60.34,111.01,False,False,No festival
2025-02-11,AMD,Ahmedabad,31.64,0.0,52.13,84.9,False,False,No festival
2025-02-11,BLR,Bengaluru,26.78,0.0,62.23,49.3,False,False,No festival
2025-02-11,CHE,Chennai,29.33,0.0,76.68,83.22,False,False,No festival
2025-02-11,DEL,Delhi NCR,27.13,0.0,51.4,168.26,False,False,No festival
2025-02-11,HYD,Hyderabad,30.16,0.0,56.04,76.17,False,False,No festival
2025-02-11,KOL,Kolkata,27.93,0.0,71.81,133.11,False,False,No festival
2025-02-11,MUM,Mumbai,28.37,0.0,72.43,85.07,False,False,No festival
2025-02-11,PUN,Pune,27.36,0.0,69.8,78.82,False,False,No festival
2025-02-12,AMD,Ahmedabad,30.54,0.0,44.86,99.5,False,False,No festival
2025-02-12,BLR,Bengaluru,29.26,0.0,57.02,68.99,False,False,No festival
2025-02-12,CHE,Chennai,27.35,0.0,78.49,115.22,False,False,No festival
2025-02-12,DEL,Delhi NCR,29.26,0.0,52.64,175.61,False,False,No festival
2025-02-12,HYD,Hyderabad,29.41,0.0,61.36,87.71,False,False,No festival
2025-02-12,KOL,Kolkata,29.74,0.0,65.84,113.99,False,False,No festival
2025-02-12,MUM,Mumbai,30.41,0.0,66.96,91.59,False,False,No festival
2025-02-12,PUN,Pune,29.88,0.0,58.49,90.01,False,False,No festival
2025-02-13,AMD,Ahmedabad,32.67,0.0,47.64,72.51,False,False,No festival
2025-02-13,BLR,Bengaluru,26.29,0.0,60.69,62.03,False,False,No festival
2025-02-13,CHE,Chennai,29.99,0.0,69.65,83.23,False,False,No festival
2025-02-13,DEL,Delhi NCR,32.0,0.0,50.5,125.52,False,False,No festival
2025-02-13,HYD,Hyderabad,31.44,0.0,55.99,76.27,False,False,No festival
2025-02-13,KOL,Kolkata,30.65,0.0,72.31,129.17,False,False,No festival
2025-02-13,MUM,Mumbai,27.39,0.0,77.16,102.94,False,False,No festival
2025-02-13,PUN,Pune,28.41,0.0,59.58,98.85,False,False,No festival
2025-02-14,AMD,Ahmedabad,32.63,0.0,48.65,106.99,False,False,No festival
2025-02-14,BLR,Bengaluru,24.36,0.0,63.54,97.8,False,False,No festival
2025-02-14,CHE,Chennai,31.61,0.0,68.3,137.66,False,False,No festival
2025-02-14,DEL,Delhi NCR,30.16,0.0,47.02,166.89,False,False,No festival
2025-02-14,HYD,Hyderabad,31.03,0.0,52.45,144.68,False,False,No festival
2025-02-14,KOL,Kolkata,27.62,0.0,67.9,138.2,False,False,No festival
2025-02-14,MUM,Mumbai,32.45,0.0,61.98,84.01,False,False,No festival
2025-02-14,PUN,Pune,28.01,0.0,57.72,95.79,False,False,No festival
2025-02-15,AMD,Ahmedabad,33.02,0.0,39.1,104.71,False,False,No festival
2025-02-15,BLR,Bengaluru,27.3,0.0,61.31,60.93,False,False,No festival
2025-02-15,CHE,Chennai,28.41,0.0,71.78,102.95,False,False,No festival
2025-02-15,DEL,Delhi NCR,28.61,0.0,55.15,149.55,False,False,No festival
2025-02-15,HYD,Hyderabad,32.59,0.0,49.23,70.63,False,False,No festival
2025-02-15,KOL,Kolkata,29.78,0.0,70.83,112.89,False,False,No festival
2025-02-15,MUM,Mumbai,32.77,0.0,83.4,81.62,False,False,No festival
2025-02-15,PUN,Pune,28.09,0.0,58.27,55.35,False,False,No festival
2025-02-16,AMD,Ahmedabad,28.09,7.94,65.47,89.1,False,False,No festival
2025-02-16,BLR,Bengaluru,24.71,0.0,64.45,78.16,False,False,No festival
2025-02-16,CHE,Chennai,28.46,0.0,71.29,65.53,False,False,No festival
2025-02-16,DEL,Delhi NCR,31.55,0.0,40.92,166.18,False,False,No festival
2025-02-16,HYD,Hyderabad,31.37,0.0,65.41,103.07,False,False,No festival
2025-02-16,KOL,Kolkata,29.07,0.0,71.99,150.73,False,False,No festival
2025-02-16,MUM,Mumbai,30.07,0.0,71.04,70.71,False,False,No festival
2025-02-16,PUN,Pune,28.78,0.0,59.76,46.95,False,False,No festival
2025-02-17,AMD,Ahmedabad,33.63,0.0,41.94,105.49,False,False,No festival
2025-02-17,BLR,Bengaluru,26.24,0.0,66.96,62.72,False,False,No festival
2025-02-17,CHE,Chennai,32.7,0.0,67.85,84.62,False,False,No festival
2025-02-17,DEL,Delhi NCR,26.92,0.0,51.27,143.85,False,False,No festival
2025-02-17,HYD,Hyderabad,28.03,0.0,58.36,92.9,False,False,No festival
2025-02-17,KOL,Kolkata,25.93,0.0,69.3,113.29,False,False,No festival
2025-02-17,MUM,Mumbai,25.31,0.0,81.23,86.45,False,False,No festival
2025-02-17,PUN,Pune,27.67,0.0,59.28,38.96,False,False,No festival
2025-02-18,AMD,Ahmedabad,29.49,0.0,47.27,123.4,False,False,No festival
2025-02-18,BLR,Bengaluru,25.87,0.0,59.43,108.82,False,False,No festival
2025-02-18,CHE,Chennai,33.29,0.0,68.13,108.24,False,False,No festival
2025-02-18,DEL,Delhi NCR,31.54,0.0,52.52,159.02,False,False,No festival
2025-02-18,HYD,Hyderabad,28.7,0.0,48.53,107.3,False,False,No festival
2025-02-18,KOL,Kolkata,27.02,0.0,71.78,116.33,False,False,No festival
2025-02-18,MUM,Mumbai,29.96,0.0,73.77,105.79,False,False,No festival
2025-02-18,PUN,Pune,29.4,0.0,56.56,128.18,False,False,No festival
2025-02-19,AMD,Ahmedabad,31.94,0.0,35.8,84.36,False,False,No festival
2025-02-19,BLR,Bengaluru,28.02,0.0,62.96,63.72,False,False,No festival
2025-02-19,CHE,Chennai,29.25,0.0,73.92,94.73,False,False,No festival
2025-02-19,DEL,Delhi NCR,32.77,0.0,53.12,182.79,False,False,No festival
2025-02-19,HYD,Hyderabad,29.55,0.0,56.73,94.52,False,False,No festival
2025-02-19,KOL,Kolkata,31.84,0.0,78.89,161.53,False,False,No festival
2025-02-19,MUM,Mumbai,33.94,0.0,67.22,92.59,False,False,No festival
2025-02-19,PUN,Pune,26.84,0.0,55.76,79.79,False,False,No festival
2025-02-20,AMD,Ahmedabad,32.05,0.0,36.69,87.06,False,False,No festival
2025-02-20,BLR,Bengaluru,26.62,0.0,72.24,90.19,False,False,No festival
2025-02-20,CHE,Chennai,28.55,0.0,78.03,97.32,False,False,No festival
2025-02-20,DEL,Delhi NCR,31.17,0.0,43.97,177.61,False,False,No festival
2025-02-20,HYD,Hyderabad,28.64,0.0,61.53,102.9,False,False,No festival
2025-02-20,KOL,Kolkata,26.18,0.0,80.8,86.38,False,False,No festival
2025-02-20,MUM,Mumbai,30.71,0.0,73.17,80.92,False,False,No festival
2025-02-20,PUN,Pune,26.57,0.0,56.28,96.4,False,False,No festival
2025-02-21,AMD,Ahmedabad,36.51,0.0,36.4,94.63,False,False,No festival
2025-02-21,BLR,Bengaluru,25.33,0.0,65.45,59.87,False,False,No festival
2025-02-21,CHE,Chennai,31.27,0.0,75.95,70.76,False,False,No festival
2025-02-21,DEL,Delhi NCR,32.45,0.0,54.64,185.1,False,False,No festival
2025-02-21,HYD,Hyderabad,31.37,0.0,55.91,90.16,False,False,No festival
2025-02-21,KOL,Kolkata,27.78,0.0,68.88,98.93,False,False,No festival
2025-02-21,MUM,Mumbai,30.57,0.0,73.5,89.75,False,False,No festival
2025-02-21,PUN,Pune,27.76,0.0,73.54,72.33,False,False,No festival
2025-02-22,AMD,Ahmedabad,33.51,0.0,51.02,117.68,False,False,No festival
2025-02-22,BLR,Bengaluru,28.22,0.0,68.36,94.26,False,False,No festival
2025-02-22,CHE,Chennai,29.23,0.0,79.59,69.2,False,False,No festival
2025-02-22,DEL,Delhi NCR,28.47,0.0,51.0,213.58,False,False,No festival
2025-02-22,HYD,Hyderabad,29.54,0.0,61.13,74.84,False,False,No festival
2025-02-22,KOL,Kolkata,29.39,0.0,75.02,114.11,False,False,No festival
2025-02-22,MUM,Mumbai,26.79,0.0,74.25,79.21,False,False,No festival
2025-02-22,PUN,Pune,27.98,0.0,48.06,58.35,False,False,No festival
2025-02-23,AMD,Ahmedabad,32.52,0.0,39.99,93.9,False,False,No festival
2025-02-23,BLR,Bengaluru,26.79,0.0,63.27,58.34,False,False,No festival
2025-02-23,CHE,Chennai,32.11,0.0,69.91,81.99,False,False,No festival
2025-02-23,DEL,Delhi NCR,33.06,0.0,45.61,189.01,False,False,No festival
2025-02-23,HYD,Hyderabad,28.87,0.0,47.85,133.6,False,False,No festival
2025-02-23,KOL,Kolkata,30.93,0.0,76.55,94.07,False,False,No festival
2025-02-23,MUM,Mumbai,32.74,0.0,63.68,78.65,False,False,No festival
2025-02-23,PUN,Pune,29.65,0.0,56.55,98.72,False,False,No festival
2025-02-24,AMD,Ahmedabad,34.36,0.0,44.54,66.85,False,False,No festival
2025-02-24,BLR,Bengaluru,25.79,0.0,60.97,51.57,False,False,No festival
2025-02-24,CHE,Chennai,31.08,0.0,79.85,45.89,False,False,No festival
2025-02-24,DEL,Delhi NCR,31.43,0.0,47.27,231.84,False,False,No festival
2025-02-24,HYD,Hyderabad,31.24,0.0,45.71,127.89,False,False,No festival
2025-02-24,KOL,Kolkata,32.59,0.0,71.28,108.61,False,False,No festival
2025-02-24,MUM,Mumbai,29.44,0.0,75.77,138.26,False,False,No festival
2025-02-24,PUN,Pune,28.0,0.0,56.17,103.73,False,False,No festival
2025-02-25,AMD,Ahmedabad,30.86,0.0,36.19,78.58,False,False,No festival
2025-02-25,BLR,Bengaluru,23.9,0.0,59.63,63.55,False,False,No festival
2025-02-25,CHE,Chennai,30.99,0.0,82.29,78.14,False,False,No festival
2025-02-25,DEL,Delhi NCR,32.45,0.0,44.33,168.95,False,False,No festival
2025-02-25,HYD,Hyderabad,32.94,0.0,48.05,87.79,False,False,No festival
2025-02-25,KOL,Kolkata,29.98,0.0,70.47,132.77,False,False,No festival
2025-02-25,MUM,Mumbai,31.05,0.0,67.5,68.5,False,False,No festival
2025-02-25,PUN,Pune,27.91,0.0,61.01,63.94,False,False,No festival
2025-02-26,AMD,Ahmedabad,32.04,0.0,33.08,91.93,False,False,No festival
2025-02-26,BLR,Bengaluru,28.81,0.0,72.55,76.45,False,False,No festival
2025-02-26,CHE,Chennai,32.42,0.0,78.84,80.62,False,False,No festival
2025-02-26,DEL,Delhi NCR,34.76,0.0,48.62,165.03,False,False,No festival
2025-02-26,HYD,Hyderabad,32.6,0.0,55.83,119.72,False,False,No festival
2025-02-26,KOL,Kolkata,33.32,0.0,65.65,107.79,False,False,No festival
2025-02-26,MUM,Mumbai,27.01,0.0,67.64,111.04,False,False,No festival
2025-02-26,PUN,Pune,29.33,0.0,62.0,49.41,False,False,No festival
2025-02-27,AMD,Ahmedabad,31.73,0.0,48.0,113.05,False,False,No festival
2025-02-27,BLR,Bengaluru,29.23,0.0,67.78,73.51,False,False,No festival
2025-02-27,CHE,Chennai,30.69,0.0,73.68,77.19,False,False,No festival
2025-02-27,DEL,Delhi NCR,33.66,0.0,54.75,144.75,False,False,No festival
2025-02-27,HYD,Hyderabad,29.67,0.0,52.86,111.94,False,False,No festival
2025-02-27,KOL,Kolkata,27.09,0.0,60.06,129.4,False,False,No festival
2025-02-27,MUM,Mumbai,31.89,0.0,76.65,87.5,False,False,No festival
2025-02-27,PUN,Pune,30.7,0.0,57.01,132.35,False,False,No festival
2025-02-28,AMD,Ahmedabad,32.28,0.0,41.02,102.74,False,False,No festival
2025-02-28,BLR,Bengaluru,29.72,0.0,68.34,71.65,False,False,No festival
2025-02-28,CHE,Chennai,34.74,0.0,67.78,53.04,False,False,No festival
2025-02-28,DEL,Delhi NCR,30.75,0.0,50.55,150.26,False,False,No festival
2025-02-28,HYD,Hyderabad,31.69,0.0,56.31,119.65,False,False,No festival
2025-02-28,KOL,Kolkata,30.25,0.0,72.53,136.5,False,False,No festival
2025-02-28,MUM,Mumbai,32.74,0.0,72.07,128.41,False,False,No festival
2025-02-28,PUN,Pune,28.47,0.0,45.99,118.99,False,False,No festival
2025-03-01,AMD,Ahmedabad,33.02,0.0,36.08,91.8,False,False,No festival
2025-03-01,BLR,Bengaluru,27.99,0.0,64.57,101.21,False,False,No festival
2025-03-01,CHE,Chennai,30.45,0.0,66.5,69.11,False,False,No festival
2025-03-01,DEL,Delhi NCR,32.23,0.0,52.19,191.49,False,False,No festival
2025-03-01,HYD,Hyderabad,32.73,0.0,52.31,78.34,False,False,No festival
2025-03-01,KOL,Kolkata,29.89,0.0,74.45,135.0,False,False,No festival
2025-03-01,MUM,Mumbai,32.33,0.0,64.46,75.1,False,False,No festival
2025-03-01,PUN,Pune,29.1,0.0,49.49,66.87,False,False,No festival
2025-03-02,AMD,Ahmedabad,33.66,0.0,36.62,99.75,False,False,No festival
2025-03-02,BLR,Bengaluru,28.39,0.0,63.29,75.07,False,False,No festival
2025-03-02,CHE,Chennai,30.53,0.0,70.1,56.01,False,False,No festival
2025-03-02,DEL,Delhi NCR,32.0,0.0,54.6,188.96,False,False,No festival
2025-03-02,HYD,Hyderabad,31.87,0.0,55.66,98.92,False,False,No festival
2025-03-02,KOL,Kolkata,33.92,0.0,73.0,84.28,False,False,No festival
2025-03-02,MUM,Mumbai,32.53,0.0,65.86,99.61,False,False,No festival
2025-03-02,PUN,Pune,31.01,18.85,67.98,64.98,False,False,No festival
2025-03-03,AMD,Ahmedabad,34.46,0.0,44.41,110.12,False,False,No festival
2025-03-03,BLR,Bengaluru,29.77,0.0,59.41,51.34,False,False,No festival
2025-03-03,CHE,Chennai,31.22,0.0,71.41,92.9,False,False,No festival
2025-03-03,DEL,Delhi NCR,33.69,10.12,63.28,155.04,False,False,No festival
2025-03-03,HYD,Hyderabad,30.16,0.0,39.84,90.27,False,False,No festival
2025-03-03,KOL,Kolkata,32.89,0.0,67.12,112.62,False,False,No festival
2025-03-03,MUM,Mumbai,31.52,0.0,68.32,107.73,False,False,No festival
2025-03-03,PUN,Pune,31.82,0.0,62.22,50.57,False,False,No festival
2025-03-04,AMD,Ahmedabad,31.83,0.0,39.95,95.86,False,False,No festival
2025-03-04,BLR,Bengaluru,25.36,0.0,59.87,62.37,False,False,No festival
2025-03-04,CHE,Chennai,33.74,0.0,75.67,91.78,False,False,No festival
2025-03-04,DEL,Delhi NCR,33.77,0.0,50.69,196.2,False,False,No festival
2025-03-04,HYD,Hyderabad,29.68,0.0,45.81,104.22,False,False,No festival
2025-03-04,KOL,Kolkata,32.73,0.0,63.85,110.01,False,False,No festival
2025-03-04,MUM,Mumbai,27.43,0.0,70.29,61.48,False,False,No festival
2025-03-04,PUN,Pune,29.97,0.0,57.79,125.63,False,False,No festival
2025-03-05,AMD,Ahmedabad,36.04,0.0,40.57,90.84,False,False,No festival
2025-03-05,BLR,Bengaluru,29.53,0.0,53.1,45.37,False,False,No festival
2025-03-05,CHE,Chennai,32.24,0.0,72.82,90.49,False,False,No festival
2025-03-05,DEL,Delhi NCR,37.1,0.0,47.63,139.37,False,False,No festival
2025-03-05,HYD,Hyderabad,32.96,0.0,58.44,106.11,False,False,No festival
2025-03-05,KOL,Kolkata,30.0,0.0,76.93,143.83,False,False,No festival
2025-03-05,MUM,Mumbai,29.97,0.0,63.06,72.05,False,False,No festival
2025-03-05,PUN,Pune,25.93,0.0,57.18,45.27,False,False,No festival
2025-03-06,AMD,Ahmedabad,33.06,0.0,40.17,106.71,False,False,No festival
2025-03-06,BLR,Bengaluru,26.76,0.0,59.32,49.29,False,False,No festival
2025-03-06,CHE,Chennai,30.04,0.0,67.32,46.6,False,False,No festival
2025-03-06,DEL,Delhi NCR,35.11,0.0,31.2,148.32,False,False,No festival
2025-03-06,HYD,Hyderabad,31.11,0.0,52.01,94.51,False,False,No festival
2025-03-06,KOL,Kolkata,33.39,0.0,62.66,164.72,False,False,No festival
2025-03-06,MUM,Mumbai,30.72,11.51,90.28,80.41,False,False,No festival
2025-03-06,PUN,Pune,31.01,0.0,58.05,82.13,False,False,No festival
2025-03-07,AMD,Ahmedabad,30.94,0.0,42.85,104.04,False,False,No festival
2025-03-07,BLR,Bengaluru,26.96,0.0,69.09,80.89,False,False,No festival
2025-03-07,CHE,Chennai,32.2,0.0,74.84,71.87,False,False,No festival
2025-03-07,DEL,Delhi NCR,36.0,0.0,45.02,176.63,False,False,No festival
2025-03-07,HYD,Hyderabad,32.94,0.0,52.63,78.43,False,False,No festival
2025-03-07,KOL,Kolkata,29.9,0.0,72.26,139.02,False,False,No festival
2025-03-07,MUM,Mumbai,28.32,0.0,67.31,133.52,False,False,No festival
2025-03-07,PUN,Pune,30.76,0.0,54.91,73.66,False,False,No festival
2025-03-08,AMD,Ahmedabad,35.96,0.0,50.01,127.63,False,False,No festival
2025-03-08,BLR,Bengaluru,26.91,0.0,65.84,64.32,False,False,No festival
2025-03-08,CHE,Chennai,32.94,0.0,71.5,59.39,False,False,No festival
2025-03-08,DEL,Delhi NCR,35.33,0.0,47.53,147.89,False,False,No festival
2025-03-08,HYD,Hyderabad,28.92,0.0,57.78,102.37,False,False,No festival
2025-03-08,KOL,Kolkata,32.01,0.0,77.89,114.55,False,False,No festival
2025-03-08,MUM,Mumbai,29.17,0.0,66.31,71.64,False,False,No festival
2025-03-08,PUN,Pune,29.28,0.0,63.16,50.06,False,False,No festival
2025-03-09,AMD,Ahmedabad,36.58,0.0,36.8,142.33,False,False,No festival
2025-03-09,BLR,Bengaluru,27.97,0.0,62.4,39.84,False,False,No festival
2025-03-09,CHE,Chennai,32.02,0.0,67.37,74.62,False,False,No festival
2025-03-09,DEL,Delhi NCR,34.98,0.0,41.65,164.77,False,False,No festival
2025-03-09,HYD,Hyderabad,31.88,0.0,52.74,101.33,False,False,No festival
2025-03-09,KOL,Kolkata,36.82,0.0,69.09,93.99,False,False,No festival
2025-03-09,MUM,Mumbai,34.26,0.0,64.04,46.45,False,False,No festival
2025-03-09,PUN,Pune,30.27,0.0,50.94,88.74,False,False,No festival
2025-03-10,AMD,Ahmedabad,39.03,2.26,45.85,116.82,False,False,No festival
2025-03-10,BLR,Bengaluru,29.06,0.0,58.43,106.41,False,False,No festival
2025-03-10,CHE,Chennai,34.83,0.0,70.47,105.6,False,False,No festival
2025-03-10,DEL,Delhi NCR,33.31,0.0,55.31,148.83,False,False,No festival
2025-03-10,HYD,Hyderabad,31.33,0.0,46.87,78.38,False,False,No festival
2025-03-10,KOL,Kolkata,30.04,0.0,65.51,123.92,False,False,No festival
2025-03-10,MUM,Mumbai,32.31,0.0,65.64,90.52,False,False,No festival
2025-03-10,PUN,Pune,26.65,0.0,55.12,83.22,False,False,No festival
2025-03-11,AMD,Ahmedabad,34.83,0.0,37.12,140.85,False,False,No festival
2025-03-11,BLR,Bengaluru,28.01,0.0,68.67,39.88,False,False,No festival
2025-03-11,CHE,Chennai,31.58,0.0,82.24,93.35,False,False,No festival
2025-03-11,DEL,Delhi NCR,35.9,0.0,45.15,181.03,False,False,No festival
2025-03-11,HYD,Hyderabad,33.37,0.0,46.59,64.3,False,False,No festival
2025-03-11,KOL,Kolkata,28.96,0.0,67.01,110.09,False,False,No festival
2025-03-11,MUM,Mumbai,32.7,0.0,71.33,109.2,False,False,No festival
2025-03-11,PUN,Pune,24.21,0.0,64.31,66.91,False,False,No festival
2025-03-12,AMD,Ahmedabad,34.65,0.0,35.86,128.2,False,True,Holi
2025-03-12,BLR,Bengaluru,26.32,0.0,63.47,67.42,False,True,Holi
2025-03-12,CHE,Chennai,28.56,10.09,79.13,81.8,False,True,Holi
2025-03-12,DEL,Delhi NCR,34.11,0.0,55.26,173.38,False,True,Holi
2025-03-12,HYD,Hyderabad,33.05,0.0,53.49,70.78,False,True,Holi
2025-03-12,KOL,Kolkata,30.5,0.0,62.32,121.17,False,True,Holi
2025-03-12,MUM,Mumbai,33.27,0.0,70.86,99.38,False,True,Holi
2025-03-12,PUN,Pune,28.35,0.0,63.24,51.97,False,True,Holi
2025-03-13,AMD,Ahmedabad,35.7,0.0,39.87,103.19,False,True,Holi
2025-03-13,BLR,Bengaluru,24.33,0.0,69.72,62.41,False,True,Holi
2025-03-13,CHE,Chennai,33.05,0.0,78.43,47.47,False,True,Holi
2025-03-13,DEL,Delhi NCR,34.8,0.0,41.7,157.98,False,True,Holi
2025-03-13,HYD,Hyderabad,31.76,0.0,53.03,81.07,False,True,Holi
2025-03-13,KOL,Kolkata,35.63,0.0,70.91,122.95,False,True,Holi
2025-03-13,MUM,Mumbai,29.53,0.0,67.64,76.89,False,True,Holi
2025-03-13,PUN,Pune,31.54,0.0,56.26,103.94,False,True,Holi
2025-03-14,AMD,Ahmedabad,35.3,0.0,44.07,87.58,False,True,Holi
2025-03-14,BLR,Bengaluru,29.82,0.0,60.02,77.28,False,True,Holi
2025-03-14,CHE,Chennai,35.03,0.0,68.59,65.07,False,True,Holi
2025-03-14,DEL,Delhi NCR,36.52,0.0,37.24,157.27,False,True,Holi
2025-03-14,HYD,Hyderabad,33.95,0.0,58.89,89.09,False,True,Holi
2025-03-14,KOL,Kolkata,28.66,0.0,71.17,122.61,False,True,Holi
2025-03-14,MUM,Mumbai,30.06,0.0,66.09,103.37,False,True,Holi
2025-03-14,PUN,Pune,30.56,0.0,57.07,59.89,False,True,Holi
2025-03-15,AMD,Ahmedabad,36.01,0.0,46.48,96.17,False,True,Holi
2025-03-15,BLR,Bengaluru,25.41,0.0,69.78,68.21,False,True,Holi
2025-03-15,CHE,Chennai,33.38,0.0,76.7,91.97,False,True,Holi
2025-03-15,DEL,Delhi NCR,34.34,0.0,48.99,193.22,False,True,Holi
2025-03-15,HYD,Hyderabad,34.19,0.0,53.61,86.25,False,True,Holi
2025-03-15,KOL,Kolkata,31.84,0.0,77.68,111.92,False,True,Holi
2025-03-15,MUM,Mumbai,29.74,0.0,72.22,110.14,False,True,Holi
2025-03-15,PUN,Pune,29.97,0.0,58.06,47.27,False,True,Holi
2025-03-16,AMD,Ahmedabad,37.25,0.0,34.01,109.86,False,False,No festival
2025-03-16,BLR,Bengaluru,28.21,0.0,59.4,90.28,False,False,No festival
2025-03-16,CHE,Chennai,28.15,0.0,72.36,53.6,False,False,No festival
2025-03-16,DEL,Delhi NCR,36.03,0.0,47.43,178.73,False,False,No festival
2025-03-16,HYD,Hyderabad,31.62,0.0,53.83,132.58,False,False,No festival
2025-03-16,KOL,Kolkata,34.42,0.0,69.24,107.71,False,False,No festival
2025-03-16,MUM,Mumbai,28.88,2.2,84.24,99.62,False,False,No festival
2025-03-16,PUN,Pune,25.45,14.61,70.89,100.91,False,False,No festival
2025-03-17,AMD,Ahmedabad,37.22,0.0,34.4,110.49,False,False,No festival
2025-03-17,BLR,Bengaluru,29.62,12.0,66.05,109.23,False,False,No festival
2025-03-17,CHE,Chennai,33.44,0.0,67.5,42.35,False,False,No festival
2025-03-17,DEL,Delhi NCR,34.38,0.0,53.42,146.32,False,False,No festival
2025-03-17,HYD,Hyderabad,35.17,0.0,51.09,85.64,False,False,No festival
2025-03-17,KOL,Kolkata,35.51,0.0,67.89,76.16,False,False,No festival
2025-03-17,MUM,Mumbai,35.9,0.0,66.55,75.99,False,False,No festival
2025-03-17,PUN,Pune,31.99,0.0,61.36,127.63,False,False,No festival
2025-03-18,AMD,Ahmedabad,37.11,0.0,37.72,67.5,False,False,No festival
2025-03-18,BLR,Bengaluru,28.06,0.0,59.64,43.53,False,False,No festival
2025-03-18,CHE,Chennai,29.51,0.0,72.42,57.54,False,False,No festival
2025-03-18,DEL,Delhi NCR,36.68,0.0,45.29,161.13,False,False,No festival
2025-03-18,HYD,Hyderabad,32.92,0.0,48.57,138.01,False,False,No festival
2025-03-18,KOL,Kolkata,31.28,0.0,71.92,133.32,False,False,No festival
2025-03-18,MUM,Mumbai,27.66,0.0,81.29,74.96,False,False,No festival
2025-03-18,PUN,Pune,33.03,0.0,52.33,75.64,False,False,No festival
2025-03-19,AMD,Ahmedabad,38.4,0.0,44.71,126.82,False,False,No festival
2025-03-19,BLR,Bengaluru,26.22,0.0,59.41,28.98,False,False,No festival
2025-03-19,CHE,Chennai,34.19,0.0,75.15,91.32,False,False,No festival
2025-03-19,DEL,Delhi NCR,36.18,0.0,42.31,172.42,False,False,No festival
2025-03-19,HYD,Hyderabad,32.75,0.0,55.22,93.04,False,False,No festival
2025-03-19,KOL,Kolkata,35.45,0.0,66.75,155.15,False,False,No festival
2025-03-19,MUM,Mumbai,35.67,0.0,62.95,89.96,False,False,No festival
2025-03-19,PUN,Pune,28.9,9.23,71.06,120.05,False,False,No festival
2025-03-20,AMD,Ahmedabad,36.3,0.0,42.96,73.1,False,False,No festival
2025-03-20,BLR,Bengaluru,25.56,0.0,68.88,52.48,False,False,No festival
2025-03-20,CHE,Chennai,31.48,0.0,70.43,96.88,False,False,No festival
2025-03-20,DEL,Delhi NCR,36.95,0.0,43.82,170.76,False,False,No festival
2025-03-20,HYD,Hyderabad,33.45,0.0,54.68,93.11,False,False,No festival
2025-03-20,KOL,Kolkata,34.9,0.0,74.16,78.37,False,False,No festival
2025-03-20,MUM,Mumbai,33.65,0.0,78.2,73.81,False,False,No festival
2025-03-20,PUN,Pune,30.04,0.0,59.72,69.86,False,False,No festival
2025-03-21,AMD,Ahmedabad,33.71,0.0,43.81,49.0,False,False,No festival
2025-03-21,BLR,Bengaluru,28.4,0.0,63.42,75.46,False,False,No festival
2025-03-21,CHE,Chennai,29.19,0.0,74.15,64.74,False,False,No festival
2025-03-21,DEL,Delhi NCR,34.87,0.0,46.93,165.48,False,False,No festival
2025-03-21,HYD,Hyderabad,34.11,0.0,55.36,128.73,False,False,No festival
2025-03-21,KOL,Kolkata,31.88,0.0,72.55,121.51,False,False,No festival
2025-03-21,MUM,Mumbai,30.31,0.0,73.05,88.35,False,False,No festival
2025-03-21,PUN,Pune,30.3,0.0,55.47,85.57,False,False,No festival
2025-03-22,AMD,Ahmedabad,35.29,0.0,39.74,65.33,False,False,No festival
2025-03-22,BLR,Bengaluru,27.37,0.0,60.99,56.57,False,False,No festival
2025-03-22,CHE,Chennai,36.4,0.0,72.58,79.23,False,False,No festival
2025-03-22,DEL,Delhi NCR,35.22,0.0,53.56,149.85,False,False,No festival
2025-03-22,HYD,Hyderabad,34.73,0.0,63.84,95.3,False,False,No festival
2025-03-22,KOL,Kolkata,32.16,0.0,69.21,134.79,False,False,No festival
2025-03-22,MUM,Mumbai,32.61,0.0,77.35,101.23,False,False,No festival
2025-03-22,PUN,Pune,29.63,0.0,62.88,79.99,False,False,No festival
2025-03-23,AMD,Ahmedabad,34.91,0.0,39.79,175.55,False,False,No festival
2025-03-23,BLR,Bengaluru,28.93,0.0,55.76,97.4,False,False,No festival
2025-03-23,CHE,Chennai,32.3,0.0,79.32,89.24,False,False,No festival
2025-03-23,DEL,Delhi NCR,33.84,0.0,43.07,183.78,False,False,No festival
2025-03-23,HYD,Hyderabad,31.6,0.0,55.54,79.53,False,False,No festival
2025-03-23,KOL,Kolkata,32.43,0.0,62.43,92.2,False,False,No festival
2025-03-23,MUM,Mumbai,33.4,0.0,67.99,68.11,False,False,No festival
2025-03-23,PUN,Pune,31.44,0.0,57.96,47.53,False,False,No festival
2025-03-24,AMD,Ahmedabad,35.49,0.0,42.68,124.84,False,False,No festival
2025-03-24,BLR,Bengaluru,29.02,10.45,78.99,74.68,False,False,No festival
2025-03-24,CHE,Chennai,31.76,0.0,68.38,92.57,False,False,No festival
2025-03-24,DEL,Delhi NCR,40.41,0.0,43.29,148.93,True,False,No festival
2025-03-24,HYD,Hyderabad,35.14,0.0,45.42,69.86,False,False,No festival
2025-03-24,KOL,Kolkata,33.44,0.0,74.25,136.99,False,False,No festival
2025-03-24,MUM,Mumbai,31.94,0.0,69.23,117.06,False,False,No festival
2025-03-24,PUN,Pune,30.56,0.0,56.05,96.81,False,False,No festival
2025-03-25,AMD,Ahmedabad,36.75,0.0,41.62,109.5,False,False,No festival
2025-03-25,BLR,Bengaluru,27.22,0.0,60.65,99.01,False,False,No festival
2025-03-25,CHE,Chennai,30.71,0.0,71.26,131.19,False,False,No festival
2025-03-25,DEL,Delhi NCR,34.55,0.0,57.92,151.56,False,False,No festival
2025-03-25,HYD,Hyderabad,34.23,0.0,53.9,93.77,False,False,No festival
2025-03-25,KOL,Kolkata,35.29,0.0,63.33,133.59,False,False,No festival
2025-03-25,MUM,Mumbai,31.13,0.0,64.2,81.0,False,False,No festival
2025-03-25,PUN,Pune,31.33,0.0,55.83,79.58,False,False,No festival
2025-03-26,AMD,Ahmedabad,37.94,0.0,42.46,88.26,False,False,No festival
2025-03-26,BLR,Bengaluru,27.81,0.0,60.01,96.42,False,False,No festival
2025-03-26,CHE,Chennai,32.38,0.0,63.4,107.55,False,False,No festival
2025-03-26,DEL,Delhi NCR,35.34,0.0,40.33,133.82,False,False,No festival
2025-03-26,HYD,Hyderabad,32.89,0.0,55.61,77.01,False,False,No festival
2025-03-26,KOL,Kolkata,35.67,0.0,62.91,115.54,False,False,No festival
2025-03-26,MUM,Mumbai,30.93,2.0,79.12,95.48,False,False,No festival
2025-03-26,PUN,Pune,30.48,0.0,48.13,93.7,False,False,No festival
2025-03-27,AMD,Ahmedabad,36.98,0.0,46.1,118.36,False,False,No festival
2025-03-27,BLR,Bengaluru,30.53,0.0,60.76,108.49,False,False,No festival
2025-03-27,CHE,Chennai,33.37,0.0,71.19,69.41,False,False,No festival
2025-03-27,DEL,Delhi NCR,38.47,0.0,50.58,179.89,False,False,No festival
2025-03-27,HYD,Hyderabad,33.73,0.0,65.0,104.48,False,False,No festival
2025-03-27,KOL,Kolkata,33.24,0.0,67.77,128.94,False,False,No festival
2025-03-27,MUM,Mumbai,32.91,0.0,75.54,79.46,False,False,No festival
2025-03-27,PUN,Pune,27.65,0.0,61.71,57.28,False,False,No festival
2025-03-28,AMD,Ahmedabad,37.3,0.0,48.89,93.32,False,False,No festival
2025-03-28,BLR,Bengaluru,27.17,0.0,62.31,113.54,False,False,No festival
2025-03-28,CHE,Chennai,33.26,0.0,64.8,90.68,False,False,No festival
2025-03-28,DEL,Delhi NCR,37.19,0.0,38.66,174.66,False,False,No festival
2025-03-28,HYD,Hyderabad,33.39,0.0,48.76,107.46,False,False,No festival
2025-03-28,KOL,Kolkata,31.06,0.0,70.35,88.37,False,False,No festival
2025-03-28,MUM,Mumbai,31.36,0.0,72.77,65.45,False,False,No festival
2025-03-28,PUN,Pune,30.84,0.0,56.95,77.1,False,False,No festival
2025-03-29,AMD,Ahmedabad,33.59,0.0,46.84,125.61,False,True,Eid
2025-03-29,BLR,Bengaluru,29.94,0.0,56.14,50.4,False,True,Eid
2025-03-29,CHE,Chennai,33.12,0.0,68.32,108.24,False,True,Eid
2025-03-29,DEL,Delhi NCR,40.5,0.0,41.66,169.28,True,True,Eid
2025-03-29,HYD,Hyderabad,34.5,0.0,45.05,96.0,False,True,Eid
2025-03-29,KOL,Kolkata,33.52,0.0,70.9,139.24,False,True,Eid
2025-03-29,MUM,Mumbai,32.64,0.0,73.05,84.2,False,True,Eid
2025-03-29,PUN,Pune,31.35,0.0,54.59,107.65,False,True,Eid
2025-03-30,AMD,Ahmedabad,37.42,0.0,47.71,104.69,False,True,Eid
2025-03-30,BLR,Bengaluru,28.39,0.0,62.9,61.41,False,True,Eid
2025-03-30,CHE,Chennai,33.17,0.0,73.38,113.5,False,True,Eid
2025-03-30,DEL,Delhi NCR,35.77,0.0,44.06,152.8,False,True,Eid
2025-03-30,HYD,Hyderabad,29.93,0.0,53.79,86.69,False,True,Eid
2025-03-30,KOL,Kolkata,35.7,0.0,69.1,109.93,False,True,Eid
2025-03-30,MUM,Mumbai,30.62,0.0,68.2,107.48,False,True,Eid
2025-03-30,PUN,Pune,29.12,0.0,59.06,76.12,False,True,Eid
2025-03-31,AMD,Ahmedabad,39.02,0.0,44.2,129.77,False,True,Eid
2025-03-31,BLR,Bengaluru,24.99,0.0,61.7,97.49,False,True,Eid
2025-03-31,CHE,Chennai,32.82,0.0,65.35,55.17,False,True,Eid
2025-03-31,DEL,Delhi NCR,34.48,0.0,46.64,144.96,False,True,Eid
2025-03-31,HYD,Hyderabad,32.76,0.0,49.79,67.33,False,True,Eid
2025-03-31,KOL,Kolkata,32.15,0.0,65.68,117.8,False,True,Eid
2025-03-31,MUM,Mumbai,31.52,0.0,74.45,84.95,False,True,Eid
2025-03-31,PUN,Pune,31.69,0.0,61.77,98.56,False,True,Eid
2025-04-01,AMD,Ahmedabad,37.03,0.0,35.08,97.45,False,True,Eid
2025-04-01,BLR,Bengaluru,27.26,0.0,55.43,88.87,False,True,Eid
2025-04-01,CHE,Chennai,32.86,0.0,71.92,101.87,False,True,Eid
2025-04-01,DEL,Delhi NCR,37.36,0.0,36.05,170.93,False,True,Eid
2025-04-01,HYD,Hyderabad,36.02,0.0,42.31,128.6,False,True,Eid
2025-04-01,KOL,Kolkata,33.04,0.0,73.5,142.65,False,True,Eid
2025-04-01,MUM,Mumbai,30.32,0.0,68.87,83.3,False,True,Eid
2025-04-01,PUN,Pune,30.38,0.0,55.29,64.96,False,True,Eid
2025-04-02,AMD,Ahmedabad,41.47,0.0,44.87,90.28,True,False,No festival
2025-04-02,BLR,Bengaluru,27.98,0.0,63.59,104.74,False,False,No festival
2025-04-02,CHE,Chennai,32.52,0.0,67.81,64.36,False,False,No festival
2025-04-02,DEL,Delhi NCR,35.49,3.9,63.79,198.69,False,False,No festival
2025-04-02,HYD,Hyderabad,36.82,0.0,58.81,91.34,False,False,No festival
2025-04-02,KOL,Kolkata,34.52,0.0,69.35,87.87,False,False,No festival
2025-04-02,MUM,Mumbai,31.68,0.0,72.77,98.6,False,False,No festival
2025-04-02,PUN,Pune,31.2,0.0,53.9,83.05,False,False,No festival
2025-04-03,AMD,Ahmedabad,38.95,0.0,40.52,129.65,False,False,No festival
2025-04-03,BLR,Bengaluru,31.89,0.0,56.55,71.15,False,False,No festival
2025-04-03,CHE,Chennai,33.02,0.0,62.0,130.01,False,False,No festival
2025-04-03,DEL,Delhi NCR,36.05,0.0,55.69,219.86,False,False,No festival
2025-04-03,HYD,Hyderabad,34.65,0.0,44.73,90.96,False,False,No festival
2025-04-03,KOL,Kolkata,32.69,0.0,67.66,104.41,False,False,No festival
2025-04-03,MUM,Mumbai,33.04,0.0,64.11,137.33,False,False,No festival
2025-04-03,PUN,Pune,33.68,0.0,60.19,102.35,False,False,No festival
2025-04-04,AMD,Ahmedabad,37.0,0.0,39.63,112.11,False,False,No festival
2025-04-04,BLR,Bengaluru,27.93,0.0,62.0,40.74,False,False,No festival
2025-04-04,CHE,Chennai,32.68,0.0,72.13,77.47,False,False,No festival
2025-04-04,DEL,Delhi NCR,36.64,0.0,44.5,179.12,False,False,No festival
2025-04-04,HYD,Hyderabad,33.18,0.0,51.91,139.53,False,False,No festival
2025-04-04,KOL,Kolkata,31.88,0.0,78.28,114.72,False,False,No festival
2025-04-04,MUM,Mumbai,32.44,0.0,76.43,82.75,False,False,No festival
2025-04-04,PUN,Pune,31.17,0.0,55.11,39.87,False,False,No festival
2025-04-05,AMD,Ahmedabad,37.91,0.0,49.45,129.84,False,False,No festival
2025-04-05,BLR,Bengaluru,30.04,0.0,57.71,78.94,False,False,No festival
2025-04-05,CHE,Chennai,33.76,0.0,70.3,91.43,False,False,No festival
2025-04-05,DEL,Delhi NCR,36.49,0.0,49.56,166.01,False,False,No festival
2025-04-05,HYD,Hyderabad,35.96,0.0,55.15,116.09,False,False,No festival
2025-04-05,KOL,Kolkata,31.7,0.0,73.27,92.41,False,False,No festival
2025-04-05,MUM,Mumbai,32.1,0.0,68.58,70.8,False,False,No festival
2025-04-05,PUN,Pune,31.85,0.0,61.42,91.37,False,False,No festival
2025-04-06,AMD,Ahmedabad,37.11,0.0,41.8,91.99,False,False,No festival
2025-04-06,BLR,Bengaluru,25.73,0.0,66.72,29.88,False,False,No festival
2025-04-06,CHE,Chennai,34.57,0.0,64.96,119.34,False,False,No festival
2025-04-06,DEL,Delhi NCR,35.86,0.0,48.4,161.56,False,False,No festival
2025-04-06,HYD,Hyderabad,33.93,0.0,57.35,45.19,False,False,No festival
2025-04-06,KOL,Kolkata,30.97,0.0,72.82,79.59,False,False,No festival
2025-04-06,MUM,Mumbai,30.12,0.0,73.35,86.36,False,False,No festival
2025-04-06,PUN,Pune,32.08,0.0,58.44,86.45,False,False,No festival
2025-04-07,AMD,Ahmedabad,34.11,0.0,44.48,104.25,False,False,No festival
2025-04-07,BLR,Bengaluru,31.18,0.0,76.85,49.49,False,False,No festival
2025-04-07,CHE,Chennai,35.47,0.0,71.32,93.86,False,False,No festival
2025-04-07,DEL,Delhi NCR,37.67,2.66,55.22,166.31,False,False,No festival
2025-04-07,HYD,Hyderabad,30.29,0.0,52.87,85.23,False,False,No festival
2025-04-07,KOL,Kolkata,36.36,0.0,67.87,116.84,False,False,No festival
2025-04-07,MUM,Mumbai,32.12,0.0,74.72,92.23,False,False,No festival
2025-04-07,PUN,Pune,33.8,0.0,54.91,86.46,False,False,No festival
2025-04-08,AMD,Ahmedabad,36.21,0.0,42.86,146.31,False,False,No festival
2025-04-08,BLR,Bengaluru,28.49,10.62,78.39,61.61,False,False,No festival
2025-04-08,CHE,Chennai,30.83,0.0,71.55,94.39,False,False,No festival
2025-04-08,DEL,Delhi NCR,38.62,0.0,43.82,166.07,False,False,No festival
2025-04-08,HYD,Hyderabad,37.08,0.0,66.11,75.71,False,False,No festival
2025-04-08,KOL,Kolkata,32.52,0.0,70.8,143.42,False,False,No festival
2025-04-08,MUM,Mumbai,31.68,0.0,76.83,96.5,False,False,No festival
2025-04-08,PUN,Pune,30.1,0.0,59.09,61.06,False,False,No festival
2025-04-09,AMD,Ahmedabad,36.71,0.0,42.98,85.32,False,False,No festival
2025-04-09,BLR,Bengaluru,26.09,0.0,58.48,25.0,False,False,No festival
2025-04-09,CHE,Chennai,30.45,0.0,73.86,99.96,False,False,No festival
2025-04-09,DEL,Delhi NCR,34.35,0.0,57.09,214.11,False,False,No festival
2025-04-09,HYD,Hyderabad,34.41,0.0,53.98,69.51,False,False,No festival
2025-04-09,KOL,Kolkata,34.44,0.0,75.08,136.26,False,False,No festival
2025-04-09,MUM,Mumbai,32.34,0.0,68.75,88.76,False,False,No festival
2025-04-09,PUN,Pune,33.03,0.0,54.92,80.95,False,False,No festival
2025-04-10,AMD,Ahmedabad,38.82,0.0,36.64,149.88,False,False,No festival
2025-04-10,BLR,Bengaluru,28.49,0.0,68.56,82.32,False,False,No festival
2025-04-10,CHE,Chennai,32.22,0.0,68.42,85.15,False,False,No festival
2025-04-10,DEL,Delhi NCR,42.09,0.0,33.63,196.14,True,False,No festival
2025-04-10,HYD,Hyderabad,35.36,0.0,56.2,100.76,False,False,No festival
2025-04-10,KOL,Kolkata,33.52,0.0,67.88,109.89,False,False,No festival
2025-04-10,MUM,Mumbai,29.36,0.0,68.88,112.88,False,False,No festival
2025-04-10,PUN,Pune,30.81,28.71,73.09,88.8,False,False,No festival
2025-04-11,AMD,Ahmedabad,37.84,0.0,38.45,62.49,False,False,No festival
2025-04-11,BLR,Bengaluru,32.59,0.0,61.08,79.98,False,False,No festival
2025-04-11,CHE,Chennai,33.95,0.0,72.21,94.79,False,False,No festival
2025-04-11,DEL,Delhi NCR,38.34,0.0,51.77,165.71,False,False,No festival
2025-04-11,HYD,Hyderabad,34.76,0.0,52.67,76.39,False,False,No festival
2025-04-11,KOL,Kolkata,36.42,0.0,79.04,159.88,False,False,No festival
2025-04-11,MUM,Mumbai,32.35,0.0,69.37,96.84,False,False,No festival
2025-04-11,PUN,Pune,31.65,0.0,52.95,27.14,False,False,No festival
2025-04-12,AMD,Ahmedabad,38.54,0.0,35.16,88.19,False,False,No festival
2025-04-12,BLR,Bengaluru,30.67,0.0,58.04,103.91,False,False,No festival
2025-04-12,CHE,Chennai,32.14,0.0,68.52,86.35,False,False,No festival
2025-04-12,DEL,Delhi NCR,42.31,0.0,42.57,120.36,True,False,No festival
2025-04-12,HYD,Hyderabad,34.59,0.0,55.01,105.17,False,False,No festival
2025-04-12,KOL,Kolkata,34.18,0.0,67.29,118.16,False,False,No festival
2025-04-12,MUM,Mumbai,30.7,0.0,75.03,145.1,False,False,No festival
2025-04-12,PUN,Pune,30.42,0.0,68.44,94.29,False,False,No festival
2025-04-13,AMD,Ahmedabad,36.83,0.0,35.3,104.25,False,False,No festival
2025-04-13,BLR,Bengaluru,29.76,0.0,62.21,45.83,False,False,No festival
2025-04-13,CHE,Chennai,30.23,0.0,75.5,116.19,False,False,No festival
2025-04-13,DEL,Delhi NCR,37.22,0.0,42.28,184.24,False,False,No festival
2025-04-13,HYD,Hyderabad,35.19,0.0,48.37,96.17,False,False,No festival
2025-04-13,KOL,Kolkata,32.37,0.0,65.93,97.07,False,False,No festival
2025-04-13,MUM,Mumbai,32.16,0.0,69.39,63.11,False,False,No festival
2025-04-13,PUN,Pune,34.33,0.0,56.64,77.5,False,False,No festival
2025-04-14,AMD,Ahmedabad,41.27,0.0,41.76,90.06,True,False,No festival
2025-04-14,BLR,Bengaluru,28.47,0.0,65.74,55.89,False,False,No festival
2025-04-14,CHE,Chennai,32.54,0.0,71.31,49.14,False,False,No festival
2025-04-14,DEL,Delhi NCR,38.0,0.0,45.45,148.8,False,False,No festival
2025-04-14,HYD,Hyderabad,35.18,0.0,43.53,74.42,False,False,No festival
2025-04-14,KOL,Kolkata,35.54,0.0,63.35,151.03,False,False,No festival
2025-04-14,MUM,Mumbai,31.85,0.0,65.7,104.54,False,False,No festival
2025-04-14,PUN,Pune,31.83,5.39,70.44,93.11,False,False,No festival
2025-04-15,AMD,Ahmedabad,41.49,0.0,44.74,101.98,True,False,No festival
2025-04-15,BLR,Bengaluru,28.88,0.0,69.47,64.79,False,False,No festival
2025-04-15,CHE,Chennai,32.09,0.0,70.54,70.9,False,False,No festival
2025-04-15,DEL,Delhi NCR,39.15,0.0,41.76,193.81,False,False,No festival
2025-04-15,HYD,Hyderabad,35.03,0.0,50.73,86.4,False,False,No festival
2025-04-15,KOL,Kolkata,34.03,10.03,79.23,148.78,False,False,No festival
2025-04-15,MUM,Mumbai,32.83,0.0,75.77,38.64,False,False,No festival
2025-04-15,PUN,Pune,33.36,0.0,51.1,47.35,False,False,No festival
2025-04-16,AMD,Ahmedabad,41.06,0.0,44.27,31.26,True,False,No festival
2025-04-16,BLR,Bengaluru,25.71,0.0,65.53,62.83,False,False,No festival
2025-04-16,CHE,Chennai,33.9,0.0,65.44,62.09,False,False,No festival
2025-04-16,DEL,Delhi NCR,38.68,0.0,43.23,155.94,False,False,No festival
2025-04-16,HYD,Hyderabad,37.04,3.84,72.36,99.44,False,False,No festival
2025-04-16,KOL,Kolkata,33.11,0.0,74.09,111.82,False,False,No festival
2025-04-16,MUM,Mumbai,32.75,0.0,68.48,64.15,False,False,No festival
2025-04-16,PUN,Pune,34.45,0.0,49.68,94.0,False,False,No festival
2025-04-17,AMD,Ahmedabad,38.91,0.0,43.71,64.75,False,False,No festival
2025-04-17,BLR,Bengaluru,29.13,0.0,55.33,100.39,False,False,No festival
2025-04-17,CHE,Chennai,32.67,0.0,77.59,79.18,False,False,No festival
2025-04-17,DEL,Delhi NCR,39.45,0.0,48.51,186.88,False,False,No festival
2025-04-17,HYD,Hyderabad,37.21,0.0,59.53,107.53,False,False,No festival
2025-04-17,KOL,Kolkata,34.91,0.0,73.82,143.9,False,False,No festival
2025-04-17,MUM,Mumbai,31.39,0.0,74.22,119.74,False,False,No festival
2025-04-17,PUN,Pune,29.78,0.0,59.0,46.93,False,False,No festival
2025-04-18,AMD,Ahmedabad,36.31,0.0,32.87,74.88,False,False,No festival
2025-04-18,BLR,Bengaluru,29.01,0.0,59.57,49.27,False,False,No festival
2025-04-18,CHE,Chennai,31.99,0.0,68.69,57.96,False,False,No festival
2025-04-18,DEL,Delhi NCR,39.01,0.0,42.02,140.32,False,False,No festival
2025-04-18,HYD,Hyderabad,34.0,0.0,50.88,144.34,False,False,No festival
2025-04-18,KOL,Kolkata,30.81,0.0,69.66,106.65,False,False,No festival
2025-04-18,MUM,Mumbai,33.25,0.0,64.0,120.96,False,False,No festival
2025-04-18,PUN,Pune,29.57,0.0,58.67,56.6,False,False,No festival
2025-04-19,AMD,Ahmedabad,40.58,0.0,37.08,130.5,True,False,No festival
2025-04-19,BLR,Bengaluru,28.9,0.0,52.97,48.78,False,False,No festival
2025-04-19,CHE,Chennai,34.75,0.0,69.22,101.06,False,False,No festival
2025-04-19,DEL,Delhi NCR,38.64,0.0,34.63,183.08,False,False,No festival
2025-04-19,HYD,Hyderabad,36.05,0.0,54.01,92.97,False,False,No festival
2025-04-19,KOL,Kolkata,34.22,0.0,60.58,110.46,False,False,No festival
2025-04-19,MUM,Mumbai,31.97,0.0,68.47,88.06,False,False,No festival
2025-04-19,PUN,Pune,33.75,0.0,59.92,71.29,False,False,No festival
2025-04-20,AMD,Ahmedabad,39.19,0.0,43.64,111.2,False,False,No festival
2025-04-20,BLR,Bengaluru,27.8,0.0,68.32,67.04,False,False,No festival
2025-04-20,CHE,Chennai,35.22,0.0,81.43,62.75,False,False,No festival
2025-04-20,DEL,Delhi NCR,39.53,0.0,49.47,166.46,False,False,No festival
2025-04-20,HYD,Hyderabad,35.63,0.0,47.47,92.32,False,False,No festival
2025-04-20,KOL,Kolkata,36.63,0.0,64.89,113.65,False,False,No festival
2025-04-20,MUM,Mumbai,32.28,0.0,68.3,62.56,False,False,No festival
2025-04-20,PUN,Pune,32.94,0.0,56.38,91.34,False,False,No festival
2025-04-21,AMD,Ahmedabad,39.12,0.0,45.64,82.66,False,False,No festival
2025-04-21,BLR,Bengaluru,32.71,0.0,67.01,82.2,False,False,No festival
2025-04-21,CHE,Chennai,29.97,0.0,77.65,93.94,False,False,No festival
2025-04-21,DEL,Delhi NCR,36.72,0.0,44.33,175.32,False,False,No festival
2025-04-21,HYD,Hyderabad,34.16,0.0,57.49,79.44,False,False,No festival
2025-04-21,KOL,Kolkata,32.75,0.0,71.88,120.89,False,False,No festival
2025-04-21,MUM,Mumbai,34.0,0.0,61.17,104.73,False,False,No festival
2025-04-21,PUN,Pune,31.38,0.0,58.64,117.22,False,False,No festival
2025-04-22,AMD,Ahmedabad,39.69,0.0,42.27,122.53,False,False,No festival
2025-04-22,BLR,Bengaluru,28.45,0.0,56.57,92.54,False,False,No festival
2025-04-22,CHE,Chennai,34.42,0.0,69.74,86.13,False,False,No festival
2025-04-22,DEL,Delhi NCR,37.34,0.0,40.1,156.64,False,False,No festival
2025-04-22,HYD,Hyderabad,35.36,6.77,62.04,91.02,False,False,No festival
2025-04-22,KOL,Kolkata,34.67,0.0,75.83,139.56,False,False,No festival
2025-04-22,MUM,Mumbai,30.16,0.0,70.27,77.07,False,False,No festival
2025-04-22,PUN,Pune,29.39,0.0,69.75,98.81,False,False,No festival
2025-04-23,AMD,Ahmedabad,34.35,0.0,41.51,80.21,False,False,No festival
2025-04-23,BLR,Bengaluru,27.81,0.0,55.93,80.3,False,False,No festival
2025-04-23,CHE,Chennai,35.51,0.0,73.8,72.58,False,False,No festival
2025-04-23,DEL,Delhi NCR,41.43,0.0,42.05,146.46,True,False,No festival
2025-04-23,HYD,Hyderabad,36.69,0.0,50.44,85.29,False,False,No festival
2025-04-23,KOL,Kolkata,33.84,0.0,60.98,110.2,False,False,No festival
2025-04-23,MUM,Mumbai,31.08,0.0,67.53,145.92,False,False,No festival
2025-04-23,PUN,Pune,32.06,0.0,59.57,109.9,False,False,No festival
2025-04-24,AMD,Ahmedabad,39.62,0.0,36.24,98.4,False,False,No festival
2025-04-24,BLR,Bengaluru,31.16,0.0,63.35,61.32,False,False,No festival
2025-04-24,CHE,Chennai,31.76,0.0,70.52,53.12,False,False,No festival
2025-04-24,DEL,Delhi NCR,39.57,0.0,51.78,180.5,False,False,No festival
2025-04-24,HYD,Hyderabad,35.93,0.0,63.23,93.41,False,False,No festival
2025-04-24,KOL,Kolkata,32.87,0.0,71.68,131.61,False,False,No festival
2025-04-24,MUM,Mumbai,34.2,0.0,72.26,61.48,False,False,No festival
2025-04-24,PUN,Pune,33.48,0.0,67.97,77.35,False,False,No festival
2025-04-25,AMD,Ahmedabad,37.24,0.0,37.22,93.39,False,False,No festival
2025-04-25,BLR,Bengaluru,28.14,0.0,70.32,86.62,False,False,No festival
2025-04-25,CHE,Chennai,35.93,4.9,77.64,96.04,False,False,No festival
2025-04-25,DEL,Delhi NCR,39.03,0.0,43.08,200.85,False,False,No festival
2025-04-25,HYD,Hyderabad,37.07,0.0,52.09,101.92,False,False,No festival
2025-04-25,KOL,Kolkata,30.99,0.0,67.94,115.26,False,False,No festival
2025-04-25,MUM,Mumbai,29.96,0.0,71.82,125.67,False,False,No festival
2025-04-25,PUN,Pune,31.88,0.0,63.54,111.16,False,False,No festival
2025-04-26,AMD,Ahmedabad,39.43,0.0,44.61,56.74,False,False,No festival
2025-04-26,BLR,Bengaluru,25.69,0.0,65.24,73.7,False,False,No festival
2025-04-26,CHE,Chennai,34.04,0.0,82.99,73.94,False,False,No festival
2025-04-26,DEL,Delhi NCR,37.65,0.0,43.81,153.35,False,False,No festival
2025-04-26,HYD,Hyderabad,31.49,0.0,59.32,51.5,False,False,No festival
2025-04-26,KOL,Kolkata,33.71,0.0,67.55,97.82,False,False,No festival
2025-04-26,MUM,Mumbai,31.7,0.0,80.12,77.23,False,False,No festival
2025-04-26,PUN,Pune,30.13,0.0,62.33,51.06,False,False,No festival
2025-04-27,AMD,Ahmedabad,42.19,0.0,32.07,92.96,True,False,No festival
2025-04-27,BLR,Bengaluru,30.25,0.0,61.5,34.92,False,False,No festival
2025-04-27,CHE,Chennai,34.24,0.0,68.5,94.93,False,False,No festival
2025-04-27,DEL,Delhi NCR,37.66,0.0,43.06,180.26,False,False,No festival
2025-04-27,HYD,Hyderabad,33.81,7.08,56.95,74.23,False,False,No festival
2025-04-27,KOL,Kolkata,33.21,0.0,68.09,111.76,False,False,No festival
2025-04-27,MUM,Mumbai,32.57,0.0,67.8,89.0,False,False,No festival
2025-04-27,PUN,Pune,31.21,0.0,57.06,64.62,False,False,No festival
2025-04-28,AMD,Ahmedabad,38.28,0.0,41.18,119.22,False,False,No festival
2025-04-28,BLR,Bengaluru,28.8,0.0,59.2,42.42,False,False,No festival
2025-04-28,CHE,Chennai,34.95,0.0,67.25,73.83,False,False,No festival
2025-04-28,DEL,Delhi NCR,38.67,0.0,42.8,181.29,False,False,No festival
2025-04-28,HYD,Hyderabad,37.2,0.0,45.22,104.03,False,False,No festival
2025-04-28,KOL,Kolkata,34.53,0.0,66.51,122.46,False,False,No festival
2025-04-28,MUM,Mumbai,34.14,0.0,68.05,117.55,False,False,No festival
2025-04-28,PUN,Pune,34.48,0.0,51.35,69.18,False,False,No festival
2025-04-29,AMD,Ahmedabad,38.7,0.0,35.99,76.94,False,False,No festival
2025-04-29,BLR,Bengaluru,32.02,0.0,61.56,61.57,False,False,No festival
2025-04-29,CHE,Chennai,34.75,0.0,76.88,53.53,False,False,No festival
2025-04-29,DEL,Delhi NCR,37.53,0.0,40.52,171.05,False,False,No festival
2025-04-29,HYD,Hyderabad,33.13,0.0,55.48,75.94,False,False,No festival
2025-04-29,KOL,Kolkata,34.21,0.0,66.38,117.4,False,False,No festival
2025-04-29,MUM,Mumbai,33.91,0.0,78.61,87.65,False,False,No festival
2025-04-29,PUN,Pune,30.09,0.0,52.83,75.05,False,False,No festival
2025-04-30,AMD,Ahmedabad,36.76,0.0,32.52,102.29,False,False,No festival
2025-04-30,BLR,Bengaluru,28.68,0.0,61.9,97.66,False,False,No festival
2025-04-30,CHE,Chennai,30.59,0.0,66.43,109.65,False,False,No festival
2025-04-30,DEL,Delhi NCR,41.39,0.0,52.48,146.23,True,False,No festival
2025-04-30,HYD,Hyderabad,33.93,0.0,65.16,68.28,False,False,No festival
2025-04-30,KOL,Kolkata,32.21,0.0,75.99,147.33,False,False,No festival
2025-04-30,MUM,Mumbai,32.04,0.0,72.89,94.58,False,False,No festival
2025-04-30,PUN,Pune,34.93,0.0,59.64,75.47,False,False,No festival
2025-05-01,AMD,Ahmedabad,41.0,0.0,44.27,129.22,True,False,No festival
2025-05-01,BLR,Bengaluru,29.52,0.0,57.59,84.96,False,False,No festival
2025-05-01,CHE,Chennai,33.59,0.0,86.65,109.2,False,False,No festival
2025-05-01,DEL,Delhi NCR,41.52,0.0,45.13,165.9,True,False,No festival
2025-05-01,HYD,Hyderabad,35.86,0.0,56.65,91.66,False,False,No festival
2025-05-01,KOL,Kolkata,34.45,0.0,69.58,70.22,False,False,No festival
2025-05-01,MUM,Mumbai,34.21,0.0,66.67,100.08,False,False,No festival
2025-05-01,PUN,Pune,30.63,0.0,55.01,56.08,False,False,No festival
2025-05-02,AMD,Ahmedabad,38.66,0.0,46.09,82.65,False,False,No festival
2025-05-02,BLR,Bengaluru,30.51,0.0,57.47,97.94,False,False,No festival
2025-05-02,CHE,Chennai,31.21,0.0,68.41,100.62,False,False,No festival
2025-05-02,DEL,Delhi NCR,36.05,0.0,44.53,209.94,False,False,No festival
2025-05-02,HYD,Hyderabad,34.69,0.0,49.82,59.79,False,False,No festival
2025-05-02,KOL,Kolkata,33.92,0.0,69.79,105.77,False,False,No festival
2025-05-02,MUM,Mumbai,33.16,0.0,77.34,97.27,False,False,No festival
2025-05-02,PUN,Pune,31.16,0.0,61.6,83.33,False,False,No festival
2025-05-03,AMD,Ahmedabad,37.32,0.0,40.61,130.27,False,False,No festival
2025-05-03,BLR,Bengaluru,25.66,0.0,58.35,62.39,False,False,No festival
2025-05-03,CHE,Chennai,35.06,0.0,70.64,52.2,False,False,No festival
2025-05-03,DEL,Delhi NCR,41.07,0.0,40.24,163.38,True,False,No festival
2025-05-03,HYD,Hyderabad,36.17,0.0,48.07,79.77,False,False,No festival
2025-05-03,KOL,Kolkata,34.24,0.0,59.64,125.62,False,False,No festival
2025-05-03,MUM,Mumbai,35.09,0.0,74.88,73.14,False,False,No festival
2025-05-03,PUN,Pune,32.59,0.0,57.17,109.14,False,False,No festival
2025-05-04,AMD,Ahmedabad,38.76,0.0,42.73,86.1,False,False,No festival
2025-05-04,BLR,Bengaluru,29.22,0.0,66.21,92.68,False,False,No festival
2025-05-04,CHE,Chennai,32.98,0.0,75.08,75.96,False,False,No festival
2025-05-04,DEL,Delhi NCR,40.56,0.0,43.91,192.81,True,False,No festival
2025-05-04,HYD,Hyderabad,34.41,0.0,57.76,102.44,False,False,No festival
2025-05-04,KOL,Kolkata,32.5,0.0,76.94,160.61,False,False,No festival
2025-05-04,MUM,Mumbai,29.58,0.0,83.0,59.89,False,False,No festival
2025-05-04,PUN,Pune,30.4,0.0,51.78,57.66,False,False,No festival
2025-05-05,AMD,Ahmedabad,37.18,0.0,45.7,114.24,False,False,No festival
2025-05-05,BLR,Bengaluru,30.6,0.0,63.13,82.88,False,False,No festival
2025-05-05,CHE,Chennai,34.62,0.0,70.27,76.81,False,False,No festival
2025-05-05,DEL,Delhi NCR,38.92,0.0,38.69,170.86,False,False,No festival
2025-05-05,HYD,Hyderabad,35.83,0.0,56.92,84.11,False,False,No festival
2025-05-05,KOL,Kolkata,36.39,0.0,66.0,124.37,False,False,No festival
2025-05-05,MUM,Mumbai,33.61,0.0,66.19,84.08,False,False,No festival
2025-05-05,PUN,Pune,30.85,0.0,56.58,63.73,False,False,No festival
2025-05-06,AMD,Ahmedabad,39.37,0.0,47.41,68.01,False,False,No festival
2025-05-06,BLR,Bengaluru,29.25,0.0,55.56,83.15,False,False,No festival
2025-05-06,CHE,Chennai,34.97,0.0,66.97,117.22,False,False,No festival
2025-05-06,DEL,Delhi NCR,38.77,0.0,48.75,150.24,False,False,No festival
2025-05-06,HYD,Hyderabad,37.8,0.0,49.49,92.71,False,False,No festival
2025-05-06,KOL,Kolkata,32.71,15.18,84.49,103.27,False,False,No festival
2025-05-06,MUM,Mumbai,34.45,0.0,63.48,70.76,False,False,No festival
2025-05-06,PUN,Pune,29.53,0.0,61.45,115.88,False,False,No festival
2025-05-07,AMD,Ahmedabad,43.29,0.0,36.07,128.75,True,False,No festival
2025-05-07,BLR,Bengaluru,28.68,0.0,70.0,88.47,False,False,No festival
2025-05-07,CHE,Chennai,33.68,0.0,75.88,62.01,False,False,No festival
2025-05-07,DEL,Delhi NCR,38.35,0.0,37.11,165.31,False,False,No festival
2025-05-07,HYD,Hyderabad,38.91,0.0,46.77,92.89,False,False,No festival
2025-05-07,KOL,Kolkata,35.67,0.0,68.04,108.79,False,False,No festival
2025-05-07,MUM,Mumbai,31.93,0.0,68.02,68.35,False,False,No festival
2025-05-07,PUN,Pune,35.0,0.0,49.09,104.67,False,False,No festival
2025-05-08,AMD,Ahmedabad,37.36,0.0,34.95,135.04,False,False,No festival
2025-05-08,BLR,Bengaluru,29.76,0.0,57.76,67.66,False,False,No festival
2025-05-08,CHE,Chennai,34.6,0.0,67.64,53.3,False,False,No festival
2025-05-08,DEL,Delhi NCR,39.41,0.0,50.29,148.81,False,False,No festival
2025-05-08,HYD,Hyderabad,34.57,0.0,49.67,108.97,False,False,No festival
2025-05-08,KOL,Kolkata,33.1,0.0,70.46,120.15,False,False,No festival
2025-05-08,MUM,Mumbai,29.45,0.0,74.7,110.46,False,False,No festival
2025-05-08,PUN,Pune,34.33,0.0,54.07,88.77,False,False,No festival
2025-05-09,AMD,Ahmedabad,38.82,0.0,40.08,98.62,False,False,No festival
2025-05-09,BLR,Bengaluru,32.27,0.0,60.46,67.44,False,False,No festival
2025-05-09,CHE,Chennai,30.58,0.0,69.12,93.99,False,False,No festival
2025-05-09,DEL,Delhi NCR,43.52,0.0,43.98,133.19,True,False,No festival
2025-05-09,HYD,Hyderabad,35.62,0.0,53.88,108.28,False,False,No festival
2025-05-09,KOL,Kolkata,34.67,0.0,62.85,121.31,False,False,No festival
2025-05-09,MUM,Mumbai,32.25,0.0,70.81,70.99,False,False,No festival
2025-05-09,PUN,Pune,33.57,0.0,56.27,78.31,False,False,No festival
2025-05-10,AMD,Ahmedabad,39.54,0.0,47.41,157.83,False,False,No festival
2025-05-10,BLR,Bengaluru,27.33,0.0,70.41,89.46,False,False,No festival
2025-05-10,CHE,Chennai,30.07,0.0,80.05,81.82,False,False,No festival
2025-05-10,DEL,Delhi NCR,41.39,0.0,43.72,169.58,True,False,No festival
2025-05-10,HYD,Hyderabad,33.26,0.0,42.44,95.18,False,False,No festival
2025-05-10,KOL,Kolkata,34.83,0.0,64.12,87.66,False,False,No festival
2025-05-10,MUM,Mumbai,33.32,0.0,71.52,62.0,False,False,No festival
2025-05-10,PUN,Pune,30.33,0.0,56.75,108.45,False,False,No festival
2025-05-11,AMD,Ahmedabad,41.77,0.0,31.79,100.2,True,False,No festival
2025-05-11,BLR,Bengaluru,29.67,0.0,58.47,74.65,False,False,No festival
2025-05-11,CHE,Chennai,35.2,0.0,67.94,87.48,False,False,No festival
2025-05-11,DEL,Delhi NCR,41.81,0.0,53.67,163.37,True,False,No festival
2025-05-11,HYD,Hyderabad,34.42,0.0,47.48,120.1,False,False,No festival
2025-05-11,KOL,Kolkata,36.68,0.0,75.94,109.98,False,False,No festival
2025-05-11,MUM,Mumbai,33.34,0.0,65.58,72.9,False,False,No festival
2025-05-11,PUN,Pune,33.08,0.0,53.13,124.09,False,False,No festival
2025-05-12,AMD,Ahmedabad,41.39,0.0,35.56,152.89,True,False,No festival
2025-05-12,BLR,Bengaluru,28.92,0.0,59.16,89.14,False,False,No festival
2025-05-12,CHE,Chennai,31.53,0.0,67.48,68.57,False,False,No festival
2025-05-12,DEL,Delhi NCR,40.18,0.0,49.17,192.61,True,False,No festival
2025-05-12,HYD,Hyderabad,37.28,0.0,54.92,112.08,False,False,No festival
2025-05-12,KOL,Kolkata,34.34,0.0,68.02,144.65,False,False,No festival
2025-05-12,MUM,Mumbai,33.04,0.0,71.64,91.75,False,False,No festival
2025-05-12,PUN,Pune,34.96,0.0,52.01,62.4,False,False,No festival
2025-05-13,AMD,Ahmedabad,37.71,0.0,42.26,139.7,False,False,No festival
2025-05-13,BLR,Bengaluru,29.35,0.0,60.28,66.17,False,False,No festival
2025-05-13,CHE,Chennai,34.39,0.0,71.63,140.5,False,False,No festival
2025-05-13,DEL,Delhi NCR,43.36,0.0,51.89,213.78,True,False,No festival
2025-05-13,HYD,Hyderabad,37.19,0.0,51.53,95.79,False,False,No festival
2025-05-13,KOL,Kolkata,30.67,0.0,71.46,118.22,False,False,No festival
2025-05-13,MUM,Mumbai,30.4,0.0,72.2,89.96,False,False,No festival
2025-05-13,PUN,Pune,31.59,0.0,58.1,61.93,False,False,No festival
2025-05-14,AMD,Ahmedabad,38.73,0.0,39.03,104.67,False,False,No festival
2025-05-14,BLR,Bengaluru,27.02,0.0,62.12,86.14,False,False,No festival
2025-05-14,CHE,Chennai,31.96,0.0,64.91,86.07,False,False,No festival
2025-05-14,DEL,Delhi NCR,42.68,0.0,47.97,155.32,True,False,No festival
2025-05-14,HYD,Hyderabad,32.08,5.44,69.96,111.81,False,False,No festival
2025-05-14,KOL,Kolkata,35.37,0.0,73.53,121.33,False,False,No festival
2025-05-14,MUM,Mumbai,31.93,0.0,68.72,87.55,False,False,No festival
2025-05-14,PUN,Pune,32.99,0.0,60.89,112.95,False,False,No festival
2025-05-15,AMD,Ahmedabad,40.75,0.0,36.13,96.2,True,False,No festival
2025-05-15,BLR,Bengaluru,29.0,0.0,61.91,74.38,False,False,No festival
2025-05-15,CHE,Chennai,31.89,0.0,73.06,86.65,False,False,No festival
2025-05-15,DEL,Delhi NCR,41.21,0.0,41.32,173.5,True,False,No festival
2025-05-15,HYD,Hyderabad,34.85,0.0,54.37,72.9,False,False,No festival
2025-05-15,KOL,Kolkata,32.96,0.0,75.66,132.63,False,False,No festival
2025-05-15,MUM,Mumbai,33.49,0.0,74.23,100.35,False,False,No festival
2025-05-15,PUN,Pune,30.65,0.0,52.56,97.44,False,False,No festival
2025-05-16,AMD,Ahmedabad,36.95,0.0,36.73,99.78,False,False,No festival
2025-05-16,BLR,Bengaluru,31.61,0.0,65.52,51.3,False,False,No festival
2025-05-16,CHE,Chennai,34.41,0.0,72.57,92.7,False,False,No festival
2025-05-16,DEL,Delhi NCR,40.82,0.0,40.27,160.36,True,False,No festival
2025-05-16,HYD,Hyderabad,33.53,0.0,56.62,76.28,False,False,No festival
2025-05-16,KOL,Kolkata,33.01,0.0,68.86,108.65,False,False,No festival
2025-05-16,MUM,Mumbai,32.08,0.0,72.75,111.39,False,False,No festival
2025-05-16,PUN,Pune,32.7,8.98,70.28,54.03,False,False,No festival
2025-05-17,AMD,Ahmedabad,38.06,0.0,37.39,88.58,False,False,No festival
2025-05-17,BLR,Bengaluru,28.6,1.31,73.07,70.76,False,False,No festival
2025-05-17,CHE,Chennai,29.32,0.0,79.79,90.26,False,False,No festival
2025-05-17,DEL,Delhi NCR,42.43,0.0,40.76,183.94,True,False,No festival
2025-05-17,HYD,Hyderabad,36.49,19.94,65.58,113.7,False,False,No festival
2025-05-17,KOL,Kolkata,34.51,0.0,72.73,114.87,False,False,No festival
2025-05-17,MUM,Mumbai,32.82,0.0,57.41,106.03,False,False,No festival
2025-05-17,PUN,Pune,32.73,0.0,52.65,71.35,False,False,No festival
2025-05-18,AMD,Ahmedabad,40.0,0.0,32.59,126.92,False,False,No festival
2025-05-18,BLR,Bengaluru,28.1,0.0,73.11,75.52,False,False,No festival
2025-05-18,CHE,Chennai,35.02,0.0,69.98,81.29,False,False,No festival
2025-05-18,DEL,Delhi NCR,40.46,0.0,45.87,177.67,True,False,No festival
2025-05-18,HYD,Hyderabad,33.77,0.0,50.55,60.81,False,False,No festival
2025-05-18,KOL,Kolkata,35.37,0.0,62.78,104.4,False,False,No festival
2025-05-18,MUM,Mumbai,33.55,0.0,72.86,109.53,False,False,No festival
2025-05-18,PUN,Pune,34.41,0.0,55.49,71.15,False,False,No festival
2025-05-19,AMD,Ahmedabad,38.42,0.0,44.58,152.28,False,False,No festival
2025-05-19,BLR,Bengaluru,34.0,0.0,60.66,25.75,False,False,No festival
2025-05-19,CHE,Chennai,30.37,0.0,74.5,103.32,False,False,No festival
2025-05-19,DEL,Delhi NCR,40.99,0.0,45.77,157.81,True,False,No festival
2025-05-19,HYD,Hyderabad,35.95,0.0,56.04,80.51,False,False,No festival
2025-05-19,KOL,Kolkata,34.19,0.0,66.93,138.58,False,False,No festival
2025-05-19,MUM,Mumbai,32.36,0.0,68.28,92.12,False,False,No festival
2025-05-19,PUN,Pune,29.29,0.0,57.67,105.99,False,False,No festival
2025-05-20,AMD,Ahmedabad,39.28,0.0,41.49,155.38,False,False,No festival
2025-05-20,BLR,Bengaluru,29.34,0.0,61.06,97.48,False,False,No festival
2025-05-20,CHE,Chennai,31.25,0.0,75.44,84.37,False,False,No festival
2025-05-20,DEL,Delhi NCR,39.86,3.97,61.07,162.67,False,False,No festival
2025-05-20,HYD,Hyderabad,34.79,0.0,46.97,91.07,False,False,No festival
2025-05-20,KOL,Kolkata,35.62,0.0,61.51,138.62,False,False,No festival
2025-05-20,MUM,Mumbai,34.98,0.0,61.12,135.08,False,False,No festival
2025-05-20,PUN,Pune,32.41,0.0,54.86,84.7,False,False,No festival
2025-05-21,AMD,Ahmedabad,38.21,0.0,37.67,133.72,False,False,No festival
2025-05-21,BLR,Bengaluru,30.22,0.0,63.23,45.47,False,False,No festival
2025-05-21,CHE,Chennai,35.45,0.0,79.06,76.3,False,False,No festival
2025-05-21,DEL,Delhi NCR,40.19,0.0,50.84,162.93,True,False,No festival
2025-05-21,HYD,Hyderabad,35.26,0.0,58.85,83.68,False,False,No festival
2025-05-21,KOL,Kolkata,33.53,0.0,72.53,149.1,False,False,No festival
2025-05-21,MUM,Mumbai,31.88,0.0,76.45,129.08,False,False,No festival
2025-05-21,PUN,Pune,30.87,0.0,54.02,108.24,False,False,No festival
2025-05-22,AMD,Ahmedabad,41.68,0.0,43.74,131.01,True,False,No festival
2025-05-22,BLR,Bengaluru,30.9,0.0,63.76,103.76,False,False,No festival
2025-05-22,CHE,Chennai,34.07,14.16,79.47,51.84,False,False,No festival
2025-05-22,DEL,Delhi NCR,39.29,0.0,51.19,177.74,False,False,No festival
2025-05-22,HYD,Hyderabad,36.6,0.0,51.41,107.52,False,False,No festival
2025-05-22,KOL,Kolkata,33.85,0.0,72.42,158.78,False,False,No festival
2025-05-22,MUM,Mumbai,29.95,0.0,70.98,97.57,False,False,No festival
2025-05-22,PUN,Pune,33.41,0.0,50.97,71.72,False,False,No festival
2025-05-23,AMD,Ahmedabad,39.79,0.0,46.7,130.59,False,False,No festival
2025-05-23,BLR,Bengaluru,29.32,0.0,60.08,71.42,False,False,No festival
2025-05-23,CHE,Chennai,31.42,0.0,66.57,95.6,False,False,No festival
2025-05-23,DEL,Delhi NCR,42.79,0.0,43.51,169.43,True,False,No festival
2025-05-23,HYD,Hyderabad,36.74,0.0,48.16,82.08,False,False,No festival
2025-05-23,KOL,Kolkata,31.92,0.0,78.77,134.53,False,False,No festival
2025-05-23,MUM,Mumbai,35.55,0.0,76.31,107.54,False,False,No festival
2025-05-23,PUN,Pune,29.83,0.0,62.86,67.27,False,False,No festival
2025-05-24,AMD,Ahmedabad,35.67,0.0,53.0,78.31,False,False,No festival
2025-05-24,BLR,Bengaluru,27.5,0.0,66.26,70.55,False,False,No festival
2025-05-24,CHE,Chennai,36.19,0.0,73.84,57.3,False,False,No festival
2025-05-24,DEL,Delhi NCR,39.03,0.0,51.21,229.11,False,False,No festival
2025-05-24,HYD,Hyderabad,37.98,0.0,49.99,92.78,False,False,No festival
2025-05-24,KOL,Kolkata,34.98,0.0,57.74,107.12,False,False,No festival
2025-05-24,MUM,Mumbai,30.51,0.0,68.07,76.07,False,False,No festival
2025-05-24,PUN,Pune,29.17,0.0,59.02,96.24,False,False,No festival
2025-05-25,AMD,Ahmedabad,39.71,0.0,36.45,88.68,False,False,No festival
2025-05-25,BLR,Bengaluru,31.2,0.0,54.58,103.38,False,False,No festival
2025-05-25,CHE,Chennai,33.38,0.0,67.6,78.64,False,False,No festival
2025-05-25,DEL,Delhi NCR,40.77,0.0,37.8,169.81,True,False,No festival
2025-05-25,HYD,Hyderabad,33.59,0.0,54.25,82.49,False,False,No festival
2025-05-25,KOL,Kolkata,33.02,0.0,65.54,119.77,False,False,No festival
2025-05-25,MUM,Mumbai,32.84,0.0,76.01,96.11,False,False,No festival
2025-05-25,PUN,Pune,31.71,0.0,66.79,93.87,False,False,No festival
2025-05-26,AMD,Ahmedabad,41.41,2.64,46.32,82.77,True,False,No festival
2025-05-26,BLR,Bengaluru,28.54,0.0,62.18,100.91,False,False,No festival
2025-05-26,CHE,Chennai,34.39,0.0,69.27,71.69,False,False,No festival
2025-05-26,DEL,Delhi NCR,38.29,0.0,40.2,156.71,False,False,No festival
2025-05-26,HYD,Hyderabad,37.23,0.0,52.47,98.04,False,False,No festival
2025-05-26,KOL,Kolkata,33.68,0.0,70.09,156.94,False,False,No festival
2025-05-26,MUM,Mumbai,32.24,0.0,68.45,91.82,False,False,No festival
2025-05-26,PUN,Pune,28.75,5.32,67.88,41.88,False,False,No festival
2025-05-27,AMD,Ahmedabad,38.99,0.0,43.92,108.16,False,False,No festival
2025-05-27,BLR,Bengaluru,25.52,0.0,68.67,102.67,False,False,No festival
2025-05-27,CHE,Chennai,35.25,0.0,72.11,149.84,False,False,No festival
2025-05-27,DEL,Delhi NCR,39.8,0.0,43.61,133.78,False,False,No festival
2025-05-27,HYD,Hyderabad,36.54,0.0,56.72,82.8,False,False,No festival
2025-05-27,KOL,Kolkata,34.53,0.0,68.98,115.3,False,False,No festival
2025-05-27,MUM,Mumbai,32.86,0.0,68.67,113.42,False,False,No festival
2025-05-27,PUN,Pune,31.79,0.0,53.9,69.78,False,False,No festival
2025-05-28,AMD,Ahmedabad,41.7,5.16,51.97,102.4,True,False,No festival
2025-05-28,BLR,Bengaluru,32.14,0.0,64.04,91.97,False,False,No festival
2025-05-28,CHE,Chennai,34.34,0.0,69.44,86.68,False,False,No festival
2025-05-28,DEL,Delhi NCR,42.36,0.0,52.23,158.79,True,False,No festival
2025-05-28,HYD,Hyderabad,33.18,0.0,59.58,93.97,False,False,No festival
2025-05-28,KOL,Kolkata,33.7,0.0,70.21,131.17,False,False,No festival
2025-05-28,MUM,Mumbai,32.92,0.0,70.53,104.94,False,False,No festival
2025-05-28,PUN,Pune,30.18,0.0,61.07,69.04,False,False,No festival
2025-05-29,AMD,Ahmedabad,37.28,0.0,45.44,105.27,False,False,No festival
2025-05-29,BLR,Bengaluru,29.64,0.0,59.58,68.32,False,False,No festival
2025-05-29,CHE,Chennai,33.61,0.0,62.48,89.7,False,False,No festival
2025-05-29,DEL,Delhi NCR,39.8,0.0,47.17,178.21,False,False,No festival
2025-05-29,HYD,Hyderabad,35.51,0.0,44.2,83.97,False,False,No festival
2025-05-29,KOL,Kolkata,32.3,0.0,65.38,134.21,False,False,No festival
2025-05-29,MUM,Mumbai,32.66,0.0,74.49,93.91,False,False,No festival
2025-05-29,PUN,Pune,30.32,0.0,61.96,100.76,False,False,No festival
2025-05-30,AMD,Ahmedabad,41.04,0.0,36.68,102.16,True,False,No festival
2025-05-30,BLR,Bengaluru,28.07,0.0,58.57,94.17,False,False,No festival
2025-05-30,CHE,Chennai,30.17,0.0,72.03,62.85,False,False,No festival
2025-05-30,DEL,Delhi NCR,36.35,0.0,46.51,169.26,False,False,No festival
2025-05-30,HYD,Hyderabad,33.31,0.0,54.4,118.89,False,False,No festival
2025-05-30,KOL,Kolkata,33.45,0.0,62.73,149.1,False,False,No festival
2025-05-30,MUM,Mumbai,31.89,0.0,73.79,107.27,False,False,No festival
2025-05-30,PUN,Pune,34.19,0.0,51.23,65.34,False,False,No festival
2025-05-31,AMD,Ahmedabad,41.59,0.0,38.59,118.26,True,False,No festival
2025-05-31,BLR,Bengaluru,28.14,0.0,60.04,94.96,False,False,No festival
2025-05-31,CHE,Chennai,30.88,0.0,79.36,100.72,False,False,No festival
2025-05-31,DEL,Delhi NCR,36.57,0.0,56.91,168.45,False,False,No festival
2025-05-31,HYD,Hyderabad,36.5,0.0,56.48,87.95,False,False,No festival
2025-05-31,KOL,Kolkata,35.37,0.0,72.65,87.79,False,False,No festival
2025-05-31,MUM,Mumbai,33.69,0.0,61.92,69.96,False,False,No festival
2025-05-31,PUN,Pune,31.08,0.0,65.44,76.88,False,False,No festival
2025-06-01,AMD,Ahmedabad,38.12,0.0,37.13,115.45,False,False,No festival
2025-06-01,BLR,Bengaluru,28.82,0.0,68.66,61.19,False,False,No festival
2025-06-01,CHE,Chennai,33.37,35.05,83.11,43.1,False,False,No festival
2025-06-01,DEL,Delhi NCR,36.54,0.0,40.7,141.59,False,False,No festival
2025-06-01,HYD,Hyderabad,35.9,3.39,63.78,95.96,False,False,No festival
2025-06-01,KOL,Kolkata,35.66,5.75,73.21,115.32,False,False,No festival
2025-06-01,MUM,Mumbai,33.5,0.0,71.12,138.78,False,False,No festival
2025-06-01,PUN,Pune,29.35,6.92,65.28,64.02,False,False,No festival
2025-06-02,AMD,Ahmedabad,40.97,9.65,50.31,112.48,True,False,No festival
2025-06-02,BLR,Bengaluru,30.28,19.62,57.76,52.22,False,False,No festival
2025-06-02,CHE,Chennai,33.34,4.32,90.67,117.6,False,False,No festival
2025-06-02,DEL,Delhi NCR,39.91,1.81,52.48,179.72,False,False,No festival
2025-06-02,HYD,Hyderabad,36.9,0.0,57.43,98.6,False,False,No festival
2025-06-02,KOL,Kolkata,34.89,3.34,85.11,125.01,False,False,No festival
2025-06-02,MUM,Mumbai,31.65,23.95,79.4,56.36,False,False,No festival
2025-06-02,PUN,Pune,28.57,0.0,50.2,71.92,False,False,No festival
2025-06-03,AMD,Ahmedabad,35.79,0.0,44.75,121.22,False,False,No festival
2025-06-03,BLR,Bengaluru,26.63,0.0,70.46,72.38,False,False,No festival
2025-06-03,CHE,Chennai,32.55,0.0,62.88,104.66,False,False,No festival
2025-06-03,DEL,Delhi NCR,39.06,4.05,57.93,116.42,False,False,No festival
2025-06-03,HYD,Hyderabad,38.34,0.0,47.13,116.04,False,False,No festival
2025-06-03,KOL,Kolkata,37.26,10.39,76.93,108.91,False,False,No festival
2025-06-03,MUM,Mumbai,33.78,5.73,75.88,86.62,False,False,No festival
2025-06-03,PUN,Pune,34.48,8.66,72.07,140.25,False,False,No festival
2025-06-04,AMD,Ahmedabad,39.43,0.0,39.07,98.09,False,False,No festival
2025-06-04,BLR,Bengaluru,29.53,0.0,64.54,25.0,False,False,No festival
2025-06-04,CHE,Chennai,37.25,0.0,74.09,97.06,False,False,No festival
2025-06-04,DEL,Delhi NCR,35.67,0.0,58.96,178.45,False,False,No festival
2025-06-04,HYD,Hyderabad,34.16,0.0,52.94,104.94,False,False,No festival
2025-06-04,KOL,Kolkata,36.23,0.0,61.61,124.52,False,False,No festival
2025-06-04,MUM,Mumbai,30.71,0.0,75.59,82.46,False,False,No festival
2025-06-04,PUN,Pune,35.28,0.0,49.78,99.13,False,False,No festival
2025-06-05,AMD,Ahmedabad,42.43,7.38,52.04,129.46,True,False,No festival
2025-06-05,BLR,Bengaluru,28.27,0.0,60.17,85.76,False,False,No festival
2025-06-05,CHE,Chennai,32.67,0.0,69.27,70.98,False,False,No festival
2025-06-05,DEL,Delhi NCR,38.31,0.0,45.79,151.41,False,False,No festival
2025-06-05,HYD,Hyderabad,33.89,0.0,50.36,96.82,False,False,No festival
2025-06-05,KOL,Kolkata,34.71,15.97,83.73,99.74,False,False,No festival
2025-06-05,MUM,Mumbai,33.93,6.64,85.82,80.19,False,False,No festival
2025-06-05,PUN,Pune,33.29,25.22,63.97,103.28,False,False,No festival
2025-06-06,AMD,Ahmedabad,38.38,0.0,44.55,127.65,False,False,No festival
2025-06-06,BLR,Bengaluru,30.07,0.0,62.11,97.9,False,False,No festival
2025-06-06,CHE,Chennai,34.72,56.72,84.88,99.64,False,False,No festival
2025-06-06,DEL,Delhi NCR,41.11,0.0,44.46,179.68,True,False,No festival
2025-06-06,HYD,Hyderabad,35.08,0.0,61.8,84.02,False,False,No festival
2025-06-06,KOL,Kolkata,34.14,0.0,66.18,121.07,False,False,No festival
2025-06-06,MUM,Mumbai,29.59,7.92,88.96,99.09,False,False,No festival
2025-06-06,PUN,Pune,31.32,0.0,50.7,86.78,False,False,No festival
2025-06-07,AMD,Ahmedabad,38.72,0.0,36.64,88.25,False,False,No festival
2025-06-07,BLR,Bengaluru,30.54,0.0,58.72,105.4,False,False,No festival
2025-06-07,CHE,Chennai,33.65,0.0,78.98,70.65,False,False,No festival
2025-06-07,DEL,Delhi NCR,41.91,0.0,38.72,149.8,True,False,No festival
2025-06-07,HYD,Hyderabad,34.29,0.0,57.85,92.81,False,False,No festival
2025-06-07,KOL,Kolkata,33.47,0.0,68.19,100.09,False,False,No festival
2025-06-07,MUM,Mumbai,36.27,0.0,69.5,88.82,False,False,No festival
2025-06-07,PUN,Pune,30.57,0.0,56.3,58.42,False,False,No festival
2025-06-08,AMD,Ahmedabad,38.2,0.0,32.6,82.92,False,False,No festival
2025-06-08,BLR,Bengaluru,30.1,0.0,57.96,96.62,False,False,No festival
2025-06-08,CHE,Chennai,35.99,0.0,64.04,60.79,False,False,No festival
2025-06-08,DEL,Delhi NCR,37.04,0.0,52.92,177.0,False,False,No festival
2025-06-08,HYD,Hyderabad,37.81,0.0,42.94,134.63,False,False,No festival
2025-06-08,KOL,Kolkata,31.39,0.0,80.98,84.64,False,False,No festival
2025-06-08,MUM,Mumbai,29.55,4.84,83.7,112.05,False,False,No festival
2025-06-08,PUN,Pune,31.81,0.0,65.43,47.87,False,False,No festival
2025-06-09,AMD,Ahmedabad,39.77,14.15,54.66,92.44,False,False,No festival
2025-06-09,BLR,Bengaluru,27.03,4.49,69.91,50.14,False,False,No festival
2025-06-09,CHE,Chennai,32.85,15.4,90.85,67.55,False,False,No festival
2025-06-09,DEL,Delhi NCR,38.99,0.0,44.1,148.35,False,False,No festival
2025-06-09,HYD,Hyderabad,36.35,0.0,51.95,114.41,False,False,No festival
2025-06-09,KOL,Kolkata,32.17,0.0,66.07,132.16,False,False,No festival
2025-06-09,MUM,Mumbai,32.86,30.34,86.62,121.78,False,False,No festival
2025-06-09,PUN,Pune,33.72,0.0,58.52,121.11,False,False,No festival
2025-06-10,AMD,Ahmedabad,39.48,1.05,59.28,99.84,False,False,No festival
2025-06-10,BLR,Bengaluru,28.17,2.97,72.45,92.92,False,False,No festival
2025-06-10,CHE,Chennai,31.62,0.0,72.81,95.42,False,False,No festival
2025-06-10,DEL,Delhi NCR,37.83,6.88,65.66,137.28,False,False,No festival
2025-06-10,HYD,Hyderabad,37.67,0.0,49.34,52.63,False,False,No festival
2025-06-10,KOL,Kolkata,35.58,0.0,63.73,106.04,False,False,No festival
2025-06-10,MUM,Mumbai,34.66,11.58,90.68,62.41,False,False,No festival
2025-06-10,PUN,Pune,33.23,0.0,57.97,44.64,False,False,No festival
2025-06-11,AMD,Ahmedabad,37.74,0.0,47.4,79.43,False,False,No festival
2025-06-11,BLR,Bengaluru,28.16,0.0,66.5,68.3,False,False,No festival
2025-06-11,CHE,Chennai,35.31,0.0,68.42,93.1,False,False,No festival
2025-06-11,DEL,Delhi NCR,39.78,0.0,50.47,185.3,False,False,No festival
2025-06-11,HYD,Hyderabad,36.67,6.2,70.76,109.14,False,False,No festival
2025-06-11,KOL,Kolkata,31.92,9.65,80.33,88.92,False,False,No festival
2025-06-11,MUM,Mumbai,32.2,0.0,60.7,141.97,False,False,No festival
2025-06-11,PUN,Pune,32.67,0.0,60.27,68.2,False,False,No festival
2025-06-12,AMD,Ahmedabad,40.31,0.0,40.48,104.0,True,False,No festival
2025-06-12,BLR,Bengaluru,29.35,0.0,55.94,72.83,False,False,No festival
2025-06-12,CHE,Chennai,30.93,25.81,76.57,85.36,False,False,No festival
2025-06-12,DEL,Delhi NCR,38.76,0.0,41.82,164.65,False,False,No festival
2025-06-12,HYD,Hyderabad,35.15,0.0,57.34,81.58,False,False,No festival
2025-06-12,KOL,Kolkata,33.2,0.0,67.91,105.8,False,False,No festival
2025-06-12,MUM,Mumbai,34.92,0.0,64.73,114.1,False,False,No festival
2025-06-12,PUN,Pune,32.3,0.0,55.41,81.03,False,False,No festival
2025-06-13,AMD,Ahmedabad,36.99,0.0,43.1,123.89,False,False,No festival
2025-06-13,BLR,Bengaluru,29.16,17.59,72.21,52.19,False,False,No festival
2025-06-13,CHE,Chennai,32.22,0.0,72.23,95.51,False,False,No festival
2025-06-13,DEL,Delhi NCR,40.21,4.19,56.12,170.6,True,False,No festival
2025-06-13,HYD,Hyderabad,35.51,7.0,57.49,86.84,False,False,No festival
2025-06-13,KOL,Kolkata,38.18,17.56,79.67,115.3,False,False,No festival
2025-06-13,MUM,Mumbai,35.96,2.63,83.58,69.59,False,False,No festival
2025-06-13,PUN,Pune,26.45,0.0,62.2,94.85,False,False,No festival
2025-06-14,AMD,Ahmedabad,32.94,0.0,43.27,108.97,False,False,No festival
2025-06-14,BLR,Bengaluru,29.24,0.0,59.03,82.71,False,False,No festival
2025-06-14,CHE,Chennai,33.88,28.27,76.48,96.2,False,False,No festival
2025-06-14,DEL,Delhi NCR,38.98,0.0,37.3,162.47,False,False,No festival
2025-06-14,HYD,Hyderabad,37.5,0.0,45.37,115.36,False,False,No festival
2025-06-14,KOL,Kolkata,35.22,0.0,62.68,71.55,False,False,No festival
2025-06-14,MUM,Mumbai,31.67,0.0,67.12,86.92,False,False,No festival
2025-06-14,PUN,Pune,29.72,0.0,58.02,85.26,False,False,No festival
2025-06-15,AMD,Ahmedabad,35.59,4.07,60.78,128.29,False,False,No festival
2025-06-15,BLR,Bengaluru,27.62,0.0,63.8,95.86,False,False,No festival
2025-06-15,CHE,Chennai,32.96,5.0,89.07,83.27,False,False,No festival
2025-06-15,DEL,Delhi NCR,36.43,0.0,45.06,190.81,False,False,No festival
2025-06-15,HYD,Hyderabad,34.48,0.0,57.29,76.36,False,False,No festival
2025-06-15,KOL,Kolkata,31.67,0.0,75.68,133.39,False,False,No festival
2025-06-15,MUM,Mumbai,33.32,0.0,71.9,113.84,False,False,No festival
2025-06-15,PUN,Pune,31.53,28.3,67.34,96.65,False,False,No festival
2025-06-16,AMD,Ahmedabad,36.75,0.0,43.17,123.94,False,False,No festival
2025-06-16,BLR,Bengaluru,30.85,0.0,60.71,72.67,False,False,No festival
2025-06-16,CHE,Chennai,31.1,0.0,76.72,85.62,False,False,No festival
2025-06-16,DEL,Delhi NCR,39.93,0.0,43.84,152.5,False,False,No festival
2025-06-16,HYD,Hyderabad,31.3,0.0,63.28,100.08,False,False,No festival
2025-06-16,KOL,Kolkata,35.21,10.14,75.15,115.73,False,False,No festival
2025-06-16,MUM,Mumbai,29.57,0.0,67.78,66.09,False,False,No festival
2025-06-16,PUN,Pune,29.9,0.0,59.74,119.44,False,False,No festival
2025-06-17,AMD,Ahmedabad,38.44,2.18,51.38,91.14,False,False,No festival
2025-06-17,BLR,Bengaluru,31.59,4.42,71.9,70.11,False,False,No festival
2025-06-17,CHE,Chennai,34.15,24.88,87.54,113.71,False,False,No festival
2025-06-17,DEL,Delhi NCR,35.49,0.0,45.17,137.75,False,False,No festival
2025-06-17,HYD,Hyderabad,34.58,0.0,57.58,77.76,False,False,No festival
2025-06-17,KOL,Kolkata,33.53,6.02,69.04,113.3,False,False,No festival
2025-06-17,MUM,Mumbai,34.49,27.32,83.89,102.63,False,False,No festival
2025-06-17,PUN,Pune,30.53,0.0,60.72,58.85,False,False,No festival
2025-06-18,AMD,Ahmedabad,38.48,0.0,43.8,94.99,False,False,No festival
2025-06-18,BLR,Bengaluru,26.19,0.0,58.39,65.76,False,False,No festival
2025-06-18,CHE,Chennai,30.07,0.0,72.44,70.05,False,False,No festival
2025-06-18,DEL,Delhi NCR,40.52,0.0,44.35,164.2,True,False,No festival
2025-06-18,HYD,Hyderabad,36.94,0.0,49.14,100.88,False,False,No festival
2025-06-18,KOL,Kolkata,32.11,0.0,59.22,132.07,False,False,No festival
2025-06-18,MUM,Mumbai,35.56,36.53,77.66,90.84,False,False,No festival
2025-06-18,PUN,Pune,29.28,15.52,69.26,58.21,False,False,No festival
2025-06-19,AMD,Ahmedabad,36.64,0.0,44.06,64.65,False,False,No festival
2025-06-19,BLR,Bengaluru,28.08,12.21,72.89,76.1,False,False,No festival
2025-06-19,CHE,Chennai,30.85,0.0,71.82,101.69,False,False,No festival
2025-06-19,DEL,Delhi NCR,40.13,0.0,44.82,124.47,True,False,No festival
2025-06-19,HYD,Hyderabad,34.67,0.0,41.07,94.38,False,False,No festival
2025-06-19,KOL,Kolkata,35.07,0.0,72.38,141.08,False,False,No festival
2025-06-19,MUM,Mumbai,33.78,16.52,85.44,92.6,False,False,No festival
2025-06-19,PUN,Pune,32.44,12.84,65.2,120.42,False,False,No festival
2025-06-20,AMD,Ahmedabad,35.44,6.35,55.32,88.32,False,False,No festival
2025-06-20,BLR,Bengaluru,28.02,0.0,64.09,54.87,False,False,No festival
2025-06-20,CHE,Chennai,34.43,0.0,77.63,78.15,False,False,No festival
2025-06-20,DEL,Delhi NCR,38.01,0.0,46.75,173.28,False,False,No festival
2025-06-20,HYD,Hyderabad,35.6,5.17,68.42,95.47,False,False,No festival
2025-06-20,KOL,Kolkata,35.19,0.0,63.41,131.47,False,False,No festival
2025-06-20,MUM,Mumbai,29.21,0.0,66.21,87.98,False,False,No festival
2025-06-20,PUN,Pune,28.88,0.0,59.63,45.78,False,False,No festival
2025-06-21,AMD,Ahmedabad,38.78,8.45,59.21,128.03,False,False,No festival
2025-06-21,BLR,Bengaluru,29.97,7.56,74.71,88.22,False,False,No festival
2025-06-21,CHE,Chennai,32.3,3.89,79.81,88.95,False,False,No festival
2025-06-21,DEL,Delhi NCR,41.62,0.0,48.09,141.09,True,False,No festival
2025-06-21,HYD,Hyderabad,36.98,4.39,66.69,74.89,False,False,No festival
2025-06-21,KOL,Kolkata,32.03,0.0,67.13,105.64,False,False,No festival
2025-06-21,MUM,Mumbai,30.49,2.23,78.17,113.36,False,False,No festival
2025-06-21,PUN,Pune,30.04,0.0,57.58,46.16,False,False,No festival
2025-06-22,AMD,Ahmedabad,37.02,0.0,45.23,111.8,False,False,No festival
2025-06-22,BLR,Bengaluru,29.71,0.0,66.22,68.36,False,False,No festival
2025-06-22,CHE,Chennai,33.34,14.91,87.27,105.88,False,False,No festival
2025-06-22,DEL,Delhi NCR,39.16,0.0,46.14,167.29,False,False,No festival
2025-06-22,HYD,Hyderabad,37.27,0.0,44.43,74.76,False,False,No festival
2025-06-22,KOL,Kolkata,32.94,0.0,68.5,109.37,False,False,No festival
2025-06-22,MUM,Mumbai,31.67,16.75,85.93,85.06,False,False,No festival
2025-06-22,PUN,Pune,30.31,0.0,55.33,76.41,False,False,No festival
2025-06-23,AMD,Ahmedabad,36.96,0.0,46.38,115.27,False,False,No festival
2025-06-23,BLR,Bengaluru,28.2,0.0,66.7,72.27,False,False,No festival
2025-06-23,CHE,Chennai,33.77,0.0,62.28,83.52,False,False,No festival
2025-06-23,DEL,Delhi NCR,40.55,0.0,43.71,180.73,True,False,No festival
2025-06-23,HYD,Hyderabad,32.47,1.5,65.54,51.01,False,False,No festival
2025-06-23,KOL,Kolkata,35.39,0.0,66.21,131.63,False,False,No festival
2025-06-23,MUM,Mumbai,29.6,27.42,88.62,135.07,False,False,No festival
2025-06-23,PUN,Pune,32.37,0.0,55.87,83.62,False,False,No festival
2025-06-24,AMD,Ahmedabad,36.4,0.0,42.21,115.31,False,False,No festival
2025-06-24,BLR,Bengaluru,29.22,0.0,63.9,100.41,False,False,No festival
2025-06-24,CHE,Chennai,32.69,0.0,76.73,104.73,False,False,No festival
2025-06-24,DEL,Delhi NCR,34.93,0.0,37.39,166.19,False,False,No festival
2025-06-24,HYD,Hyderabad,35.28,0.0,60.7,70.11,False,False,No festival
2025-06-24,KOL,Kolkata,31.79,9.05,78.13,111.76,False,False,No festival
2025-06-24,MUM,Mumbai,29.92,3.21,86.67,61.94,False,False,No festival
2025-06-24,PUN,Pune,31.69,0.0,60.78,121.33,False,False,No festival
2025-06-25,AMD,Ahmedabad,35.99,0.0,47.74,120.44,False,False,No festival
2025-06-25,BLR,Bengaluru,31.26,0.0,63.24,88.53,False,False,No festival
2025-06-25,CHE,Chennai,34.43,0.0,69.53,96.75,False,False,No festival
2025-06-25,DEL,Delhi NCR,38.34,0.0,46.06,159.57,False,False,No festival
2025-06-25,HYD,Hyderabad,33.54,0.0,59.87,145.2,False,False,No festival
2025-06-25,KOL,Kolkata,37.76,0.0,60.96,125.19,False,False,No festival
2025-06-25,MUM,Mumbai,32.65,0.0,71.27,77.76,False,False,No festival
2025-06-25,PUN,Pune,33.35,25.48,68.65,114.2,False,False,No festival
2025-06-26,AMD,Ahmedabad,38.85,0.0,37.21,133.6,False,False,No festival
2025-06-26,BLR,Bengaluru,27.2,0.0,74.48,92.52,False,False,No festival
2025-06-26,CHE,Chennai,32.8,0.0,66.51,37.06,False,False,No festival
2025-06-26,DEL,Delhi NCR,36.23,0.0,33.44,161.64,False,False,No festival
2025-06-26,HYD,Hyderabad,37.05,6.45,59.25,92.02,False,False,No festival
2025-06-26,KOL,Kolkata,31.43,0.0,66.32,129.81,False,False,No festival
2025-06-26,MUM,Mumbai,34.3,31.88,74.09,130.92,False,False,No festival
2025-06-26,PUN,Pune,30.42,0.0,58.73,125.02,False,False,No festival
2025-06-27,AMD,Ahmedabad,40.04,0.0,44.85,104.28,True,False,No festival
2025-06-27,BLR,Bengaluru,31.43,0.0,64.0,126.77,False,False,No festival
2025-06-27,CHE,Chennai,32.48,0.0,75.22,99.44,False,False,No festival
2025-06-27,DEL,Delhi NCR,40.77,0.0,47.13,149.59,True,False,No festival
2025-06-27,HYD,Hyderabad,35.92,0.0,56.94,117.95,False,False,No festival
2025-06-27,KOL,Kolkata,31.08,21.33,91.01,132.1,False,False,No festival
2025-06-27,MUM,Mumbai,30.59,0.0,69.13,104.15,False,False,No festival
2025-06-27,PUN,Pune,29.65,0.0,68.55,100.65,False,False,No festival
2025-06-28,AMD,Ahmedabad,36.96,0.0,49.09,107.4,False,False,No festival
2025-06-28,BLR,Bengaluru,29.0,0.0,59.11,92.69,False,False,No festival
2025-06-28,CHE,Chennai,35.63,0.0,69.09,57.03,False,False,No festival
2025-06-28,DEL,Delhi NCR,40.38,3.85,69.12,136.69,True,False,No festival
2025-06-28,HYD,Hyderabad,35.35,0.0,60.5,136.53,False,False,No festival
2025-06-28,KOL,Kolkata,31.52,16.61,78.95,126.96,False,False,No festival
2025-06-28,MUM,Mumbai,32.95,44.86,83.2,82.03,False,False,No festival
2025-06-28,PUN,Pune,29.63,0.0,59.92,104.28,False,False,No festival
2025-06-29,AMD,Ahmedabad,35.11,3.81,48.15,111.76,False,False,No festival
2025-06-29,BLR,Bengaluru,28.08,0.0,62.56,49.53,False,False,No festival
2025-06-29,CHE,Chennai,36.08,0.0,79.96,80.12,False,False,No festival
2025-06-29,DEL,Delhi NCR,39.06,0.0,42.23,131.64,False,False,No festival
2025-06-29,HYD,Hyderabad,31.07,0.0,58.33,117.68,False,False,No festival
2025-06-29,KOL,Kolkata,33.56,0.0,63.67,114.53,False,False,No festival
2025-06-29,MUM,Mumbai,31.71,0.0,68.17,69.0,False,False,No festival
2025-06-29,PUN,Pune,30.27,8.8,72.39,61.91,False,False,No festival
2025-06-30,AMD,Ahmedabad,35.42,0.0,45.29,76.52,False,False,No festival
2025-06-30,BLR,Bengaluru,29.21,0.0,57.91,97.19,False,False,No festival
2025-06-30,CHE,Chennai,33.02,9.13,80.91,86.13,False,False,No festival
2025-06-30,DEL,Delhi NCR,35.71,0.0,52.76,128.75,False,False,No festival
2025-06-30,HYD,Hyderabad,33.86,0.0,47.74,62.32,False,False,No festival
2025-06-30,KOL,Kolkata,31.02,0.0,68.61,146.91,False,False,No festival
2025-06-30,MUM,Mumbai,30.86,0.0,77.12,85.04,False,False,No festival
2025-06-30,PUN,Pune,32.28,0.0,65.49,74.72,False,False,No festival
2025-07-01,AMD,Ahmedabad,39.19,0.0,41.29,134.2,False,False,No festival
2025-07-01,BLR,Bengaluru,27.57,0.0,64.88,74.29,False,False,No festival
2025-07-01,CHE,Chennai,34.82,0.0,72.71,94.62,False,False,No festival
2025-07-01,DEL,Delhi NCR,38.5,0.0,46.86,193.14,False,False,No festival
2025-07-01,HYD,Hyderabad,33.59,0.0,51.91,105.09,False,False,No festival
2025-07-01,KOL,Kolkata,33.03,1.75,76.04,124.29,False,False,No festival
2025-07-01,MUM,Mumbai,28.09,12.22,83.58,52.84,False,False,No festival
2025-07-01,PUN,Pune,29.79,0.0,57.78,79.25,False,False,No festival
2025-07-02,AMD,Ahmedabad,36.9,0.0,53.88,61.7,False,False,No festival
2025-07-02,BLR,Bengaluru,30.82,16.16,78.78,69.21,False,False,No festival
2025-07-02,CHE,Chennai,31.98,1.62,77.46,81.85,False,False,No festival
2025-07-02,DEL,Delhi NCR,37.71,0.0,47.3,139.12,False,False,No festival
2025-07-02,HYD,Hyderabad,33.17,0.0,57.65,77.69,False,False,No festival
2025-07-02,KOL,Kolkata,34.01,0.0,62.11,136.8,False,False,No festival
2025-07-02,MUM,Mumbai,35.78,1.98,82.46,55.91,False,False,No festival
2025-07-02,PUN,Pune,30.47,0.0,53.57,68.97,False,False,No festival
2025-07-03,AMD,Ahmedabad,35.31,0.0,39.97,79.35,False,False,No festival
2025-07-03,BLR,Bengaluru,27.52,0.0,67.22,61.97,False,False,No festival
2025-07-03,CHE,Chennai,33.51,0.0,68.27,88.12,False,False,No festival
2025-07-03,DEL,Delhi NCR,37.95,0.0,45.28,169.56,False,False,No festival
2025-07-03,HYD,Hyderabad,34.27,0.0,52.11,114.5,False,False,No festival
2025-07-03,KOL,Kolkata,33.18,19.78,82.1,130.92,False,False,No festival
2025-07-03,MUM,Mumbai,33.01,3.95,81.3,141.88,False,False,No festival
2025-07-03,PUN,Pune,31.13,19.46,77.31,79.28,False,False,No festival
2025-07-04,AMD,Ahmedabad,36.88,0.0,39.03,77.92,False,False,No festival
2025-07-04,BLR,Bengaluru,26.2,0.0,68.24,76.57,False,False,No festival
2025-07-04,CHE,Chennai,32.91,0.0,76.41,111.14,False,False,No festival
2025-07-04,DEL,Delhi NCR,41.4,3.37,59.14,139.62,True,False,No festival
2025-07-04,HYD,Hyderabad,34.86,0.0,49.36,77.09,False,False,No festival
2025-07-04,KOL,Kolkata,36.91,5.23,76.89,135.24,False,False,No festival
2025-07-04,MUM,Mumbai,31.98,20.25,85.56,82.25,False,False,No festival
2025-07-04,PUN,Pune,30.25,17.36,63.96,106.32,False,False,No festival
2025-07-05,AMD,Ahmedabad,38.01,2.07,61.76,80.37,False,False,No festival
2025-07-05,BLR,Bengaluru,28.42,0.0,76.29,66.24,False,False,No festival
2025-07-05,CHE,Chennai,35.0,0.0,69.93,53.43,False,False,No festival
2025-07-05,DEL,Delhi NCR,37.08,11.18,52.74,161.21,False,False,No festival
2025-07-05,HYD,Hyderabad,38.26,0.0,53.46,92.08,False,False,No festival
2025-07-05,KOL,Kolkata,32.99,0.0,64.8,128.67,False,False,No festival
2025-07-05,MUM,Mumbai,30.53,0.0,71.18,99.65,False,False,No festival
2025-07-05,PUN,Pune,28.5,0.0,51.55,61.32,False,False,No festival
2025-07-06,AMD,Ahmedabad,37.06,0.0,42.67,41.52,False,False,No festival
2025-07-06,BLR,Bengaluru,27.22,16.1,72.99,83.62,False,False,No festival
2025-07-06,CHE,Chennai,31.69,2.4,84.13,103.15,False,False,No festival
2025-07-06,DEL,Delhi NCR,35.75,0.0,49.91,162.32,False,False,No festival
2025-07-06,HYD,Hyderabad,32.7,0.0,55.46,66.46,False,False,No festival
2025-07-06,KOL,Kolkata,33.33,0.0,75.22,83.82,False,False,No festival
2025-07-06,MUM,Mumbai,33.11,0.0,63.7,103.43,False,False,No festival
2025-07-06,PUN,Pune,29.44,0.0,53.5,108.41,False,False,No festival
2025-07-07,AMD,Ahmedabad,42.2,2.8,49.96,93.34,True,False,No festival
2025-07-07,BLR,Bengaluru,30.84,0.0,69.04,71.65,False,False,No festival
2025-07-07,CHE,Chennai,33.43,0.0,69.94,102.12,False,False,No festival
2025-07-07,DEL,Delhi NCR,37.12,0.0,40.95,183.52,False,False,No festival
2025-07-07,HYD,Hyderabad,34.39,0.0,53.76,94.46,False,False,No festival
2025-07-07,KOL,Kolkata,35.94,0.61,71.91,123.58,False,False,No festival
2025-07-07,MUM,Mumbai,32.04,0.0,70.51,101.61,False,False,No festival
2025-07-07,PUN,Pune,30.92,0.0,59.9,107.75,False,False,No festival
2025-07-08,AMD,Ahmedabad,35.81,0.0,37.93,90.42,False,False,No festival
2025-07-08,BLR,Bengaluru,30.8,0.0,60.56,50.3,False,False,No festival
2025-07-08,CHE,Chennai,31.37,26.53,87.32,129.86,False,False,No festival
2025-07-08,DEL,Delhi NCR,36.85,7.4,62.72,137.25,False,False,No festival
2025-07-08,HYD,Hyderabad,31.56,4.49,66.65,97.21,False,False,No festival
2025-07-08,KOL,Kolkata,30.67,0.0,75.89,126.42,False,False,No festival
2025-07-08,MUM,Mumbai,31.44,0.0,81.87,109.28,False,False,No festival
2025-07-08,PUN,Pune,29.01,0.0,59.67,78.19,False,False,No festival
2025-07-09,AMD,Ahmedabad,37.89,0.0,35.24,60.36,False,False,No festival
2025-07-09,BLR,Bengaluru,26.91,0.0,61.12,59.18,False,False,No festival
2025-07-09,CHE,Chennai,33.08,22.87,77.21,70.7,False,False,No festival
2025-07-09,DEL,Delhi NCR,34.3,0.0,44.86,145.76,False,False,No festival
2025-07-09,HYD,Hyderabad,32.93,0.0,56.56,92.36,False,False,No festival
2025-07-09,KOL,Kolkata,35.08,0.0,65.64,99.85,False,False,No festival
2025-07-09,MUM,Mumbai,31.21,25.12,90.2,113.64,False,False,No festival
2025-07-09,PUN,Pune,28.79,21.63,77.08,78.35,False,False,No festival
2025-07-10,AMD,Ahmedabad,34.69,0.0,47.38,94.6,False,False,No festival
2025-07-10,BLR,Bengaluru,26.21,0.0,59.97,82.5,False,False,No festival
2025-07-10,CHE,Chennai,31.97,9.42,94.87,99.6,False,False,No festival
2025-07-10,DEL,Delhi NCR,38.46,0.0,50.41,155.21,False,False,No festival
2025-07-10,HYD,Hyderabad,37.16,0.0,58.13,83.62,False,False,No festival
2025-07-10,KOL,Kolkata,34.04,3.96,81.81,112.43,False,False,No festival
2025-07-10,MUM,Mumbai,32.4,16.12,79.49,97.12,False,False,No festival
2025-07-10,PUN,Pune,30.68,2.32,73.0,44.68,False,False,No festival
2025-07-11,AMD,Ahmedabad,35.61,0.0,47.49,60.25,False,False,No festival
2025-07-11,BLR,Bengaluru,27.13,0.0,58.86,86.13,False,False,No festival
2025-07-11,CHE,Chennai,31.36,0.0,77.36,63.53,False,False,No festival
2025-07-11,DEL,Delhi NCR,33.15,0.0,39.99,148.57,False,False,No festival
2025-07-11,HYD,Hyderabad,32.98,0.0,60.5,83.54,False,False,No festival
2025-07-11,KOL,Kolkata,34.94,0.0,65.87,85.22,False,False,No festival
2025-07-11,MUM,Mumbai,28.53,0.0,71.55,78.91,False,False,No festival
2025-07-11,PUN,Pune,32.57,19.98,71.43,66.66,False,False,No festival
2025-07-12,AMD,Ahmedabad,35.65,0.0,31.56,124.81,False,False,No festival
2025-07-12,BLR,Bengaluru,31.51,15.93,69.84,25.0,False,False,No festival
2025-07-12,CHE,Chennai,34.39,0.0,73.11,74.72,False,False,No festival
2025-07-12,DEL,Delhi NCR,35.47,0.0,53.58,138.04,False,False,No festival
2025-07-12,HYD,Hyderabad,31.16,0.0,47.41,94.49,False,False,No festival
2025-07-12,KOL,Kolkata,30.72,0.0,67.91,117.26,False,False,No festival
2025-07-12,MUM,Mumbai,31.7,39.94,87.5,65.7,False,False,No festival
2025-07-12,PUN,Pune,32.97,15.75,81.45,117.75,False,False,No festival
2025-07-13,AMD,Ahmedabad,35.31,0.0,41.53,115.21,False,False,No festival
2025-07-13,BLR,Bengaluru,30.45,0.0,60.97,90.82,False,False,No festival
2025-07-13,CHE,Chennai,32.15,0.0,58.72,76.65,False,False,No festival
2025-07-13,DEL,Delhi NCR,35.37,0.0,49.32,162.43,False,False,No festival
2025-07-13,HYD,Hyderabad,33.94,0.0,50.06,106.38,False,False,No festival
2025-07-13,KOL,Kolkata,34.28,0.0,65.53,110.92,False,False,No festival
2025-07-13,MUM,Mumbai,35.32,0.0,69.91,103.73,False,False,No festival
2025-07-13,PUN,Pune,29.8,4.67,67.39,66.04,False,False,No festival
2025-07-14,AMD,Ahmedabad,36.38,0.0,36.73,91.87,False,False,No festival
2025-07-14,BLR,Bengaluru,26.23,0.0,66.29,86.89,False,False,No festival
2025-07-14,CHE,Chennai,33.6,13.41,82.83,92.05,False,False,No festival
2025-07-14,DEL,Delhi NCR,37.66,0.0,40.13,179.94,False,False,No festival
2025-07-14,HYD,Hyderabad,32.48,0.0,51.61,114.66,False,False,No festival
2025-07-14,KOL,Kolkata,31.98,0.0,73.16,115.7,False,False,No festival
2025-07-14,MUM,Mumbai,28.42,0.0,69.3,100.61,False,False,No festival
2025-07-14,PUN,Pune,30.62,6.63,61.77,72.13,False,False,No festival
2025-07-15,AMD,Ahmedabad,37.09,0.0,34.14,79.55,False,False,No festival
2025-07-15,BLR,Bengaluru,27.55,0.0,68.15,99.79,False,False,No festival
2025-07-15,CHE,Chennai,30.8,0.0,75.11,87.0,False,False,No festival
2025-07-15,DEL,Delhi NCR,33.57,0.0,62.11,159.01,False,False,No festival
2025-07-15,HYD,Hyderabad,34.67,0.0,51.66,104.27,False,False,No festival
2025-07-15,KOL,Kolkata,35.51,0.0,65.75,100.55,False,False,No festival
2025-07-15,MUM,Mumbai,30.4,0.0,72.52,89.23,False,False,No festival
2025-07-15,PUN,Pune,31.06,0.0,55.89,58.5,False,False,No festival
2025-07-16,AMD,Ahmedabad,36.12,0.0,36.92,115.28,False,False,No festival
2025-07-16,BLR,Bengaluru,28.97,2.19,70.26,83.94,False,False,No festival
2025-07-16,CHE,Chennai,28.2,0.0,71.65,85.87,False,False,No festival
2025-07-16,DEL,Delhi NCR,33.48,1.12,64.3,190.01,False,False,No festival
2025-07-16,HYD,Hyderabad,31.61,0.0,57.88,96.69,False,False,No festival
2025-07-16,KOL,Kolkata,32.25,0.0,68.33,122.18,False,False,No festival
2025-07-16,MUM,Mumbai,31.05,0.0,69.39,75.67,False,False,No festival
2025-07-16,PUN,Pune,28.28,0.0,62.46,103.1,False,False,No festival
2025-07-17,AMD,Ahmedabad,33.94,0.0,53.1,74.88,False,False,No festival
2025-07-17,BLR,Bengaluru,30.35,0.0,53.24,132.63,False,False,No festival
2025-07-17,CHE,Chennai,27.99,0.0,64.18,87.84,False,False,No festival
2025-07-17,DEL,Delhi NCR,33.82,0.0,50.99,169.98,False,False,No festival
2025-07-17,HYD,Hyderabad,34.43,0.0,49.77,74.57,False,False,No festival
2025-07-17,KOL,Kolkata,31.9,3.57,80.28,138.98,False,False,No festival
2025-07-17,MUM,Mumbai,30.36,0.0,68.68,124.16,False,False,No festival
2025-07-17,PUN,Pune,30.95,0.0,60.09,61.05,False,False,No festival
2025-07-18,AMD,Ahmedabad,31.89,0.0,43.03,132.17,False,False,No festival
2025-07-18,BLR,Bengaluru,27.17,0.0,70.58,72.02,False,False,No festival
2025-07-18,CHE,Chennai,33.05,0.0,71.38,91.67,False,False,No festival
2025-07-18,DEL,Delhi NCR,35.63,0.0,44.04,141.74,False,False,No festival
2025-07-18,HYD,Hyderabad,34.01,0.0,55.87,71.09,False,False,No festival
2025-07-18,KOL,Kolkata,28.14,0.0,64.03,145.06,False,False,No festival
2025-07-18,MUM,Mumbai,29.36,32.17,90.59,70.53,False,False,No festival
2025-07-18,PUN,Pune,30.31,0.0,65.53,86.3,False,False,No festival
2025-07-19,AMD,Ahmedabad,33.34,2.24,54.26,104.09,False,False,No festival
2025-07-19,BLR,Bengaluru,28.36,0.0,68.31,47.21,False,False,No festival
2025-07-19,CHE,Chennai,31.71,0.0,71.32,84.1,False,False,No festival
2025-07-19,DEL,Delhi NCR,31.63,9.16,61.43,149.92,False,False,No festival
2025-07-19,HYD,Hyderabad,34.11,0.0,48.3,89.85,False,False,No festival
2025-07-19,KOL,Kolkata,31.14,25.69,78.91,137.04,False,False,No festival
2025-07-19,MUM,Mumbai,29.62,0.0,68.77,67.85,False,False,No festival
2025-07-19,PUN,Pune,31.45,3.61,64.21,77.76,False,False,No festival
2025-07-20,AMD,Ahmedabad,40.79,0.0,41.24,116.53,True,False,No festival
2025-07-20,BLR,Bengaluru,26.85,11.87,68.38,107.77,False,False,No festival
2025-07-20,CHE,Chennai,32.12,0.0,72.55,86.22,False,False,No festival
2025-07-20,DEL,Delhi NCR,35.07,0.0,38.75,130.34,False,False,No festival
2025-07-20,HYD,Hyderabad,30.72,0.0,52.39,92.43,False,False,No festival
2025-07-20,KOL,Kolkata,33.58,0.0,62.3,149.64,False,False,No festival
2025-07-20,MUM,Mumbai,32.65,21.81,81.29,81.8,False,False,No festival
2025-07-20,PUN,Pune,28.42,0.0,58.24,83.16,False,False,No festival
2025-07-21,AMD,Ahmedabad,35.66,0.0,44.69,124.34,False,False,No festival
2025-07-21,BLR,Bengaluru,28.11,11.0,71.98,77.67,False,False,No festival
2025-07-21,CHE,Chennai,32.57,0.0,63.71,77.56,False,False,No festival
2025-07-21,DEL,Delhi NCR,36.68,4.16,55.83,147.72,False,False,No festival
2025-07-21,HYD,Hyderabad,32.16,0.0,48.48,83.3,False,False,No festival
2025-07-21,KOL,Kolkata,27.22,0.0,67.94,108.02,False,False,No festival
2025-07-21,MUM,Mumbai,27.62,0.0,79.9,55.27,False,False,No festival
2025-07-21,PUN,Pune,27.83,0.0,53.32,86.12,False,False,No festival
2025-07-22,AMD,Ahmedabad,35.48,0.0,46.85,100.36,False,False,No festival
2025-07-22,BLR,Bengaluru,25.15,0.0,68.45,78.89,False,False,No festival
2025-07-22,CHE,Chennai,30.22,0.0,70.73,82.4,False,False,No festival
2025-07-22,DEL,Delhi NCR,32.09,0.0,47.65,172.53,False,False,No festival
2025-07-22,HYD,Hyderabad,31.87,16.06,68.71,91.45,False,False,No festival
2025-07-22,KOL,Kolkata,32.95,9.01,84.46,97.84,False,False,No festival
2025-07-22,MUM,Mumbai,29.76,5.77,73.29,66.07,False,False,No festival
2025-07-22,PUN,Pune,28.25,0.0,60.32,87.07,False,False,No festival
2025-07-23,AMD,Ahmedabad,36.47,0.0,45.51,108.22,False,False,No festival
2025-07-23,BLR,Bengaluru,28.9,0.0,65.4,64.18,False,False,No festival
2025-07-23,CHE,Chennai,28.84,0.0,78.16,111.0,False,False,No festival
2025-07-23,DEL,Delhi NCR,34.29,0.0,49.29,178.3,False,False,No festival
2025-07-23,HYD,Hyderabad,33.32,4.33,62.24,60.4,False,False,No festival
2025-07-23,KOL,Kolkata,32.02,0.0,74.28,121.63,False,False,No festival
2025-07-23,MUM,Mumbai,28.32,0.0,74.36,67.17,False,False,No festival
2025-07-23,PUN,Pune,29.08,0.0,57.77,74.43,False,False,No festival
2025-07-24,AMD,Ahmedabad,32.74,0.0,49.25,122.05,False,False,No festival
2025-07-24,BLR,Bengaluru,27.5,0.59,82.46,64.53,False,False,No festival
2025-07-24,CHE,Chennai,32.2,0.0,71.82,104.8,False,False,No festival
2025-07-24,DEL,Delhi NCR,35.55,0.0,43.43,134.6,False,False,No festival
2025-07-24,HYD,Hyderabad,29.4,0.0,64.22,116.84,False,False,No festival
2025-07-24,KOL,Kolkata,31.76,0.0,66.59,135.18,False,False,No festival
2025-07-24,MUM,Mumbai,29.42,0.0,71.46,74.35,False,False,No festival
2025-07-24,PUN,Pune,26.28,0.0,62.54,108.8,False,False,No festival
2025-07-25,AMD,Ahmedabad,31.83,0.0,41.9,94.72,False,False,No festival
2025-07-25,BLR,Bengaluru,28.11,0.0,64.1,52.43,False,False,No festival
2025-07-25,CHE,Chennai,31.94,0.0,75.25,116.98,False,False,No festival
2025-07-25,DEL,Delhi NCR,33.24,10.67,60.37,196.12,False,False,No festival
2025-07-25,HYD,Hyderabad,32.57,0.0,49.16,107.55,False,False,No festival
2025-07-25,KOL,Kolkata,33.7,26.92,73.54,105.82,False,False,No festival
2025-07-25,MUM,Mumbai,27.31,13.91,84.22,80.46,False,False,No festival
2025-07-25,PUN,Pune,29.63,0.0,52.51,85.46,False,False,No festival
2025-07-26,AMD,Ahmedabad,34.98,0.0,39.04,123.77,False,False,No festival
2025-07-26,BLR,Bengaluru,27.84,11.38,79.27,74.46,False,False,No festival
2025-07-26,CHE,Chennai,31.22,7.09,84.76,100.86,False,False,No festival
2025-07-26,DEL,Delhi NCR,32.8,2.58,55.69,221.25,False,False,No festival
2025-07-26,HYD,Hyderabad,33.37,0.0,49.47,66.82,False,False,No festival
2025-07-26,KOL,Kolkata,32.52,0.0,66.81,145.98,False,False,No festival
2025-07-26,MUM,Mumbai,28.2,0.0,70.37,109.13,False,False,No festival
2025-07-26,PUN,Pune,30.45,8.35,69.89,103.91,False,False,No festival
2025-07-27,AMD,Ahmedabad,35.46,0.0,36.32,110.58,False,False,No festival
2025-07-27,BLR,Bengaluru,27.32,0.0,64.89,94.66,False,False,No festival
2025-07-27,CHE,Chennai,29.94,10.22,87.59,99.65,False,False,No festival
2025-07-27,DEL,Delhi NCR,36.26,0.0,49.49,191.27,False,False,No festival
2025-07-27,HYD,Hyderabad,36.24,0.0,58.65,76.14,False,False,No festival
2025-07-27,KOL,Kolkata,30.58,6.4,74.83,149.0,False,False,No festival
2025-07-27,MUM,Mumbai,30.33,0.0,68.97,104.66,False,False,No festival
2025-07-27,PUN,Pune,29.48,13.85,60.73,74.76,False,False,No festival
2025-07-28,AMD,Ahmedabad,34.11,0.0,43.09,69.96,False,False,No festival
2025-07-28,BLR,Bengaluru,25.28,0.0,61.22,94.42,False,False,No festival
2025-07-28,CHE,Chennai,35.16,0.0,72.5,100.29,False,False,No festival
2025-07-28,DEL,Delhi NCR,33.16,0.0,49.22,190.11,False,False,No festival
2025-07-28,HYD,Hyderabad,30.83,0.0,60.73,91.67,False,False,No festival
2025-07-28,KOL,Kolkata,32.19,59.2,85.02,112.92,False,False,No festival
2025-07-28,MUM,Mumbai,33.19,22.56,92.59,65.0,False,False,No festival
2025-07-28,PUN,Pune,27.97,0.0,63.5,84.91,False,False,No festival
2025-07-29,AMD,Ahmedabad,34.07,0.0,46.47,127.99,False,False,No festival
2025-07-29,BLR,Bengaluru,29.38,0.0,59.79,70.67,False,False,No festival
2025-07-29,CHE,Chennai,31.42,3.41,94.27,90.94,False,False,No festival
2025-07-29,DEL,Delhi NCR,32.06,0.0,47.16,153.71,False,False,No festival
2025-07-29,HYD,Hyderabad,35.08,0.0,53.91,82.4,False,False,No festival
2025-07-29,KOL,Kolkata,30.56,18.12,81.92,103.14,False,False,No festival
2025-07-29,MUM,Mumbai,34.65,0.0,77.66,67.33,False,False,No festival
2025-07-29,PUN,Pune,28.53,0.0,62.15,73.83,False,False,No festival
2025-07-30,AMD,Ahmedabad,34.12,0.0,40.66,104.47,False,False,No festival
2025-07-30,BLR,Bengaluru,29.33,0.0,52.91,50.36,False,False,No festival
2025-07-30,CHE,Chennai,28.34,0.0,69.31,97.18,False,False,No festival
2025-07-30,DEL,Delhi NCR,34.24,0.0,45.04,163.42,False,False,No festival
2025-07-30,HYD,Hyderabad,33.03,0.0,50.43,77.55,False,False,No festival
2025-07-30,KOL,Kolkata,31.53,0.0,68.26,118.71,False,False,No festival
2025-07-30,MUM,Mumbai,28.36,0.0,78.49,96.01,False,False,No festival
2025-07-30,PUN,Pune,30.73,19.68,57.8,121.44,False,False,No festival
2025-07-31,AMD,Ahmedabad,37.52,0.0,38.72,112.0,False,False,No festival
2025-07-31,BLR,Bengaluru,28.29,0.0,62.29,75.53,False,False,No festival
2025-07-31,CHE,Chennai,29.65,16.21,90.64,76.88,False,False,No festival
2025-07-31,DEL,Delhi NCR,35.49,0.0,45.69,149.75,False,False,No festival
2025-07-31,HYD,Hyderabad,33.53,6.54,69.22,113.46,False,False,No festival
2025-07-31,KOL,Kolkata,30.37,0.0,70.49,145.04,False,False,No festival
2025-07-31,MUM,Mumbai,30.5,0.0,87.48,65.69,False,False,No festival
2025-07-31,PUN,Pune,29.21,6.11,72.81,103.19,False,False,No festival
2025-08-01,AMD,Ahmedabad,36.93,2.73,53.4,113.79,False,False,No festival
2025-08-01,BLR,Bengaluru,25.08,30.37,83.13,51.69,False,False,No festival
2025-08-01,CHE,Chennai,32.81,0.0,72.3,68.62,False,False,No festival
2025-08-01,DEL,Delhi NCR,32.71,5.2,65.84,158.49,False,False,No festival
2025-08-01,HYD,Hyderabad,30.53,0.0,55.46,84.77,False,False,No festival
2025-08-01,KOL,Kolkata,30.55,0.0,74.38,88.52,False,False,No festival
2025-08-01,MUM,Mumbai,33.4,0.0,75.1,110.8,False,False,No festival
2025-08-01,PUN,Pune,28.58,0.0,57.6,83.58,False,False,No festival
2025-08-02,AMD,Ahmedabad,31.71,0.0,44.27,115.93,False,False,No festival
2025-08-02,BLR,Bengaluru,27.26,0.0,63.1,109.91,False,False,No festival
2025-08-02,CHE,Chennai,30.37,0.0,71.52,87.36,False,False,No festival
2025-08-02,DEL,Delhi NCR,29.78,0.0,49.68,110.73,False,False,No festival
2025-08-02,HYD,Hyderabad,33.45,0.0,54.73,131.66,False,False,No festival
2025-08-02,KOL,Kolkata,30.61,0.0,72.17,95.62,False,False,No festival
2025-08-02,MUM,Mumbai,34.58,0.0,75.12,86.06,False,False,No festival
2025-08-02,PUN,Pune,31.17,11.9,70.23,82.19,False,False,No festival
2025-08-03,AMD,Ahmedabad,34.69,0.0,46.78,109.23,False,False,No festival
2025-08-03,BLR,Bengaluru,26.18,11.6,80.76,74.76,False,False,No festival
2025-08-03,CHE,Chennai,31.45,0.0,74.77,97.78,False,False,No festival
2025-08-03,DEL,Delhi NCR,31.83,0.0,42.91,118.18,False,False,No festival
2025-08-03,HYD,Hyderabad,30.7,0.0,52.67,121.3,False,False,No festival
2025-08-03,KOL,Kolkata,29.43,0.0,69.83,101.21,False,False,No festival
2025-08-03,MUM,Mumbai,28.4,43.55,86.03,68.07,False,False,No festival
2025-08-03,PUN,Pune,28.66,0.0,50.07,86.82,False,False,No festival
2025-08-04,AMD,Ahmedabad,30.82,0.0,37.09,76.18,False,False,No festival
2025-08-04,BLR,Bengaluru,30.46,0.0,63.29,25.0,False,False,No festival
2025-08-04,CHE,Chennai,30.53,0.0,77.29,99.26,False,False,No festival
2025-08-04,DEL,Delhi NCR,32.79,0.0,50.53,170.17,False,False,No festival
2025-08-04,HYD,Hyderabad,31.38,0.0,51.91,84.82,False,False,No festival
2025-08-04,KOL,Kolkata,31.07,7.54,78.57,136.95,False,False,No festival
2025-08-04,MUM,Mumbai,31.79,2.8,87.16,84.2,False,False,No festival
2025-08-04,PUN,Pune,32.16,0.0,58.28,94.23,False,False,No festival
2025-08-05,AMD,Ahmedabad,34.54,5.19,64.31,83.93,False,False,No festival
2025-08-05,BLR,Bengaluru,25.56,0.0,62.14,93.14,False,False,No festival
2025-08-05,CHE,Chennai,29.41,0.0,70.72,64.15,False,False,No festival
2025-08-05,DEL,Delhi NCR,33.85,0.0,50.0,191.65,False,False,No festival
2025-08-05,HYD,Hyderabad,30.86,0.0,51.51,99.36,False,False,No festival
2025-08-05,KOL,Kolkata,29.84,0.0,70.56,130.69,False,False,No festival
2025-08-05,MUM,Mumbai,32.9,16.49,75.9,74.05,False,False,No festival
2025-08-05,PUN,Pune,34.42,1.51,71.41,53.02,False,False,No festival
2025-08-06,AMD,Ahmedabad,31.0,0.0,43.41,91.47,False,False,No festival
2025-08-06,BLR,Bengaluru,27.5,0.0,67.1,103.74,False,False,No festival
2025-08-06,CHE,Chennai,29.53,0.0,71.29,135.65,False,False,No festival
2025-08-06,DEL,Delhi NCR,31.2,0.0,47.24,208.68,False,False,No festival
2025-08-06,HYD,Hyderabad,28.09,0.0,61.65,88.58,False,False,No festival
2025-08-06,KOL,Kolkata,28.07,0.0,70.75,131.69,False,False,No festival
2025-08-06,MUM,Mumbai,28.71,0.0,74.86,112.41,False,False,No festival
2025-08-06,PUN,Pune,28.37,0.0,61.1,47.46,False,False,No festival
2025-08-07,AMD,Ahmedabad,31.19,0.0,46.16,106.82,False,False,No festival
2025-08-07,BLR,Bengaluru,26.25,0.0,58.78,66.08,False,False,No festival
2025-08-07,CHE,Chennai,32.89,0.0,84.7,74.74,False,False,No festival
2025-08-07,DEL,Delhi NCR,32.89,0.0,49.08,182.09,False,False,No festival
2025-08-07,HYD,Hyderabad,31.35,0.0,47.17,93.01,False,False,No festival
2025-08-07,KOL,Kolkata,30.05,0.0,71.85,106.04,False,False,No festival
2025-08-07,MUM,Mumbai,30.53,5.14,72.27,100.58,False,False,No festival
2025-08-07,PUN,Pune,29.56,11.42,69.6,82.97,False,False,No festival
2025-08-08,AMD,Ahmedabad,31.6,0.0,43.36,98.4,False,False,No festival
2025-08-08,BLR,Bengaluru,26.44,0.0,62.23,59.61,False,False,No festival
2025-08-08,CHE,Chennai,33.12,0.0,71.43,93.47,False,False,No festival
2025-08-08,DEL,Delhi NCR,27.75,0.0,51.94,200.48,False,False,No festival
2025-08-08,HYD,Hyderabad,30.52,0.0,53.79,63.29,False,False,No festival
2025-08-08,KOL,Kolkata,31.01,0.0,65.34,102.12,False,False,No festival
2025-08-08,MUM,Mumbai,32.57,18.15,89.93,78.51,False,False,No festival
2025-08-08,PUN,Pune,29.34,0.0,59.23,84.35,False,False,No festival
2025-08-09,AMD,Ahmedabad,34.97,0.0,39.92,118.53,False,False,No festival
2025-08-09,BLR,Bengaluru,27.89,0.0,66.29,57.28,False,False,No festival
2025-08-09,CHE,Chennai,29.23,0.0,77.9,43.92,False,False,No festival
2025-08-09,DEL,Delhi NCR,33.4,0.0,39.21,172.09,False,False,No festival
2025-08-09,HYD,Hyderabad,32.51,0.0,48.31,103.38,False,False,No festival
2025-08-09,KOL,Kolkata,32.63,24.18,77.65,103.12,False,False,No festival
2025-08-09,MUM,Mumbai,27.75,0.0,77.41,85.02,False,False,No festival
2025-08-09,PUN,Pune,26.61,0.0,58.96,82.47,False,False,No festival
2025-08-10,AMD,Ahmedabad,33.88,0.0,48.1,107.82,False,False,No festival
2025-08-10,BLR,Bengaluru,29.54,0.0,68.61,101.4,False,False,No festival
2025-08-10,CHE,Chennai,33.0,21.23,85.8,50.1,False,False,No festival
2025-08-10,DEL,Delhi NCR,31.9,4.25,56.37,174.87,False,False,No festival
2025-08-10,HYD,Hyderabad,28.89,0.0,46.74,83.11,False,False,No festival
2025-08-10,KOL,Kolkata,28.28,0.0,65.34,114.34,False,False,No festival
2025-08-10,MUM,Mumbai,30.58,0.0,73.57,87.92,False,False,No festival
2025-08-10,PUN,Pune,26.96,0.0,73.38,72.65,False,False,No festival
2025-08-11,AMD,Ahmedabad,30.92,0.0,55.81,99.58,False,False,No festival
2025-08-11,BLR,Bengaluru,26.48,0.0,61.11,34.68,False,False,No festival
2025-08-11,CHE,Chennai,32.49,0.0,72.6,95.8,False,False,No festival
2025-08-11,DEL,Delhi NCR,30.63,0.0,48.2,146.89,False,False,No festival
2025-08-11,HYD,Hyderabad,32.54,0.0,49.5,111.29,False,False,No festival
2025-08-11,KOL,Kolkata,31.15,2.57,92.06,129.43,False,False,No festival
2025-08-11,MUM,Mumbai,28.15,33.2,82.81,128.6,False,False,No festival
2025-08-11,PUN,Pune,26.26,2.81,72.1,114.49,False,False,No festival
2025-08-12,AMD,Ahmedabad,30.7,5.77,53.97,113.21,False,False,No festival
2025-08-12,BLR,Bengaluru,26.43,0.0,68.4,55.5,False,False,No festival
2025-08-12,CHE,Chennai,31.97,0.0,70.68,80.15,False,False,No festival
2025-08-12,DEL,Delhi NCR,30.01,0.0,45.1,182.34,False,False,No festival
2025-08-12,HYD,Hyderabad,31.57,0.0,44.31,110.87,False,False,No festival
2025-08-12,KOL,Kolkata,29.21,0.0,69.15,130.26,False,False,No festival
2025-08-12,MUM,Mumbai,31.51,0.0,67.99,135.43,False,False,No festival
2025-08-12,PUN,Pune,31.3,7.93,80.82,62.95,False,False,No festival
2025-08-13,AMD,Ahmedabad,30.84,0.0,44.39,115.27,False,False,No festival
2025-08-13,BLR,Bengaluru,25.26,0.0,69.22,88.14,False,False,No festival
2025-08-13,CHE,Chennai,35.01,0.0,72.34,102.57,False,False,No festival
2025-08-13,DEL,Delhi NCR,27.31,5.44,65.05,157.52,False,False,No festival
2025-08-13,HYD,Hyderabad,35.39,0.0,50.83,100.15,False,False,No festival
2025-08-13,KOL,Kolkata,28.45,0.0,64.11,86.59,False,False,No festival
2025-08-13,MUM,Mumbai,32.29,1.38,75.38,121.94,False,False,No festival
2025-08-13,PUN,Pune,28.94,0.0,62.83,61.56,False,False,No festival
2025-08-14,AMD,Ahmedabad,34.45,0.0,38.21,121.96,False,False,No festival
2025-08-14,BLR,Bengaluru,26.03,0.0,59.16,84.29,False,False,No festival
2025-08-14,CHE,Chennai,31.39,14.91,88.75,75.8,False,False,No festival
2025-08-14,DEL,Delhi NCR,29.51,0.0,57.14,156.12,False,False,No festival
2025-08-14,HYD,Hyderabad,30.16,0.0,62.34,122.96,False,False,No festival
2025-08-14,KOL,Kolkata,30.97,3.99,77.47,114.33,False,False,No festival
2025-08-14,MUM,Mumbai,27.41,9.68,78.72,90.58,False,False,No festival
2025-08-14,PUN,Pune,28.65,0.0,56.76,87.57,False,False,No festival
2025-08-15,AMD,Ahmedabad,31.55,0.0,43.99,123.98,False,True,No festival
2025-08-15,BLR,Bengaluru,25.98,17.54,80.42,79.34,False,True,No festival
2025-08-15,CHE,Chennai,32.28,2.87,88.35,65.49,False,True,No festival
2025-08-15,DEL,Delhi NCR,27.66,0.0,50.24,184.55,False,True,No festival
2025-08-15,HYD,Hyderabad,27.88,0.0,52.33,74.16,False,True,No festival
2025-08-15,KOL,Kolkata,27.93,0.0,71.14,126.5,False,True,No festival
2025-08-15,MUM,Mumbai,25.04,0.0,73.81,96.0,False,True,No festival
2025-08-15,PUN,Pune,30.53,0.0,68.73,95.0,False,True,No festival
2025-08-16,AMD,Ahmedabad,32.79,14.25,51.88,118.31,False,False,No festival
2025-08-16,BLR,Bengaluru,26.5,0.0,58.94,73.85,False,False,No festival
2025-08-16,CHE,Chennai,29.17,2.29,87.44,77.23,False,False,No festival
2025-08-16,DEL,Delhi NCR,31.52,15.49,60.92,153.62,False,False,No festival
2025-08-16,HYD,Hyderabad,28.34,0.0,55.57,112.01,False,False,No festival
2025-08-16,KOL,Kolkata,26.61,0.0,78.45,123.61,False,False,No festival
2025-08-16,MUM,Mumbai,30.62,4.75,82.16,99.25,False,False,No festival
2025-08-16,PUN,Pune,26.16,0.0,55.43,67.15,False,False,No festival
2025-08-17,AMD,Ahmedabad,32.36,0.0,50.1,127.07,False,False,No festival
2025-08-17,BLR,Bengaluru,25.73,11.42,74.86,115.67,False,False,No festival
2025-08-17,CHE,Chennai,31.99,14.1,87.23,61.49,False,False,No festival
2025-08-17,DEL,Delhi NCR,28.75,0.0,51.15,190.8,False,False,No festival
2025-08-17,HYD,Hyderabad,32.51,0.0,53.15,82.25,False,False,No festival
2025-08-17,KOL,Kolkata,28.46,0.0,64.02,111.71,False,False,No festival
2025-08-17,MUM,Mumbai,29.72,13.67,86.94,127.99,False,False,No festival
2025-08-17,PUN,Pune,26.07,0.0,59.94,71.92,False,False,No festival
2025-08-18,AMD,Ahmedabad,29.82,0.0,44.99,97.86,False,False,No festival
2025-08-18,BLR,Bengaluru,29.76,0.0,64.17,56.09,False,False,No festival
2025-08-18,CHE,Chennai,25.62,0.0,65.92,107.95,False,False,No festival
2025-08-18,DEL,Delhi NCR,26.3,0.0,52.23,168.61,False,False,No festival
2025-08-18,HYD,Hyderabad,30.27,10.16,64.39,93.22,False,False,No festival
2025-08-18,KOL,Kolkata,31.14,0.0,68.43,103.34,False,False,No festival
2025-08-18,MUM,Mumbai,31.6,0.0,75.71,112.24,False,False,No festival
2025-08-18,PUN,Pune,25.42,5.34,74.23,72.9,False,False,No festival
2025-08-19,AMD,Ahmedabad,30.99,0.0,47.75,129.04,False,False,No festival
2025-08-19,BLR,Bengaluru,29.05,0.0,66.14,92.56,False,False,No festival
2025-08-19,CHE,Chennai,27.77,3.81,90.77,90.28,False,False,No festival
2025-08-19,DEL,Delhi NCR,28.89,1.4,63.0,165.18,False,False,No festival
2025-08-19,HYD,Hyderabad,29.53,0.0,55.07,101.46,False,False,No festival
2025-08-19,KOL,Kolkata,31.8,0.0,66.01,123.48,False,False,No festival
2025-08-19,MUM,Mumbai,29.48,4.65,83.74,90.69,False,False,No festival
2025-08-19,PUN,Pune,28.51,0.0,52.69,64.66,False,False,No festival
2025-08-20,AMD,Ahmedabad,33.57,2.4,47.58,85.36,False,False,No festival
2025-08-20,BLR,Bengaluru,26.42,0.0,69.8,117.74,False,False,No festival
2025-08-20,CHE,Chennai,30.42,0.0,68.42,129.85,False,False,No festival
2025-08-20,DEL,Delhi NCR,30.52,0.0,50.4,163.55,False,False,No festival
2025-08-20,HYD,Hyderabad,30.51,16.96,73.82,58.67,False,False,No festival
2025-08-20,KOL,Kolkata,31.04,0.0,74.25,122.88,False,False,No festival
2025-08-20,MUM,Mumbai,30.64,0.0,79.66,107.29,False,False,No festival
2025-08-20,PUN,Pune,26.42,0.0,58.72,114.61,False,False,No festival
2025-08-21,AMD,Ahmedabad,33.43,0.0,43.25,106.13,False,False,No festival
2025-08-21,BLR,Bengaluru,28.45,0.0,58.83,53.03,False,False,No festival
2025-08-21,CHE,Chennai,31.54,0.0,75.56,97.79,False,False,No festival
2025-08-21,DEL,Delhi NCR,31.09,12.45,51.32,146.08,False,False,No festival
2025-08-21,HYD,Hyderabad,29.46,5.23,69.72,51.58,False,False,No festival
2025-08-21,KOL,Kolkata,27.24,0.0,63.85,162.06,False,False,No festival
2025-08-21,MUM,Mumbai,31.0,0.0,75.71,110.8,False,False,No festival
2025-08-21,PUN,Pune,27.88,0.0,70.44,62.36,False,False,No festival
2025-08-22,AMD,Ahmedabad,30.02,0.0,47.33,98.4,False,False,No festival
2025-08-22,BLR,Bengaluru,25.3,0.0,61.64,83.7,False,False,No festival
2025-08-22,CHE,Chennai,30.01,0.0,72.55,57.81,False,False,No festival
2025-08-22,DEL,Delhi NCR,25.01,0.0,43.79,178.91,False,False,No festival
2025-08-22,HYD,Hyderabad,26.86,0.0,60.83,85.45,False,False,No festival
2025-08-22,KOL,Kolkata,26.87,14.43,77.64,152.73,False,False,No festival
2025-08-22,MUM,Mumbai,30.3,37.6,83.77,142.3,False,False,No festival
2025-08-22,PUN,Pune,27.46,6.87,76.61,75.83,False,False,No festival
2025-08-23,AMD,Ahmedabad,31.09,0.0,50.41,102.38,False,False,No festival
2025-08-23,BLR,Bengaluru,26.28,0.0,67.55,93.2,False,False,No festival
2025-08-23,CHE,Chennai,31.5,11.38,86.72,84.21,False,False,No festival
2025-08-23,DEL,Delhi NCR,28.93,14.73,67.18,153.53,False,False,No festival
2025-08-23,HYD,Hyderabad,29.67,0.0,51.62,131.77,False,False,No festival
2025-08-23,KOL,Kolkata,27.4,0.0,64.04,128.79,False,False,No festival
2025-08-23,MUM,Mumbai,30.39,13.3,74.84,95.97,False,False,No festival
2025-08-23,PUN,Pune,23.09,0.0,58.4,81.49,False,False,No festival
2025-08-24,AMD,Ahmedabad,27.71,0.0,41.32,114.15,False,False,No festival
2025-08-24,BLR,Bengaluru,24.32,0.0,60.52,31.04,False,False,No festival
2025-08-24,CHE,Chennai,30.67,0.0,80.57,69.14,False,False,No festival
2025-08-24,DEL,Delhi NCR,27.01,0.0,55.78,148.58,False,False,No festival
2025-08-24,HYD,Hyderabad,30.9,12.66,67.32,80.99,False,False,No festival
2025-08-24,KOL,Kolkata,27.07,0.0,71.87,92.62,False,False,No festival
2025-08-24,MUM,Mumbai,29.74,0.0,77.64,69.86,False,False,No festival
2025-08-24,PUN,Pune,28.21,0.0,59.29,86.91,False,False,No festival
2025-08-25,AMD,Ahmedabad,30.96,0.0,56.47,120.14,False,False,No festival
2025-08-25,BLR,Bengaluru,26.86,0.0,68.91,107.76,False,False,No festival
2025-08-25,CHE,Chennai,29.36,11.75,81.9,68.67,False,False,No festival
2025-08-25,DEL,Delhi NCR,25.83,0.0,49.84,159.53,False,False,No festival
2025-08-25,HYD,Hyderabad,29.95,0.0,61.45,110.19,False,False,No festival
2025-08-25,KOL,Kolkata,30.21,0.0,77.75,114.23,False,False,No festival
2025-08-25,MUM,Mumbai,30.46,0.0,73.67,68.0,False,False,No festival
2025-08-25,PUN,Pune,24.91,18.5,73.87,67.32,False,False,No festival
2025-08-26,AMD,Ahmedabad,30.92,9.47,54.18,95.81,False,False,No festival
2025-08-26,BLR,Bengaluru,26.46,17.69,81.54,88.85,False,False,No festival
2025-08-26,CHE,Chennai,28.57,0.0,73.28,67.23,False,False,No festival
2025-08-26,DEL,Delhi NCR,28.48,20.59,60.94,150.04,False,False,No festival
2025-08-26,HYD,Hyderabad,31.38,0.0,61.05,95.55,False,False,No festival
2025-08-26,KOL,Kolkata,25.73,29.57,81.15,133.06,False,False,No festival
2025-08-26,MUM,Mumbai,30.93,9.48,85.26,113.22,False,False,No festival
2025-08-26,PUN,Pune,26.94,0.0,69.02,100.41,False,False,No festival
2025-08-27,AMD,Ahmedabad,28.61,0.0,37.58,104.17,False,False,No festival
2025-08-27,BLR,Bengaluru,25.93,19.54,67.44,91.76,False,False,No festival
2025-08-27,CHE,Chennai,29.22,3.58,96.34,90.63,False,False,No festival
2025-08-27,DEL,Delhi NCR,27.7,0.0,46.41,135.48,False,False,No festival
2025-08-27,HYD,Hyderabad,28.5,0.0,59.41,79.96,False,False,No festival
2025-08-27,KOL,Kolkata,27.89,0.0,83.0,145.62,False,False,No festival
2025-08-27,MUM,Mumbai,30.98,4.76,80.49,97.39,False,False,No festival
2025-08-27,PUN,Pune,27.95,0.0,59.92,75.38,False,False,No festival
2025-08-28,AMD,Ahmedabad,30.96,16.7,63.75,76.89,False,False,No festival
2025-08-28,BLR,Bengaluru,22.93,0.0,69.76,75.92,False,False,No festival
2025-08-28,CHE,Chennai,28.58,0.0,70.47,85.42,False,False,No festival
2025-08-28,DEL,Delhi NCR,29.51,25.62,52.34,173.3,False,False,No festival
2025-08-28,HYD,Hyderabad,28.1,0.0,61.98,114.27,False,False,No festival
2025-08-28,KOL,Kolkata,31.97,25.1,78.49,112.09,False,False,No festival
2025-08-28,MUM,Mumbai,28.49,0.0,72.59,99.86,False,False,No festival
2025-08-28,PUN,Pune,27.58,0.0,54.69,97.89,False,False,No festival
2025-08-29,AMD,Ahmedabad,27.78,0.0,46.65,79.09,False,False,No festival
2025-08-29,BLR,Bengaluru,23.73,0.0,62.27,85.4,False,False,No festival
2025-08-29,CHE,Chennai,27.86,0.0,73.94,82.73,False,False,No festival
2025-08-29,DEL,Delhi NCR,27.4,0.0,49.1,137.51,False,False,No festival
2025-08-29,HYD,Hyderabad,27.43,0.0,50.68,88.64,False,False,No festival
2025-08-29,KOL,Kolkata,27.33,0.0,71.34,123.95,False,False,No festival
2025-08-29,MUM,Mumbai,28.15,4.69,85.31,151.64,False,False,No festival
2025-08-29,PUN,Pune,28.86,0.0,60.75,70.2,False,False,No festival
2025-08-30,AMD,Ahmedabad,29.56,0.0,53.31,63.32,False,False,No festival
2025-08-30,BLR,Bengaluru,24.97,0.0,67.63,63.14,False,False,No festival
2025-08-30,CHE,Chennai,30.23,0.0,69.15,64.41,False,False,No festival
2025-08-30,DEL,Delhi NCR,26.78,0.0,49.35,177.99,False,False,No festival
2025-08-30,HYD,Hyderabad,29.92,0.0,56.78,95.96,False,False,No festival
2025-08-30,KOL,Kolkata,28.88,19.06,82.7,162.85,False,False,No festival
2025-08-30,MUM,Mumbai,30.32,0.0,66.8,77.17,False,False,No festival
2025-08-30,PUN,Pune,24.89,5.63,75.51,118.69,False,False,No festival
2025-08-31,AMD,Ahmedabad,27.76,0.0,48.48,135.73,False,False,No festival
2025-08-31,BLR,Bengaluru,26.88,0.0,68.49,64.69,False,False,No festival
2025-08-31,CHE,Chennai,31.02,20.91,85.66,64.96,False,False,No festival
2025-08-31,DEL,Delhi NCR,28.0,0.0,51.42,181.44,False,False,No festival
2025-08-31,HYD,Hyderabad,32.75,0.0,53.14,40.46,False,False,No festival
2025-08-31,KOL,Kolkata,28.15,0.0,73.31,114.64,False,False,No festival
2025-08-31,MUM,Mumbai,29.37,0.0,73.01,116.35,False,False,No festival
2025-08-31,PUN,Pune,28.82,0.0,61.86,98.97,False,False,No festival
2025-09-01,AMD,Ahmedabad,28.0,14.42,57.8,117.99,False,False,No festival
2025-09-01,BLR,Bengaluru,24.53,0.0,65.38,73.59,False,False,No festival
2025-09-01,CHE,Chennai,28.62,0.0,70.47,91.12,False,False,No festival
2025-09-01,DEL,Delhi NCR,27.72,0.0,52.52,171.8,False,False,No festival
2025-09-01,HYD,Hyderabad,26.76,0.0,59.26,66.85,False,False,No festival
2025-09-01,KOL,Kolkata,31.51,0.0,64.46,137.0,False,False,No festival
2025-09-01,MUM,Mumbai,28.09,0.0,73.1,80.51,False,False,No festival
2025-09-01,PUN,Pune,27.41,0.0,70.19,137.71,False,False,No festival
2025-09-02,AMD,Ahmedabad,30.7,0.0,35.74,75.64,False,False,No festival
2025-09-02,BLR,Bengaluru,23.7,0.0,56.31,97.17,False,False,No festival
2025-09-02,CHE,Chennai,30.11,2.59,81.06,82.99,False,False,No festival
2025-09-02,DEL,Delhi NCR,28.11,0.0,50.84,153.7,False,False,No festival
2025-09-02,HYD,Hyderabad,27.43,0.0,58.31,136.03,False,False,No festival
2025-09-02,KOL,Kolkata,26.99,0.0,70.01,124.02,False,False,No festival
2025-09-02,MUM,Mumbai,26.58,24.41,79.78,76.64,False,False,No festival
2025-09-02,PUN,Pune,25.18,0.0,65.86,112.42,False,False,No festival
2025-09-03,AMD,Ahmedabad,28.42,0.0,41.05,113.33,False,False,No festival
2025-09-03,BLR,Bengaluru,25.74,0.0,56.58,120.46,False,False,No festival
2025-09-03,CHE,Chennai,27.45,0.0,72.09,84.99,False,False,No festival
2025-09-03,DEL,Delhi NCR,24.21,0.0,55.46,174.28,False,False,No festival
2025-09-03,HYD,Hyderabad,28.39,11.33,60.75,111.49,False,False,No festival
2025-09-03,KOL,Kolkata,26.57,16.18,86.07,150.0,False,False,No festival
2025-09-03,MUM,Mumbai,26.06,25.85,90.43,87.21,False,False,No festival
2025-09-03,PUN,Pune,30.65,0.0,53.91,96.57,False,False,No festival
2025-09-04,AMD,Ahmedabad,30.3,0.0,46.89,97.59,False,False,No festival
2025-09-04,BLR,Bengaluru,26.1,5.98,76.81,54.26,False,False,No festival
2025-09-04,CHE,Chennai,27.28,0.0,72.74,61.08,False,False,No festival
2025-09-04,DEL,Delhi NCR,27.2,0.0,43.53,211.43,False,False,No festival
2025-09-04,HYD,Hyderabad,30.52,0.0,45.52,82.88,False,False,No festival
2025-09-04,KOL,Kolkata,25.39,0.0,64.4,174.11,False,False,No festival
2025-09-04,MUM,Mumbai,28.8,13.08,74.85,124.07,False,False,No festival
2025-09-04,PUN,Pune,25.21,0.0,65.54,92.46,False,False,No festival
2025-09-05,AMD,Ahmedabad,32.77,0.0,46.0,98.39,False,False,No festival
2025-09-05,BLR,Bengaluru,24.89,0.0,66.27,71.27,False,False,No festival
2025-09-05,CHE,Chennai,27.16,0.0,74.91,64.07,False,False,No festival
2025-09-05,DEL,Delhi NCR,25.18,0.0,54.22,170.61,False,False,No festival
2025-09-05,HYD,Hyderabad,31.02,0.0,56.61,134.51,False,False,No festival
2025-09-05,KOL,Kolkata,29.97,0.0,76.28,121.33,False,False,No festival
2025-09-05,MUM,Mumbai,27.71,3.29,80.86,50.95,False,False,No festival
2025-09-05,PUN,Pune,24.81,0.0,61.73,53.04,False,False,No festival
2025-09-06,AMD,Ahmedabad,29.29,0.0,34.26,116.28,False,False,No festival
2025-09-06,BLR,Bengaluru,24.96,0.0,65.77,71.5,False,False,No festival
2025-09-06,CHE,Chennai,28.67,10.34,81.02,109.14,False,False,No festival
2025-09-06,DEL,Delhi NCR,26.85,0.0,50.2,149.61,False,False,No festival
2025-09-06,HYD,Hyderabad,26.11,0.0,61.97,132.97,False,False,No festival
2025-09-06,KOL,Kolkata,24.53,11.82,85.77,120.55,False,False,No festival
2025-09-06,MUM,Mumbai,26.37,24.23,86.05,97.47,False,False,No festival
2025-09-06,PUN,Pune,25.3,14.83,77.22,68.14,False,False,No festival
2025-09-07,AMD,Ahmedabad,29.4,0.0,37.11,135.66,False,False,No festival
2025-09-07,BLR,Bengaluru,25.25,0.0,57.6,50.35,False,False,No festival
2025-09-07,CHE,Chennai,27.18,3.09,89.73,77.45,False,False,No festival
2025-09-07,DEL,Delhi NCR,27.76,0.0,48.83,181.19,False,False,No festival
2025-09-07,HYD,Hyderabad,27.98,6.49,58.82,92.0,False,False,No festival
2025-09-07,KOL,Kolkata,27.99,0.0,67.63,139.53,False,False,No festival
2025-09-07,MUM,Mumbai,25.84,6.25,73.99,127.9,False,False,No festival
2025-09-07,PUN,Pune,22.83,0.0,62.69,66.13,False,False,No festival
2025-09-08,AMD,Ahmedabad,30.65,0.0,48.01,122.61,False,False,No festival
2025-09-08,BLR,Bengaluru,27.0,0.0,68.92,69.24,False,False,No festival
2025-09-08,CHE,Chennai,29.63,18.86,87.43,92.49,False,False,No festival
2025-09-08,DEL,Delhi NCR,27.33,0.0,60.12,199.45,False,False,No festival
2025-09-08,HYD,Hyderabad,29.73,5.57,68.39,81.8,False,False,No festival
2025-09-08,KOL,Kolkata,26.59,0.0,69.74,85.86,False,False,No festival
2025-09-08,MUM,Mumbai,29.19,0.0,72.72,103.68,False,False,No festival
2025-09-08,PUN,Pune,26.16,0.0,59.19,89.23,False,False,No festival
2025-09-09,AMD,Ahmedabad,27.96,0.0,43.07,127.35,False,False,No festival
2025-09-09,BLR,Bengaluru,25.04,17.66,70.26,108.68,False,False,No festival
2025-09-09,CHE,Chennai,28.18,0.0,76.67,60.87,False,False,No festival
2025-09-09,DEL,Delhi NCR,25.62,0.0,55.64,195.25,False,False,No festival
2025-09-09,HYD,Hyderabad,29.58,0.0,57.54,113.87,False,False,No festival
2025-09-09,KOL,Kolkata,25.4,0.0,72.25,161.43,False,False,No festival
2025-09-09,MUM,Mumbai,27.11,18.9,85.62,64.62,False,False,No festival
2025-09-09,PUN,Pune,23.42,3.89,70.64,82.07,False,False,No festival
2025-09-10,AMD,Ahmedabad,26.94,0.0,51.42,110.18,False,False,No festival
2025-09-10,BLR,Bengaluru,26.44,33.77,86.72,68.02,False,False,No festival
2025-09-10,CHE,Chennai,28.77,13.63,79.86,91.56,False,False,No festival
2025-09-10,DEL,Delhi NCR,25.53,19.44,71.71,149.0,False,False,No festival
2025-09-10,HYD,Hyderabad,27.14,0.0,62.99,115.12,False,False,No festival
2025-09-10,KOL,Kolkata,26.03,6.91,76.41,135.3,False,False,No festival
2025-09-10,MUM,Mumbai,27.37,0.0,70.9,50.67,False,False,No festival
2025-09-10,PUN,Pune,27.31,0.0,59.22,48.91,False,False,No festival
2025-09-11,AMD,Ahmedabad,27.3,0.0,39.3,105.29,False,False,No festival
2025-09-11,BLR,Bengaluru,26.82,0.0,61.82,80.44,False,False,No festival
2025-09-11,CHE,Chennai,28.47,9.55,91.55,124.66,False,False,No festival
2025-09-11,DEL,Delhi NCR,26.3,0.0,54.04,119.52,False,False,No festival
2025-09-11,HYD,Hyderabad,29.95,0.0,55.1,83.76,False,False,No festival
2025-09-11,KOL,Kolkata,26.78,0.0,65.61,131.96,False,False,No festival
2025-09-11,MUM,Mumbai,26.59,0.0,72.14,49.27,False,False,No festival
2025-09-11,PUN,Pune,24.52,0.0,57.76,89.34,False,False,No festival
2025-09-12,AMD,Ahmedabad,26.47,10.14,59.16,102.24,False,False,No festival
2025-09-12,BLR,Bengaluru,22.61,0.0,58.7,55.12,False,False,No festival
2025-09-12,CHE,Chennai,27.7,0.0,84.56,134.9,False,False,No festival
2025-09-12,DEL,Delhi NCR,25.97,0.0,50.17,180.96,False,False,No festival
2025-09-12,HYD,Hyderabad,27.26,6.68,69.33,83.13,False,False,No festival
2025-09-12,KOL,Kolkata,27.88,0.0,64.66,94.03,False,False,No festival
2025-09-12,MUM,Mumbai,27.79,12.2,81.79,107.77,False,False,No festival
2025-09-12,PUN,Pune,26.32,0.0,50.88,68.28,False,False,No festival
2025-09-13,AMD,Ahmedabad,23.5,0.0,48.11,63.01,False,False,No festival
2025-09-13,BLR,Bengaluru,26.0,0.0,76.0,97.56,False,False,No festival
2025-09-13,CHE,Chennai,25.35,0.0,78.09,115.32,False,False,No festival
2025-09-13,DEL,Delhi NCR,21.86,2.09,59.82,154.71,False,False,No festival
2025-09-13,HYD,Hyderabad,26.91,0.0,53.08,92.63,False,False,No festival
2025-09-13,KOL,Kolkata,28.54,11.32,84.17,150.69,False,False,No festival
2025-09-13,MUM,Mumbai,24.46,0.0,76.97,76.22,False,False,No festival
2025-09-13,PUN,Pune,26.61,0.0,58.66,92.39,False,False,No festival
2025-09-14,AMD,Ahmedabad,27.64,0.0,47.37,106.0,False,False,No festival
2025-09-14,BLR,Bengaluru,20.07,0.0,74.4,112.72,False,False,No festival
2025-09-14,CHE,Chennai,31.06,6.29,77.79,68.58,False,False,No festival
2025-09-14,DEL,Delhi NCR,26.09,0.0,55.67,138.86,False,False,No festival
2025-09-14,HYD,Hyderabad,32.11,0.0,57.04,126.37,False,False,No festival
2025-09-14,KOL,Kolkata,24.56,0.0,73.92,160.92,False,False,No festival
2025-09-14,MUM,Mumbai,24.84,37.45,90.98,95.3,False,False,No festival
2025-09-14,PUN,Pune,22.81,0.0,59.82,70.73,False,False,No festival
2025-09-15,AMD,Ahmedabad,25.92,0.0,42.1,92.75,False,False,No festival
2025-09-15,BLR,Bengaluru,28.61,0.0,65.28,107.38,False,False,No festival
2025-09-15,CHE,Chennai,27.45,30.14,80.6,65.55,False,False,No festival
2025-09-15,DEL,Delhi NCR,22.43,0.0,56.8,224.66,False,False,No festival
2025-09-15,HYD,Hyderabad,25.9,0.0,53.25,88.99,False,False,No festival
2025-09-15,KOL,Kolkata,26.5,0.0,65.89,109.54,False,False,No festival
2025-09-15,MUM,Mumbai,27.34,0.0,84.11,55.28,False,False,No festival
2025-09-15,PUN,Pune,22.17,0.0,49.7,91.11,False,False,No festival
2025-09-16,AMD,Ahmedabad,29.69,0.0,44.55,93.2,False,False,No festival
2025-09-16,BLR,Bengaluru,25.82,0.0,60.23,81.19,False,False,No festival
2025-09-16,CHE,Chennai,29.37,1.8,78.47,29.92,False,False,No festival
2025-09-16,DEL,Delhi NCR,24.16,0.0,55.88,150.66,False,False,No festival
2025-09-16,HYD,Hyderabad,27.64,13.25,77.59,123.83,False,False,No festival
2025-09-16,KOL,Kolkata,26.29,0.0,62.41,124.25,False,False,No festival
2025-09-16,MUM,Mumbai,28.84,0.0,75.12,82.32,False,False,No festival
2025-09-16,PUN,Pune,31.25,7.01,70.77,51.63,False,False,No festival
2025-09-17,AMD,Ahmedabad,26.57,0.0,41.4,99.14,False,False,No festival
2025-09-17,BLR,Bengaluru,23.78,0.0,53.44,65.32,False,False,No festival
2025-09-17,CHE,Chennai,30.53,4.39,86.39,91.83,False,False,No festival
2025-09-17,DEL,Delhi NCR,24.97,4.99,63.01,160.1,False,False,No festival
2025-09-17,HYD,Hyderabad,27.49,0.0,58.35,118.74,False,False,No festival
2025-09-17,KOL,Kolkata,25.2,0.0,65.81,106.37,False,False,No festival
2025-09-17,MUM,Mumbai,26.33,6.38,81.57,78.76,False,False,No festival
2025-09-17,PUN,Pune,25.09,6.45,76.14,85.69,False,False,No festival
2025-09-18,AMD,Ahmedabad,25.2,0.0,50.05,115.92,False,False,No festival
2025-09-18,BLR,Bengaluru,24.84,21.88,73.96,86.14,False,False,No festival
2025-09-18,CHE,Chennai,31.11,13.16,82.34,127.89,False,False,No festival
2025-09-18,DEL,Delhi NCR,25.49,0.0,49.52,169.31,False,False,No festival
2025-09-18,HYD,Hyderabad,26.44,0.0,57.34,116.24,False,False,No festival
2025-09-18,KOL,Kolkata,27.02,36.33,81.21,118.36,False,False,No festival
2025-09-18,MUM,Mumbai,28.14,0.0,75.68,96.08,False,False,No festival
2025-09-18,PUN,Pune,25.47,5.08,68.29,82.57,False,False,No festival
2025-09-19,AMD,Ahmedabad,27.74,0.0,44.74,97.11,False,False,No festival
2025-09-19,BLR,Bengaluru,23.4,0.0,66.51,63.98,False,False,No festival
2025-09-19,CHE,Chennai,28.07,0.0,64.61,85.02,False,False,No festival
2025-09-19,DEL,Delhi NCR,23.09,11.01,55.2,173.16,False,False,No festival
2025-09-19,HYD,Hyderabad,29.11,0.0,51.86,107.17,False,False,No festival
2025-09-19,KOL,Kolkata,24.28,0.0,69.43,154.13,False,False,No festival
2025-09-19,MUM,Mumbai,27.75,0.0,66.26,58.36,False,False,No festival
2025-09-19,PUN,Pune,25.68,0.0,74.96,64.8,False,False,No festival
2025-09-20,AMD,Ahmedabad,23.88,0.0,57.95,127.81,False,False,No festival
2025-09-20,BLR,Bengaluru,24.47,0.0,63.43,95.82,False,False,No festival
2025-09-20,CHE,Chennai,28.12,0.0,63.62,92.37,False,False,No festival
2025-09-20,DEL,Delhi NCR,26.41,0.0,47.12,177.66,False,False,No festival
2025-09-20,HYD,Hyderabad,26.19,0.0,62.65,89.31,False,False,No festival
2025-09-20,KOL,Kolkata,26.95,0.0,69.09,89.77,False,False,No festival
2025-09-20,MUM,Mumbai,30.22,12.09,87.94,95.47,False,False,No festival
2025-09-20,PUN,Pune,24.6,3.39,71.91,61.2,False,False,No festival
2025-09-21,AMD,Ahmedabad,25.19,0.0,41.84,129.86,False,False,No festival
2025-09-21,BLR,Bengaluru,24.79,0.0,72.53,95.49,False,False,No festival
2025-09-21,CHE,Chennai,26.93,0.0,77.0,75.74,False,False,No festival
2025-09-21,DEL,Delhi NCR,22.55,0.0,55.53,136.74,False,False,No festival
2025-09-21,HYD,Hyderabad,26.81,16.81,65.19,90.94,False,False,No festival
2025-09-21,KOL,Kolkata,27.85,0.0,71.87,143.8,False,False,No festival
2025-09-21,MUM,Mumbai,29.31,0.0,66.92,114.6,False,False,No festival
2025-09-21,PUN,Pune,26.85,4.52,83.56,83.08,False,False,No festival
2025-09-22,AMD,Ahmedabad,27.01,0.0,39.75,96.35,False,False,No festival
2025-09-22,BLR,Bengaluru,23.9,0.0,56.88,95.58,False,False,No festival
2025-09-22,CHE,Chennai,29.48,0.0,70.36,103.84,False,False,No festival
2025-09-22,DEL,Delhi NCR,22.37,0.0,50.34,165.29,False,False,No festival
2025-09-22,HYD,Hyderabad,25.35,0.0,54.02,90.97,False,False,No festival
2025-09-22,KOL,Kolkata,26.76,0.0,63.27,104.09,False,False,No festival
2025-09-22,MUM,Mumbai,25.92,0.0,65.6,83.85,False,False,No festival
2025-09-22,PUN,Pune,23.85,0.0,55.97,55.28,False,False,No festival
2025-09-23,AMD,Ahmedabad,26.92,0.0,52.62,68.64,False,False,No festival
2025-09-23,BLR,Bengaluru,25.09,0.0,50.1,102.02,False,False,No festival
2025-09-23,CHE,Chennai,31.85,0.0,69.03,106.99,False,False,No festival
2025-09-23,DEL,Delhi NCR,24.03,0.0,42.6,193.6,False,False,No festival
2025-09-23,HYD,Hyderabad,25.88,6.78,67.52,98.16,False,False,No festival
2025-09-23,KOL,Kolkata,26.53,9.93,93.37,115.96,False,False,No festival
2025-09-23,MUM,Mumbai,29.35,0.0,65.47,103.85,False,False,No festival
2025-09-23,PUN,Pune,27.48,0.0,63.2,64.65,False,False,No festival
2025-09-24,AMD,Ahmedabad,23.51,0.0,44.04,120.12,False,False,No festival
2025-09-24,BLR,Bengaluru,23.08,0.0,58.7,57.92,False,False,No festival
2025-09-24,CHE,Chennai,27.17,0.0,75.54,102.77,False,False,No festival
2025-09-24,DEL,Delhi NCR,23.8,0.0,50.57,144.05,False,False,No festival
2025-09-24,HYD,Hyderabad,26.46,0.0,55.82,101.24,False,False,No festival
2025-09-24,KOL,Kolkata,30.41,0.0,71.83,94.63,False,False,No festival
2025-09-24,MUM,Mumbai,29.65,0.0,69.42,88.48,False,False,No festival
2025-09-24,PUN,Pune,23.71,18.69,72.91,73.51,False,False,No festival
2025-09-25,AMD,Ahmedabad,27.36,0.0,50.74,106.81,False,False,No festival
2025-09-25,BLR,Bengaluru,26.94,0.0,55.5,68.69,False,False,No festival
2025-09-25,CHE,Chennai,26.74,0.0,66.46,89.82,False,False,No festival
2025-09-25,DEL,Delhi NCR,23.43,0.0,57.42,146.79,False,False,No festival
2025-09-25,HYD,Hyderabad,25.48,0.0,60.11,138.52,False,False,No festival
2025-09-25,KOL,Kolkata,26.62,20.53,87.94,92.2,False,False,No festival
2025-09-25,MUM,Mumbai,26.49,0.0,79.1,35.87,False,False,No festival
2025-09-25,PUN,Pune,24.24,0.0,52.4,80.05,False,False,No festival
2025-09-26,AMD,Ahmedabad,25.7,0.0,52.08,84.19,False,False,No festival
2025-09-26,BLR,Bengaluru,21.51,17.2,82.12,69.59,False,False,No festival
2025-09-26,CHE,Chennai,26.82,19.45,88.66,115.97,False,False,No festival
2025-09-26,DEL,Delhi NCR,24.29,0.0,54.07,172.05,False,False,No festival
2025-09-26,HYD,Hyderabad,27.78,0.0,56.73,84.02,False,False,No festival
2025-09-26,KOL,Kolkata,22.1,0.0,80.01,131.82,False,False,No festival
2025-09-26,MUM,Mumbai,28.21,18.87,80.49,120.77,False,False,No festival
2025-09-26,PUN,Pune,24.86,0.0,58.77,111.79,False,False,No festival
2025-09-27,AMD,Ahmedabad,26.8,8.87,58.56,118.62,False,False,No festival
2025-09-27,BLR,Bengaluru,24.56,0.0,62.09,56.22,False,False,No festival
2025-09-27,CHE,Chennai,30.01,4.08,85.24,65.18,False,False,No festival
2025-09-27,DEL,Delhi NCR,23.3,0.0,42.12,140.43,False,False,No festival
2025-09-27,HYD,Hyderabad,27.8,0.0,59.7,129.59,False,False,No festival
2025-09-27,KOL,Kolkata,28.39,4.14,79.13,137.81,False,False,No festival
2025-09-27,MUM,Mumbai,27.9,0.0,70.86,90.84,False,False,No festival
2025-09-27,PUN,Pune,27.16,0.0,50.45,104.8,False,False,No festival
2025-09-28,AMD,Ahmedabad,25.38,0.0,51.67,46.39,False,False,No festival
2025-09-28,BLR,Bengaluru,23.37,0.0,64.65,54.51,False,False,No festival
2025-09-28,CHE,Chennai,27.23,9.3,79.49,55.05,False,False,No festival
2025-09-28,DEL,Delhi NCR,22.11,0.0,47.17,156.34,False,False,No festival
2025-09-28,HYD,Hyderabad,27.51,0.0,54.69,99.74,False,False,No festival
2025-09-28,KOL,Kolkata,23.17,34.13,89.78,153.9,False,False,No festival
2025-09-28,MUM,Mumbai,26.55,0.0,70.01,79.13,False,False,No festival
2025-09-28,PUN,Pune,28.58,0.0,53.09,86.25,False,False,No festival
2025-09-29,AMD,Ahmedabad,26.9,0.0,36.5,102.55,False,False,No festival
2025-09-29,BLR,Bengaluru,25.28,0.0,71.8,71.34,False,False,No festival
2025-09-29,CHE,Chennai,28.21,0.0,61.82,118.07,False,False,No festival
2025-09-29,DEL,Delhi NCR,22.31,0.0,54.67,154.7,False,False,No festival
2025-09-29,HYD,Hyderabad,30.75,2.83,64.18,83.28,False,False,No festival
2025-09-29,KOL,Kolkata,24.59,0.0,85.5,117.64,False,False,No festival
2025-09-29,MUM,Mumbai,25.43,0.0,67.55,91.62,False,False,No festival
2025-09-29,PUN,Pune,26.1,0.0,62.11,53.72,False,False,No festival
2025-09-30,AMD,Ahmedabad,24.0,0.0,47.76,100.88,False,False,No festival
2025-09-30,BLR,Bengaluru,27.23,0.0,63.54,86.15,False,False,No festival
2025-09-30,CHE,Chennai,28.24,0.0,70.99,125.67,False,False,No festival
2025-09-30,DEL,Delhi NCR,21.25,9.92,63.69,161.24,False,False,No festival
2025-09-30,HYD,Hyderabad,26.45,0.0,60.31,150.42,False,False,No festival
2025-09-30,KOL,Kolkata,26.05,12.28,75.93,119.3,False,False,No festival
2025-09-30,MUM,Mumbai,27.28,0.0,72.03,93.54,False,False,No festival
2025-09-30,PUN,Pune,24.36,0.0,61.24,81.43,False,False,No festival
2025-10-01,AMD,Ahmedabad,25.82,0.0,45.56,95.93,False,False,No festival
2025-10-01,BLR,Bengaluru,26.06,0.0,64.14,125.83,False,False,No festival
2025-10-01,CHE,Chennai,26.69,0.0,74.28,46.52,False,False,No festival
2025-10-01,DEL,Delhi NCR,25.14,0.0,52.83,148.09,False,False,No festival
2025-10-01,HYD,Hyderabad,29.91,0.0,57.28,107.7,False,False,No festival
2025-10-01,KOL,Kolkata,27.66,0.0,69.67,80.77,False,False,No festival
2025-10-01,MUM,Mumbai,30.15,0.0,71.94,97.52,False,False,No festival
2025-10-01,PUN,Pune,25.51,0.0,65.83,47.31,False,False,No festival
2025-10-02,AMD,Ahmedabad,23.23,0.0,47.26,106.19,False,True,No festival
2025-10-02,BLR,Bengaluru,23.09,0.0,71.81,79.7,False,True,No festival
2025-10-02,CHE,Chennai,28.47,18.32,88.09,79.96,False,True,No festival
2025-10-02,DEL,Delhi NCR,21.13,0.0,54.54,167.28,False,True,No festival
2025-10-02,HYD,Hyderabad,27.74,0.0,52.57,113.29,False,True,No festival
2025-10-02,KOL,Kolkata,25.31,0.0,71.18,140.97,False,True,No festival
2025-10-02,MUM,Mumbai,27.7,0.0,67.33,92.96,False,True,No festival
2025-10-02,PUN,Pune,23.76,0.0,67.86,100.75,False,True,No festival
2025-10-03,AMD,Ahmedabad,26.85,0.0,47.36,121.98,False,False,No festival
2025-10-03,BLR,Bengaluru,26.44,0.0,60.27,68.61,False,False,No festival
2025-10-03,CHE,Chennai,28.91,5.51,88.79,102.55,False,False,No festival
2025-10-03,DEL,Delhi NCR,22.21,0.0,53.12,146.54,False,False,No festival
2025-10-03,HYD,Hyderabad,27.23,0.0,59.36,88.39,False,False,No festival
2025-10-03,KOL,Kolkata,20.85,0.0,78.97,166.22,False,False,No festival
2025-10-03,MUM,Mumbai,27.0,0.0,69.22,84.6,False,False,No festival
2025-10-03,PUN,Pune,21.88,0.0,56.78,36.69,False,False,No festival
2025-10-04,AMD,Ahmedabad,25.33,0.0,46.0,88.02,False,False,No festival
2025-10-04,BLR,Bengaluru,21.69,0.0,61.65,69.0,False,False,No festival
2025-10-04,CHE,Chennai,31.03,0.0,75.07,61.52,False,False,No festival
2025-10-04,DEL,Delhi NCR,22.96,0.0,48.36,165.31,False,False,No festival
2025-10-04,HYD,Hyderabad,26.8,0.0,56.22,107.5,False,False,No festival
2025-10-04,KOL,Kolkata,27.07,0.0,70.05,125.67,False,False,No festival
2025-10-04,MUM,Mumbai,25.26,0.0,68.68,76.1,False,False,No festival
2025-10-04,PUN,Pune,22.22,0.0,65.5,65.98,False,False,No festival
2025-10-05,AMD,Ahmedabad,26.59,0.0,46.43,94.13,False,False,No festival
2025-10-05,BLR,Bengaluru,24.78,0.0,56.2,43.29,False,False,No festival
2025-10-05,CHE,Chennai,31.05,0.0,72.42,53.95,False,False,No festival
2025-10-05,DEL,Delhi NCR,22.52,0.0,57.34,191.56,False,False,No festival
2025-10-05,HYD,Hyderabad,25.62,0.0,50.77,84.96,False,False,No festival
2025-10-05,KOL,Kolkata,26.79,0.0,77.28,147.8,False,False,No festival
2025-10-05,MUM,Mumbai,29.23,0.0,72.48,87.98,False,False,No festival
2025-10-05,PUN,Pune,24.01,0.0,68.56,103.89,False,False,No festival
2025-10-06,AMD,Ahmedabad,26.31,0.0,46.92,94.54,False,False,No festival
2025-10-06,BLR,Bengaluru,21.85,0.0,64.0,70.08,False,False,No festival
2025-10-06,CHE,Chennai,27.05,13.32,84.36,84.77,False,False,No festival
2025-10-06,DEL,Delhi NCR,23.18,0.0,55.6,150.6,False,False,No festival
2025-10-06,HYD,Hyderabad,26.14,0.0,54.69,86.37,False,False,No festival
2025-10-06,KOL,Kolkata,26.04,0.0,73.67,142.07,False,False,No festival
2025-10-06,MUM,Mumbai,23.72,18.87,80.32,87.55,False,False,No festival
2025-10-06,PUN,Pune,24.95,0.0,62.84,82.33,False,False,No festival
2025-10-07,AMD,Ahmedabad,25.03,0.0,54.73,72.48,False,False,No festival
2025-10-07,BLR,Bengaluru,25.28,0.0,58.45,96.38,False,False,No festival
2025-10-07,CHE,Chennai,29.82,0.0,73.86,25.0,False,False,No festival
2025-10-07,DEL,Delhi NCR,23.07,0.0,46.58,178.9,False,False,No festival
2025-10-07,HYD,Hyderabad,28.75,0.0,51.2,93.7,False,False,No festival
2025-10-07,KOL,Kolkata,27.24,0.0,65.76,71.2,False,False,No festival
2025-10-07,MUM,Mumbai,26.8,0.0,87.45,86.55,False,False,No festival
2025-10-07,PUN,Pune,22.57,0.0,60.16,67.74,False,False,No festival
2025-10-08,AMD,Ahmedabad,24.3,0.0,45.84,65.15,False,False,No festival
2025-10-08,BLR,Bengaluru,27.09,0.0,63.73,117.74,False,False,No festival
2025-10-08,CHE,Chennai,30.75,0.0,73.96,95.58,False,False,No festival
2025-10-08,DEL,Delhi NCR,21.62,0.0,52.36,178.6,False,False,No festival
2025-10-08,HYD,Hyderabad,28.75,0.0,60.65,118.8,False,False,No festival
2025-10-08,KOL,Kolkata,27.38,0.0,72.69,80.32,False,False,No festival
2025-10-08,MUM,Mumbai,26.96,0.0,70.74,96.68,False,False,No festival
2025-10-08,PUN,Pune,20.82,0.0,63.88,71.57,False,False,No festival
2025-10-09,AMD,Ahmedabad,24.49,0.0,44.31,87.05,False,False,No festival
2025-10-09,BLR,Bengaluru,25.98,0.0,66.6,81.38,False,False,No festival
2025-10-09,CHE,Chennai,26.67,21.8,91.41,110.0,False,False,No festival
2025-10-09,DEL,Delhi NCR,21.11,0.0,46.75,144.82,False,False,No festival
2025-10-09,HYD,Hyderabad,25.16,0.0,60.05,90.37,False,False,No festival
2025-10-09,KOL,Kolkata,26.37,0.0,71.17,108.99,False,False,No festival
2025-10-09,MUM,Mumbai,26.31,0.0,63.01,89.61,False,False,No festival
2025-10-09,PUN,Pune,26.78,0.0,68.62,109.92,False,False,No festival
2025-10-10,AMD,Ahmedabad,25.13,0.0,54.63,97.2,False,False,No festival
2025-10-10,BLR,Bengaluru,22.4,0.0,56.64,62.64,False,False,No festival
2025-10-10,CHE,Chennai,29.53,0.0,66.5,68.16,False,False,No festival
2025-10-10,DEL,Delhi NCR,22.24,0.0,61.09,119.81,False,False,No festival
2025-10-10,HYD,Hyderabad,24.68,0.0,52.14,86.81,False,False,No festival
2025-10-10,KOL,Kolkata,26.62,0.0,76.34,124.34,False,False,No festival
2025-10-10,MUM,Mumbai,24.88,0.0,76.05,53.68,False,False,No festival
2025-10-10,PUN,Pune,24.49,0.0,66.3,48.19,False,False,No festival
2025-10-11,AMD,Ahmedabad,26.28,0.0,48.2,111.58,False,False,No festival
2025-10-11,BLR,Bengaluru,22.2,0.0,63.46,96.03,False,False,No festival
2025-10-11,CHE,Chennai,30.9,0.0,75.59,92.61,False,False,No festival
2025-10-11,DEL,Delhi NCR,23.12,0.0,48.44,167.56,False,False,No festival
2025-10-11,HYD,Hyderabad,26.92,0.0,52.82,93.52,False,False,No festival
2025-10-11,KOL,Kolkata,24.56,0.0,66.62,71.32,False,False,No festival
2025-10-11,MUM,Mumbai,25.01,0.0,72.68,73.67,False,False,No festival
2025-10-11,PUN,Pune,24.84,0.0,54.24,96.94,False,False,No festival
2025-10-12,AMD,Ahmedabad,21.78,0.0,56.02,100.68,False,False,No festival
2025-10-12,BLR,Bengaluru,25.62,0.0,65.32,117.2,False,False,No festival
2025-10-12,CHE,Chennai,26.55,0.0,80.61,65.97,False,False,No festival
2025-10-12,DEL,Delhi NCR,18.2,0.0,57.92,200.14,False,False,No festival
2025-10-12,HYD,Hyderabad,25.32,0.0,51.04,130.01,False,False,No festival
2025-10-12,KOL,Kolkata,25.62,0.0,69.83,126.21,False,False,No festival
2025-10-12,MUM,Mumbai,31.85,0.0,77.15,70.93,False,False,No festival
2025-10-12,PUN,Pune,23.41,0.0,63.24,78.56,False,False,No festival
2025-10-13,AMD,Ahmedabad,24.78,0.0,49.24,104.88,False,True,Diwali
2025-10-13,BLR,Bengaluru,22.6,0.0,71.66,51.24,False,True,Diwali
2025-10-13,CHE,Chennai,27.38,4.53,82.74,93.41,False,True,Diwali
2025-10-13,DEL,Delhi NCR,18.29,0.0,57.19,185.35,False,True,Diwali
2025-10-13,HYD,Hyderabad,27.49,0.0,60.48,105.34,False,True,Diwali
2025-10-13,KOL,Kolkata,23.09,0.0,74.06,152.15,False,True,Diwali
2025-10-13,MUM,Mumbai,24.29,0.0,74.41,93.22,False,True,Diwali
2025-10-13,PUN,Pune,23.05,0.0,62.15,86.37,False,True,Diwali
2025-10-14,AMD,Ahmedabad,27.57,0.0,52.3,156.03,False,True,Diwali
2025-10-14,BLR,Bengaluru,26.13,0.0,56.99,34.13,False,True,Diwali
2025-10-14,CHE,Chennai,26.93,0.0,78.97,80.17,False,True,Diwali
2025-10-14,DEL,Delhi NCR,20.72,0.0,54.22,174.86,False,True,Diwali
2025-10-14,HYD,Hyderabad,26.48,0.0,52.43,79.4,False,True,Diwali
2025-10-14,KOL,Kolkata,22.25,0.0,71.61,128.48,False,True,Diwali
2025-10-14,MUM,Mumbai,26.91,0.0,69.12,70.38,False,True,Diwali
2025-10-14,PUN,Pune,24.27,0.0,71.19,85.59,False,True,Diwali
2025-10-15,AMD,Ahmedabad,25.98,0.0,40.73,81.19,False,True,Diwali
2025-10-15,BLR,Bengaluru,27.67,0.0,66.68,37.57,False,True,Diwali
2025-10-15,CHE,Chennai,27.3,27.87,85.11,72.35,False,True,Diwali
2025-10-15,DEL,Delhi NCR,22.52,0.0,54.22,198.0,False,True,Diwali
2025-10-15,HYD,Hyderabad,24.07,0.0,60.48,110.2,False,True,Diwali
2025-10-15,KOL,Kolkata,21.89,0.0,64.99,174.53,False,True,Diwali
2025-10-15,MUM,Mumbai,27.37,0.0,71.19,91.9,False,True,Diwali
2025-10-15,PUN,Pune,23.05,0.0,59.22,69.9,False,True,Diwali
2025-10-16,AMD,Ahmedabad,23.91,0.0,46.03,88.16,False,True,Diwali
2025-10-16,BLR,Bengaluru,24.96,0.0,65.38,123.94,False,True,Diwali
2025-10-16,CHE,Chennai,28.09,20.2,89.12,60.93,False,True,Diwali
2025-10-16,DEL,Delhi NCR,22.05,0.0,59.02,175.41,False,True,Diwali
2025-10-16,HYD,Hyderabad,27.5,0.0,53.51,143.65,False,True,Diwali
2025-10-16,KOL,Kolkata,25.26,0.0,68.99,120.5,False,True,Diwali
2025-10-16,MUM,Mumbai,26.79,0.0,73.45,117.42,False,True,Diwali
2025-10-16,PUN,Pune,27.01,0.0,63.42,57.91,False,True,Diwali
2025-10-17,AMD,Ahmedabad,27.22,0.0,46.27,98.57,False,True,Diwali
2025-10-17,BLR,Bengaluru,21.61,0.0,65.83,108.19,False,True,Diwali
2025-10-17,CHE,Chennai,28.22,0.0,71.22,41.57,False,True,Diwali
2025-10-17,DEL,Delhi NCR,24.04,0.0,53.4,166.17,False,True,Diwali
2025-10-17,HYD,Hyderabad,25.83,0.0,56.06,91.12,False,True,Diwali
2025-10-17,KOL,Kolkata,23.82,0.0,67.12,117.3,False,True,Diwali
2025-10-17,MUM,Mumbai,27.66,0.0,74.7,118.46,False,True,Diwali
2025-10-17,PUN,Pune,25.11,0.0,55.57,39.88,False,True,Diwali
2025-10-18,AMD,Ahmedabad,26.44,0.0,47.25,94.6,False,True,Diwali
2025-10-18,BLR,Bengaluru,23.5,0.0,61.09,74.38,False,True,Diwali
2025-10-18,CHE,Chennai,27.12,21.73,91.08,46.15,False,True,Diwali
2025-10-18,DEL,Delhi NCR,18.29,0.0,53.37,130.75,False,True,Diwali
2025-10-18,HYD,Hyderabad,23.02,0.0,58.35,83.59,False,True,Diwali
2025-10-18,KOL,Kolkata,24.49,2.05,80.39,132.31,False,True,Diwali
2025-10-18,MUM,Mumbai,22.51,0.0,68.5,69.51,False,True,Diwali
2025-10-18,PUN,Pune,28.76,0.0,63.34,64.84,False,True,Diwali
2025-10-19,AMD,Ahmedabad,25.74,0.0,59.04,102.99,False,True,Diwali
2025-10-19,BLR,Bengaluru,23.42,0.0,70.16,93.49,False,True,Diwali
2025-10-19,CHE,Chennai,25.22,0.0,77.4,58.67,False,True,Diwali
2025-10-19,DEL,Delhi NCR,19.93,0.0,51.92,186.86,False,True,Diwali
2025-10-19,HYD,Hyderabad,25.11,0.0,61.97,75.12,False,True,Diwali
2025-10-19,KOL,Kolkata,22.86,0.0,74.75,76.15,False,True,Diwali
2025-10-19,MUM,Mumbai,26.57,16.98,83.91,60.79,False,True,Diwali
2025-10-19,PUN,Pune,25.66,0.0,64.42,64.58,False,True,Diwali
2025-10-20,AMD,Ahmedabad,22.89,0.0,54.25,128.9,False,True,Diwali
2025-10-20,BLR,Bengaluru,22.56,0.0,72.34,77.81,False,True,Diwali
2025-10-20,CHE,Chennai,30.6,0.0,76.06,61.94,False,True,Diwali
2025-10-20,DEL,Delhi NCR,18.5,0.0,56.39,160.99,False,True,Diwali
2025-10-20,HYD,Hyderabad,25.74,0.0,54.22,89.75,False,True,Diwali
2025-10-20,KOL,Kolkata,25.87,0.0,68.85,82.11,False,True,Diwali
2025-10-20,MUM,Mumbai,24.63,0.0,79.16,113.38,False,True,Diwali
2025-10-20,PUN,Pune,25.2,0.0,59.07,66.67,False,True,Diwali
2025-10-21,AMD,Ahmedabad,24.74,0.0,50.8,87.46,False,True,Diwali
2025-10-21,BLR,Bengaluru,24.56,3.42,69.8,75.17,False,True,Diwali
2025-10-21,CHE,Chennai,27.11,0.0,75.09,90.36,False,True,Diwali
2025-10-21,DEL,Delhi NCR,21.56,0.0,54.41,133.15,False,True,Diwali
2025-10-21,HYD,Hyderabad,25.43,0.0,69.63,149.28,False,True,Diwali
2025-10-21,KOL,Kolkata,24.79,0.0,74.16,121.78,False,True,Diwali
2025-10-21,MUM,Mumbai,24.2,0.0,77.08,105.64,False,True,Diwali
2025-10-21,PUN,Pune,23.82,0.0,57.94,78.14,False,True,Diwali
2025-10-22,AMD,Ahmedabad,20.42,12.71,58.15,86.95,False,True,Diwali
2025-10-22,BLR,Bengaluru,24.19,0.0,62.33,86.74,False,True,Diwali
2025-10-22,CHE,Chennai,28.58,0.0,71.79,73.88,False,True,Diwali
2025-10-22,DEL,Delhi NCR,18.48,0.0,46.84,132.86,False,True,Diwali
2025-10-22,HYD,Hyderabad,25.92,0.0,46.63,95.24,False,True,Diwali
2025-10-22,KOL,Kolkata,27.89,6.58,73.03,121.32,False,True,Diwali
2025-10-22,MUM,Mumbai,27.99,0.0,73.52,53.86,False,True,Diwali
2025-10-22,PUN,Pune,22.35,0.0,67.17,83.05,False,True,Diwali
2025-10-23,AMD,Ahmedabad,22.24,0.0,41.49,124.63,False,False,No festival
2025-10-23,BLR,Bengaluru,24.64,0.0,73.84,53.9,False,False,No festival
2025-10-23,CHE,Chennai,27.54,9.59,85.2,64.27,False,False,No festival
2025-10-23,DEL,Delhi NCR,21.37,0.0,49.7,160.1,False,False,No festival
2025-10-23,HYD,Hyderabad,25.54,0.0,51.27,104.54,False,False,No festival
2025-10-23,KOL,Kolkata,23.64,0.0,72.91,98.11,False,False,No festival
2025-10-23,MUM,Mumbai,26.75,0.0,71.73,76.51,False,False,No festival
2025-10-23,PUN,Pune,26.64,22.43,72.97,69.17,False,False,No festival
2025-10-24,AMD,Ahmedabad,24.72,0.0,54.06,122.99,False,False,No festival
2025-10-24,BLR,Bengaluru,24.95,0.0,65.77,79.52,False,False,No festival
2025-10-24,CHE,Chennai,28.35,0.0,65.72,130.72,False,False,No festival
2025-10-24,DEL,Delhi NCR,18.11,0.0,47.4,164.14,False,False,No festival
2025-10-24,HYD,Hyderabad,26.83,0.0,47.42,119.28,False,False,No festival
2025-10-24,KOL,Kolkata,24.0,0.0,72.38,156.14,False,False,No festival
2025-10-24,MUM,Mumbai,27.8,0.0,67.6,72.83,False,False,No festival
2025-10-24,PUN,Pune,25.88,0.0,58.97,69.26,False,False,No festival
2025-10-25,AMD,Ahmedabad,20.85,0.0,51.17,146.59,False,False,No festival
2025-10-25,BLR,Bengaluru,23.01,0.0,64.01,83.03,False,False,No festival
2025-10-25,CHE,Chennai,27.0,0.0,75.02,57.21,False,False,No festival
2025-10-25,DEL,Delhi NCR,17.19,0.0,67.16,144.96,False,False,No festival
2025-10-25,HYD,Hyderabad,24.67,0.0,58.27,74.33,False,False,No festival
2025-10-25,KOL,Kolkata,26.53,0.0,73.05,140.37,False,False,No festival
2025-10-25,MUM,Mumbai,25.47,0.0,67.25,77.15,False,False,No festival
2025-10-25,PUN,Pune,23.46,0.0,73.53,154.7,False,False,No festival
2025-10-26,AMD,Ahmedabad,24.63,0.0,50.12,94.45,False,False,No festival
2025-10-26,BLR,Bengaluru,22.75,0.0,57.72,68.66,False,False,No festival
2025-10-26,CHE,Chennai,30.18,4.63,79.24,77.52,False,False,No festival
2025-10-26,DEL,Delhi NCR,20.28,0.0,53.37,179.04,False,False,No festival
2025-10-26,HYD,Hyderabad,25.92,0.0,52.13,86.19,False,False,No festival
2025-10-26,KOL,Kolkata,24.85,0.0,74.75,106.18,False,False,No festival
2025-10-26,MUM,Mumbai,24.9,30.38,84.45,114.0,False,False,No festival
2025-10-26,PUN,Pune,20.92,0.0,60.47,56.1,False,False,No festival
2025-10-27,AMD,Ahmedabad,22.28,0.0,57.68,82.46,False,False,No festival
2025-10-27,BLR,Bengaluru,22.4,0.0,69.74,71.11,False,False,No festival
2025-10-27,CHE,Chennai,27.64,10.51,85.59,101.58,False,False,No festival
2025-10-27,DEL,Delhi NCR,22.99,0.0,55.31,167.27,False,False,No festival
2025-10-27,HYD,Hyderabad,29.35,0.0,54.21,107.15,False,False,No festival
2025-10-27,KOL,Kolkata,23.58,0.0,70.34,144.41,False,False,No festival
2025-10-27,MUM,Mumbai,25.69,0.0,71.7,91.38,False,False,No festival
2025-10-27,PUN,Pune,24.54,0.0,61.42,51.31,False,False,No festival
2025-10-28,AMD,Ahmedabad,26.45,0.0,48.43,71.96,False,False,No festival
2025-10-28,BLR,Bengaluru,23.82,0.0,66.26,79.69,False,False,No festival
2025-10-28,CHE,Chennai,27.46,0.0,81.14,92.46,False,False,No festival
2025-10-28,DEL,Delhi NCR,19.48,0.0,56.03,147.97,False,False,No festival
2025-10-28,HYD,Hyderabad,23.04,0.0,55.72,94.97,False,False,No festival
2025-10-28,KOL,Kolkata,25.02,0.0,65.33,131.37,False,False,No festival
2025-10-28,MUM,Mumbai,29.72,0.0,91.63,94.35,False,False,No festival
2025-10-28,PUN,Pune,24.24,0.0,62.93,38.5,False,False,No festival
2025-10-29,AMD,Ahmedabad,26.96,0.0,40.46,96.38,False,False,No festival
2025-10-29,BLR,Bengaluru,23.44,0.0,64.37,36.12,False,False,No festival
2025-10-29,CHE,Chennai,24.62,0.0,79.19,74.65,False,False,No festival
2025-10-29,DEL,Delhi NCR,20.77,0.0,54.06,149.8,False,False,No festival
2025-10-29,HYD,Hyderabad,24.86,0.0,56.97,104.7,False,False,No festival
2025-10-29,KOL,Kolkata,28.14,0.0,68.13,133.59,False,False,No festival
2025-10-29,MUM,Mumbai,28.05,0.0,74.24,48.99,False,False,No festival
2025-10-29,PUN,Pune,24.85,0.0,61.46,77.13,False,False,No festival
2025-10-30,AMD,Ahmedabad,21.55,0.0,49.79,121.55,False,False,No festival
2025-10-30,BLR,Bengaluru,23.47,0.0,63.4,85.42,False,False,No festival
2025-10-30,CHE,Chennai,31.38,5.92,78.15,125.75,False,False,No festival
2025-10-30,DEL,Delhi NCR,17.06,0.0,48.38,154.43,False,False,No festival
2025-10-30,HYD,Hyderabad,24.87,0.0,64.6,84.97,False,False,No festival
2025-10-30,KOL,Kolkata,23.84,0.0,70.39,112.98,False,False,No festival
2025-10-30,MUM,Mumbai,27.49,0.0,67.47,143.86,False,False,No festival
2025-10-30,PUN,Pune,25.92,0.0,61.32,80.82,False,False,No festival
2025-10-31,AMD,Ahmedabad,22.35,0.0,42.15,106.74,False,False,No festival
2025-10-31,BLR,Bengaluru,20.34,0.0,63.67,91.45,False,False,No festival
2025-10-31,CHE,Chennai,27.56,0.0,76.14,151.78,False,False,No festival
2025-10-31,DEL,Delhi NCR,19.47,0.0,62.72,166.24,False,False,No festival
2025-10-31,HYD,Hyderabad,24.05,0.0,63.69,124.54,False,False,No festival
2025-10-31,KOL,Kolkata,24.75,0.0,65.74,108.51,False,False,No festival
2025-10-31,MUM,Mumbai,25.42,0.0,72.23,68.67,False,False,No festival
2025-10-31,PUN,Pune,22.76,0.0,67.01,82.76,False,False,No festival
2025-11-01,AMD,Ahmedabad,24.01,0.0,51.21,108.94,False,False,No festival
2025-11-01,BLR,Bengaluru,24.74,0.0,71.55,132.12,False,False,No festival
2025-11-01,CHE,Chennai,28.49,2.29,84.59,62.34,False,False,No festival
2025-11-01,DEL,Delhi NCR,20.0,0.0,57.99,255.39,False,False,No festival
2025-11-01,HYD,Hyderabad,25.33,0.0,62.34,121.35,False,False,No festival
2025-11-01,KOL,Kolkata,22.33,0.0,85.76,170.6,False,False,No festival
2025-11-01,MUM,Mumbai,26.28,0.0,72.38,120.03,False,False,No festival
2025-11-01,PUN,Pune,27.9,0.0,45.44,109.79,False,False,No festival
2025-11-02,AMD,Ahmedabad,21.84,0.0,44.67,122.6,False,False,No festival
2025-11-02,BLR,Bengaluru,22.64,0.0,64.34,137.25,False,False,No festival
2025-11-02,CHE,Chennai,28.39,24.12,91.11,118.22,False,False,No festival
2025-11-02,DEL,Delhi NCR,21.25,0.0,58.14,293.32,False,False,No festival
2025-11-02,HYD,Hyderabad,26.3,0.0,69.1,104.37,False,False,No festival
2025-11-02,KOL,Kolkata,23.38,0.0,63.88,163.15,False,False,No festival
2025-11-02,MUM,Mumbai,26.47,0.0,78.27,104.53,False,False,No festival
2025-11-02,PUN,Pune,25.9,0.0,69.29,108.15,False,False,No festival
2025-11-03,AMD,Ahmedabad,21.68,0.0,52.62,138.85,False,False,No festival
2025-11-03,BLR,Bengaluru,22.77,0.0,62.14,85.49,False,False,No festival
2025-11-03,CHE,Chennai,28.4,25.75,78.15,148.38,False,False,No festival
2025-11-03,DEL,Delhi NCR,20.03,0.0,48.78,253.86,False,False,No festival
2025-11-03,HYD,Hyderabad,23.89,0.0,59.16,128.61,False,False,No festival
2025-11-03,KOL,Kolkata,24.67,0.0,73.13,115.99,False,False,No festival
2025-11-03,MUM,Mumbai,26.81,0.0,79.96,133.74,False,False,No festival
2025-11-03,PUN,Pune,25.86,0.0,55.8,77.49,False,False,No festival
2025-11-04,AMD,Ahmedabad,24.93,0.0,41.06,107.64,False,False,No festival
2025-11-04,BLR,Bengaluru,23.98,0.0,50.75,90.88,False,False,No festival
2025-11-04,CHE,Chennai,25.04,6.67,91.6,102.9,False,False,No festival
2025-11-04,DEL,Delhi NCR,21.62,0.0,52.48,292.09,False,False,No festival
2025-11-04,HYD,Hyderabad,27.67,0.0,56.92,119.16,False,False,No festival
2025-11-04,KOL,Kolkata,27.08,0.0,66.93,162.63,False,False,No festival
2025-11-04,MUM,Mumbai,25.86,0.0,79.91,124.41,False,False,No festival
2025-11-04,PUN,Pune,24.74,0.0,60.16,57.68,False,False,No festival
2025-11-05,AMD,Ahmedabad,22.02,0.0,52.5,112.81,False,False,No festival
2025-11-05,BLR,Bengaluru,19.12,0.0,74.74,134.35,False,False,No festival
2025-11-05,CHE,Chennai,27.56,0.0,74.13,110.62,False,False,No festival
2025-11-05,DEL,Delhi NCR,17.0,0.0,53.1,267.68,False,False,No festival
2025-11-05,HYD,Hyderabad,24.4,0.0,66.23,105.23,False,False,No festival
2025-11-05,KOL,Kolkata,24.49,0.0,74.09,186.01,False,False,No festival
2025-11-05,MUM,Mumbai,23.02,0.0,77.21,125.13,False,False,No festival
2025-11-05,PUN,Pune,23.83,0.0,69.19,124.16,False,False,No festival
2025-11-06,AMD,Ahmedabad,23.37,0.0,36.47,133.58,False,False,No festival
2025-11-06,BLR,Bengaluru,20.58,0.0,72.62,77.37,False,False,No festival
2025-11-06,CHE,Chennai,26.64,2.26,93.92,116.22,False,False,No festival
2025-11-06,DEL,Delhi NCR,19.04,0.0,54.55,296.52,False,False,No festival
2025-11-06,HYD,Hyderabad,20.96,9.31,67.28,105.08,False,False,No festival
2025-11-06,KOL,Kolkata,23.25,0.0,71.75,145.28,False,False,No festival
2025-11-06,MUM,Mumbai,29.02,0.0,76.36,140.61,False,False,No festival
2025-11-06,PUN,Pune,25.19,0.0,61.57,86.15,False,False,No festival
2025-11-07,AMD,Ahmedabad,20.17,0.0,46.9,138.75,False,False,No festival
2025-11-07,BLR,Bengaluru,21.19,0.0,58.76,97.64,False,False,No festival
2025-11-07,CHE,Chennai,29.72,6.87,82.08,122.28,False,False,No festival
2025-11-07,DEL,Delhi NCR,20.25,0.0,56.81,295.9,False,False,No festival
2025-11-07,HYD,Hyderabad,25.03,0.0,49.28,117.02,False,False,No festival
2025-11-07,KOL,Kolkata,22.86,0.0,73.67,142.63,False,False,No festival
2025-11-07,MUM,Mumbai,23.64,0.0,79.09,104.11,False,False,No festival
2025-11-07,PUN,Pune,25.64,0.0,60.18,99.4,False,False,No festival
2025-11-08,AMD,Ahmedabad,24.13,0.0,50.98,166.13,False,False,No festival
2025-11-08,BLR,Bengaluru,25.01,0.0,68.5,82.5,False,False,No festival
2025-11-08,CHE,Chennai,30.4,2.86,88.1,139.08,False,False,No festival
2025-11-08,DEL,Delhi NCR,22.95,0.0,49.7,323.62,False,False,No festival
2025-11-08,HYD,Hyderabad,24.46,0.0,41.41,140.04,False,False,No festival
2025-11-08,KOL,Kolkata,21.81,0.0,73.35,117.97,False,False,No festival
2025-11-08,MUM,Mumbai,25.3,0.0,78.07,101.37,False,False,No festival
2025-11-08,PUN,Pune,25.64,0.0,56.41,95.68,False,False,No festival
2025-11-09,AMD,Ahmedabad,23.84,0.0,44.28,138.95,False,False,No festival
2025-11-09,BLR,Bengaluru,23.07,0.0,62.19,96.49,False,False,No festival
2025-11-09,CHE,Chennai,28.11,10.85,91.75,89.55,False,False,No festival
2025-11-09,DEL,Delhi NCR,18.84,23.19,64.57,296.57,False,False,No festival
2025-11-09,HYD,Hyderabad,23.58,0.0,62.66,133.36,False,False,No festival
2025-11-09,KOL,Kolkata,27.37,0.0,71.81,130.39,False,False,No festival
2025-11-09,MUM,Mumbai,26.8,0.0,71.72,163.18,False,False,No festival
2025-11-09,PUN,Pune,24.78,0.0,64.77,74.5,False,False,No festival
2025-11-10,AMD,Ahmedabad,24.82,0.0,43.47,139.78,False,False,No festival
2025-11-10,BLR,Bengaluru,25.79,0.0,66.72,103.29,False,False,No festival
2025-11-10,CHE,Chennai,28.06,9.51,83.07,147.65,False,False,No festival
2025-11-10,DEL,Delhi NCR,18.48,0.0,55.86,286.0,False,False,No festival
2025-11-10,HYD,Hyderabad,25.12,0.0,58.45,109.57,False,False,No festival
2025-11-10,KOL,Kolkata,21.8,8.03,76.38,180.33,False,False,No festival
2025-11-10,MUM,Mumbai,26.66,0.0,77.09,141.29,False,False,No festival
2025-11-10,PUN,Pune,23.85,0.0,69.2,109.39,False,False,No festival
2025-11-11,AMD,Ahmedabad,22.03,0.0,48.0,139.98,False,False,No festival
2025-11-11,BLR,Bengaluru,23.17,0.0,69.57,130.26,False,False,No festival
2025-11-11,CHE,Chennai,27.04,0.0,75.21,83.92,False,False,No festival
2025-11-11,DEL,Delhi NCR,21.49,0.0,55.97,263.88,False,False,No festival
2025-11-11,HYD,Hyderabad,22.58,0.0,50.58,126.3,False,False,No festival
2025-11-11,KOL,Kolkata,22.7,0.0,74.47,161.22,False,False,No festival
2025-11-11,MUM,Mumbai,22.08,0.0,76.92,100.02,False,False,No festival
2025-11-11,PUN,Pune,25.01,0.0,58.1,130.26,False,False,No festival
2025-11-12,AMD,Ahmedabad,22.13,0.0,51.98,118.9,False,False,No festival
2025-11-12,BLR,Bengaluru,24.3,0.0,62.65,79.53,False,False,No festival
2025-11-12,CHE,Chennai,27.64,0.0,82.03,97.16,False,False,No festival
2025-11-12,DEL,Delhi NCR,22.9,0.0,53.36,260.27,False,False,No festival
2025-11-12,HYD,Hyderabad,23.98,0.0,53.03,108.91,False,False,No festival
2025-11-12,KOL,Kolkata,24.08,0.0,75.43,109.49,False,False,No festival
2025-11-12,MUM,Mumbai,26.83,4.6,86.54,99.91,False,False,No festival
2025-11-12,PUN,Pune,23.78,0.0,60.81,75.93,False,False,No festival
2025-11-13,AMD,Ahmedabad,22.67,0.0,54.44,135.86,False,False,No festival
2025-11-13,BLR,Bengaluru,27.89,0.0,57.84,136.89,False,False,No festival
2025-11-13,CHE,Chennai,27.56,8.72,88.19,119.21,False,False,No festival
2025-11-13,DEL,Delhi NCR,20.28,0.0,48.95,254.65,False,False,No festival
2025-11-13,HYD,Hyderabad,23.51,0.0,59.78,146.38,False,False,No festival
2025-11-13,KOL,Kolkata,25.09,0.0,69.08,100.19,False,False,No festival
2025-11-13,MUM,Mumbai,30.07,0.0,66.49,133.6,False,False,No festival
2025-11-13,PUN,Pune,23.23,0.0,60.64,142.35,False,False,No festival
2025-11-14,AMD,Ahmedabad,22.31,0.0,44.34,149.77,False,False,No festival
2025-11-14,BLR,Bengaluru,24.76,0.0,68.26,97.78,False,False,No festival
2025-11-14,CHE,Chennai,25.12,0.0,75.63,89.63,False,False,No festival
2025-11-14,DEL,Delhi NCR,17.25,0.0,49.21,265.99,False,False,No festival
2025-11-14,HYD,Hyderabad,23.85,0.0,55.92,154.89,False,False,No festival
2025-11-14,KOL,Kolkata,22.62,0.0,71.15,137.85,False,False,No festival
2025-11-14,MUM,Mumbai,25.15,0.0,72.26,92.5,False,False,No festival
2025-11-14,PUN,Pune,23.99,0.0,67.8,166.05,False,False,No festival
2025-11-15,AMD,Ahmedabad,24.32,0.0,48.27,139.52,False,False,No festival
2025-11-15,BLR,Bengaluru,25.64,0.0,57.84,85.27,False,False,No festival
2025-11-15,CHE,Chennai,25.4,24.2,93.33,106.46,False,False,No festival
2025-11-15,DEL,Delhi NCR,16.5,0.0,56.1,335.68,False,False,No festival
2025-11-15,HYD,Hyderabad,24.53,0.0,56.9,141.3,False,False,No festival
2025-11-15,KOL,Kolkata,25.46,0.0,71.65,137.55,False,False,No festival
2025-11-15,MUM,Mumbai,27.53,0.0,77.82,150.76,False,False,No festival
2025-11-15,PUN,Pune,23.86,0.0,64.75,98.23,False,False,No festival
2025-11-16,AMD,Ahmedabad,23.15,0.0,38.66,136.16,False,False,No festival
2025-11-16,BLR,Bengaluru,21.77,0.0,58.63,101.06,False,False,No festival
2025-11-16,CHE,Chennai,25.37,0.0,76.45,90.85,False,False,No festival
2025-11-16,DEL,Delhi NCR,17.97,0.0,58.06,302.63,False,False,No festival
2025-11-16,HYD,Hyderabad,25.23,0.0,66.17,110.04,False,False,No festival
2025-11-16,KOL,Kolkata,22.74,0.0,70.88,185.84,False,False,No festival
2025-11-16,MUM,Mumbai,28.08,0.0,71.66,133.41,False,False,No festival
2025-11-16,PUN,Pune,21.78,0.0,52.82,81.24,False,False,No festival
2025-11-17,AMD,Ahmedabad,26.19,0.0,49.67,120.21,False,False,No festival
2025-11-17,BLR,Bengaluru,22.14,0.0,60.22,75.12,False,False,No festival
2025-11-17,CHE,Chennai,22.77,6.55,86.42,147.1,False,False,No festival
2025-11-17,DEL,Delhi NCR,19.21,0.0,56.76,319.08,False,False,No festival
2025-11-17,HYD,Hyderabad,22.38,0.0,52.3,117.5,False,False,No festival
2025-11-17,KOL,Kolkata,24.21,0.0,83.98,176.72,False,False,No festival
2025-11-17,MUM,Mumbai,26.12,0.0,75.57,97.02,False,False,No festival
2025-11-17,PUN,Pune,25.19,0.0,64.44,80.54,False,False,No festival
2025-11-18,AMD,Ahmedabad,26.43,0.0,38.69,118.68,False,False,No festival
2025-11-18,BLR,Bengaluru,25.65,0.0,57.13,100.87,False,False,No festival
2025-11-18,CHE,Chennai,24.94,21.89,87.26,131.34,False,False,No festival
2025-11-18,DEL,Delhi NCR,18.02,0.0,60.49,319.77,False,False,No festival
2025-11-18,HYD,Hyderabad,26.62,0.0,58.56,135.64,False,False,No festival
2025-11-18,KOL,Kolkata,25.64,0.0,66.74,146.49,False,False,No festival
2025-11-18,MUM,Mumbai,27.03,0.0,68.13,138.77,False,False,No festival
2025-11-18,PUN,Pune,24.37,0.0,58.03,112.41,False,False,No festival
2025-11-19,AMD,Ahmedabad,21.14,0.0,40.33,125.91,False,False,No festival
2025-11-19,BLR,Bengaluru,22.53,0.0,71.88,97.23,False,False,No festival
2025-11-19,CHE,Chennai,27.57,0.0,72.64,87.86,False,False,No festival
2025-11-19,DEL,Delhi NCR,22.73,0.0,53.02,277.39,False,False,No festival
2025-11-19,HYD,Hyderabad,25.3,0.0,62.4,86.69,False,False,No festival
2025-11-19,KOL,Kolkata,25.82,0.0,69.06,126.84,False,False,No festival
2025-11-19,MUM,Mumbai,26.87,0.0,74.54,136.35,False,False,No festival
2025-11-19,PUN,Pune,24.98,0.0,62.74,77.46,False,False,No festival
2025-11-20,AMD,Ahmedabad,24.24,0.0,48.68,126.82,False,False,No festival
2025-11-20,BLR,Bengaluru,22.07,0.0,67.92,130.64,False,False,No festival
2025-11-20,CHE,Chennai,28.99,0.0,74.54,112.67,False,False,No festival
2025-11-20,DEL,Delhi NCR,19.73,0.0,52.56,299.04,False,False,No festival
2025-11-20,HYD,Hyderabad,30.89,0.0,59.15,176.52,False,False,No festival
2025-11-20,KOL,Kolkata,25.79,0.0,65.65,117.37,False,False,No festival
2025-11-20,MUM,Mumbai,28.61,0.0,69.52,161.33,False,False,No festival
2025-11-20,PUN,Pune,25.2,0.0,53.84,92.38,False,False,No festival
2025-11-21,AMD,Ahmedabad,24.41,0.0,40.79,169.77,False,False,No festival
2025-11-21,BLR,Bengaluru,23.76,0.0,63.0,91.99,False,False,No festival
2025-11-21,CHE,Chennai,25.36,3.98,98.0,147.43,False,False,No festival
2025-11-21,DEL,Delhi NCR,17.76,0.0,59.96,243.27,False,False,No festival
2025-11-21,HYD,Hyderabad,22.37,0.0,58.52,165.64,False,False,No festival
2025-11-21,KOL,Kolkata,22.96,0.0,69.57,158.56,False,False,No festival
2025-11-21,MUM,Mumbai,24.32,0.0,75.24,142.35,False,False,No festival
2025-11-21,PUN,Pune,24.9,0.0,59.93,151.24,False,False,No festival
2025-11-22,AMD,Ahmedabad,22.53,0.0,49.07,172.22,False,False,No festival
2025-11-22,BLR,Bengaluru,21.29,0.0,67.9,92.9,False,False,No festival
2025-11-22,CHE,Chennai,28.55,8.16,87.33,103.06,False,False,No festival
2025-11-22,DEL,Delhi NCR,20.36,0.0,55.66,290.26,False,False,No festival
2025-11-22,HYD,Hyderabad,25.88,0.0,51.19,146.68,False,False,No festival
2025-11-22,KOL,Kolkata,25.69,0.0,81.67,130.44,False,False,No festival
2025-11-22,MUM,Mumbai,28.05,18.5,84.47,111.9,False,False,No festival
2025-11-22,PUN,Pune,24.77,0.0,66.65,78.57,False,False,No festival
2025-11-23,AMD,Ahmedabad,21.34,0.0,47.19,144.17,False,False,No festival
2025-11-23,BLR,Bengaluru,23.63,0.0,58.62,80.42,False,False,No festival
2025-11-23,CHE,Chennai,27.29,30.74,91.77,88.83,False,False,No festival
2025-11-23,DEL,Delhi NCR,21.72,0.0,61.92,282.51,False,False,No festival
2025-11-23,HYD,Hyderabad,25.59,0.0,62.45,123.45,False,False,No festival
2025-11-23,KOL,Kolkata,26.49,0.0,65.71,146.22,False,False,No festival
2025-11-23,MUM,Mumbai,24.93,0.0,74.08,79.27,False,False,No festival
2025-11-23,PUN,Pune,24.18,0.0,65.5,122.61,False,False,No festival
2025-11-24,AMD,Ahmedabad,22.3,0.0,54.35,72.98,False,False,No festival
2025-11-24,BLR,Bengaluru,19.39,0.0,71.02,97.96,False,False,No festival
2025-11-24,CHE,Chennai,24.44,12.85,83.72,152.96,False,False,No festival
2025-11-24,DEL,Delhi NCR,23.08,0.0,53.67,307.17,False,False,No festival
2025-11-24,HYD,Hyderabad,25.16,0.0,62.97,105.22,False,False,No festival
2025-11-24,KOL,Kolkata,27.1,0.0,64.99,161.51,False,False,No festival
2025-11-24,MUM,Mumbai,26.83,0.0,69.3,132.32,False,False,No festival
2025-11-24,PUN,Pune,24.23,0.0,62.95,112.91,False,False,No festival
2025-11-25,AMD,Ahmedabad,23.99,0.0,50.94,156.32,False,False,No festival
2025-11-25,BLR,Bengaluru,23.8,0.0,73.41,95.64,False,False,No festival
2025-11-25,CHE,Chennai,25.75,6.4,81.2,106.1,False,False,No festival
2025-11-25,DEL,Delhi NCR,21.9,0.0,49.53,272.82,False,False,No festival
2025-11-25,HYD,Hyderabad,22.92,0.0,50.57,78.98,False,False,No festival
2025-11-25,KOL,Kolkata,24.2,0.0,65.27,78.03,False,False,No festival
2025-11-25,MUM,Mumbai,28.19,0.0,70.23,122.98,False,False,No festival
2025-11-25,PUN,Pune,25.5,0.0,66.93,139.14,False,False,No festival
2025-11-26,AMD,Ahmedabad,26.62,0.0,39.61,146.98,False,False,No festival
2025-11-26,BLR,Bengaluru,21.82,3.76,72.65,60.69,False,False,No festival
2025-11-26,CHE,Chennai,26.5,10.19,83.31,107.96,False,False,No festival
2025-11-26,DEL,Delhi NCR,23.61,0.0,53.94,271.1,False,False,No festival
2025-11-26,HYD,Hyderabad,25.76,0.0,44.72,83.63,False,False,No festival
2025-11-26,KOL,Kolkata,24.7,0.0,79.16,147.42,False,False,No festival
2025-11-26,MUM,Mumbai,26.74,0.0,62.03,111.67,False,False,No festival
2025-11-26,PUN,Pune,23.28,0.0,63.17,126.86,False,False,No festival
2025-11-27,AMD,Ahmedabad,27.04,0.0,42.07,89.9,False,False,No festival
2025-11-27,BLR,Bengaluru,25.52,0.0,64.96,110.22,False,False,No festival
2025-11-27,CHE,Chennai,26.0,0.0,80.41,97.8,False,False,No festival
2025-11-27,DEL,Delhi NCR,21.07,0.0,56.12,270.18,False,False,No festival
2025-11-27,HYD,Hyderabad,24.57,0.0,50.65,89.92,False,False,No festival
2025-11-27,KOL,Kolkata,23.26,0.0,75.16,176.9,False,False,No festival
2025-11-27,MUM,Mumbai,29.25,0.0,73.13,130.67,False,False,No festival
2025-11-27,PUN,Pune,23.59,0.0,62.86,88.42,False,False,No festival
2025-11-28,AMD,Ahmedabad,23.43,0.0,41.44,159.81,False,False,No festival
2025-11-28,BLR,Bengaluru,24.87,0.0,58.97,74.54,False,False,No festival
2025-11-28,CHE,Chennai,28.2,23.44,89.56,115.94,False,False,No festival
2025-11-28,DEL,Delhi NCR,18.87,0.0,64.94,319.35,False,False,No festival
2025-11-28,HYD,Hyderabad,24.16,0.0,57.97,133.38,False,False,No festival
2025-11-28,KOL,Kolkata,25.51,0.0,64.02,129.43,False,False,No festival
2025-11-28,MUM,Mumbai,27.14,0.0,70.86,84.73,False,False,No festival
2025-11-28,PUN,Pune,24.66,0.0,58.13,88.93,False,False,No festival
2025-11-29,AMD,Ahmedabad,26.76,0.0,45.84,163.82,False,False,No festival
2025-11-29,BLR,Bengaluru,20.96,0.0,62.34,129.72,False,False,No festival
2025-11-29,CHE,Chennai,25.05,0.0,76.72,123.73,False,False,No festival
2025-11-29,DEL,Delhi NCR,21.38,0.0,53.32,273.01,False,False,No festival
2025-11-29,HYD,Hyderabad,27.23,0.0,59.22,163.64,False,False,No festival
2025-11-29,KOL,Kolkata,22.0,0.0,77.38,184.11,False,False,No festival
2025-11-29,MUM,Mumbai,28.09,0.0,69.71,88.52,False,False,No festival
2025-11-29,PUN,Pune,23.97,0.0,62.71,90.26,False,False,No festival
2025-11-30,AMD,Ahmedabad,25.76,0.0,53.43,122.57,False,False,No festival
2025-11-30,BLR,Bengaluru,25.24,0.0,60.89,144.75,False,False,No festival
2025-11-30,CHE,Chennai,27.44,0.0,75.77,92.05,False,False,No festival
2025-11-30,DEL,Delhi NCR,21.62,0.0,54.9,292.85,False,False,No festival
2025-11-30,HYD,Hyderabad,23.23,0.0,61.21,88.51,False,False,No festival
2025-11-30,KOL,Kolkata,25.52,0.0,79.16,113.31,False,False,No festival
2025-11-30,MUM,Mumbai,27.18,0.0,74.81,152.75,False,False,No festival
2025-11-30,PUN,Pune,26.05,0.0,58.83,91.15,False,False,No festival
2025-12-01,AMD,Ahmedabad,22.61,0.0,43.45,93.14,False,False,No festival
2025-12-01,BLR,Bengaluru,23.0,0.0,60.78,114.43,False,False,No festival
2025-12-01,CHE,Chennai,29.24,0.0,74.32,102.16,False,False,No festival
2025-12-01,DEL,Delhi NCR,19.28,0.0,56.17,306.02,False,False,No festival
2025-12-01,HYD,Hyderabad,24.67,0.0,56.2,139.53,False,False,No festival
2025-12-01,KOL,Kolkata,22.65,0.0,71.9,118.52,False,False,No festival
2025-12-01,MUM,Mumbai,27.35,0.0,68.05,114.88,False,False,No festival
2025-12-01,PUN,Pune,23.58,0.0,61.82,83.12,False,False,No festival
2025-12-02,AMD,Ahmedabad,24.86,0.0,51.26,149.08,False,False,No festival
2025-12-02,BLR,Bengaluru,25.83,0.0,65.03,125.1,False,False,No festival
2025-12-02,CHE,Chennai,28.29,0.0,78.51,120.5,False,False,No festival
2025-12-02,DEL,Delhi NCR,21.03,0.0,47.76,270.03,False,False,No festival
2025-12-02,HYD,Hyderabad,26.28,0.0,58.88,116.77,False,False,No festival
2025-12-02,KOL,Kolkata,26.93,0.0,63.15,125.12,False,False,No festival
2025-12-02,MUM,Mumbai,28.47,0.0,68.94,110.63,False,False,No festival
2025-12-02,PUN,Pune,24.32,0.0,62.82,94.62,False,False,No festival
2025-12-03,AMD,Ahmedabad,23.36,0.0,44.33,113.62,False,False,No festival
2025-12-03,BLR,Bengaluru,22.52,0.0,53.4,118.88,False,False,No festival
2025-12-03,CHE,Chennai,29.11,0.0,73.46,116.44,False,False,No festival
2025-12-03,DEL,Delhi NCR,21.95,0.0,54.45,292.16,False,False,No festival
2025-12-03,HYD,Hyderabad,24.34,0.0,61.05,115.23,False,False,No festival
2025-12-03,KOL,Kolkata,21.91,0.0,67.7,166.51,False,False,No festival
2025-12-03,MUM,Mumbai,28.83,0.0,70.72,130.67,False,False,No festival
2025-12-03,PUN,Pune,23.56,0.0,50.81,109.87,False,False,No festival
2025-12-04,AMD,Ahmedabad,21.32,0.0,57.58,154.7,False,False,No festival
2025-12-04,BLR,Bengaluru,24.08,0.0,63.76,123.28,False,False,No festival
2025-12-04,CHE,Chennai,28.94,0.0,82.88,104.87,False,False,No festival
2025-12-04,DEL,Delhi NCR,20.28,0.0,52.05,266.05,False,False,No festival
2025-12-04,HYD,Hyderabad,27.84,0.0,58.24,131.72,False,False,No festival
2025-12-04,KOL,Kolkata,25.02,0.0,70.41,152.41,False,False,No festival
2025-12-04,MUM,Mumbai,26.63,0.0,65.26,155.89,False,False,No festival
2025-12-04,PUN,Pune,23.69,0.0,67.35,117.59,False,False,No festival
2025-12-05,AMD,Ahmedabad,25.19,0.0,57.06,119.99,False,False,No festival
2025-12-05,BLR,Bengaluru,26.89,0.0,62.1,135.65,False,False,No festival
2025-12-05,CHE,Chennai,27.93,0.0,66.23,121.89,False,False,No festival
2025-12-05,DEL,Delhi NCR,20.66,0.0,50.34,319.87,False,False,No festival
2025-12-05,HYD,Hyderabad,22.04,0.0,53.93,138.08,False,False,No festival
2025-12-05,KOL,Kolkata,24.58,0.0,73.78,186.97,False,False,No festival
2025-12-05,MUM,Mumbai,23.28,0.0,71.39,113.66,False,False,No festival
2025-12-05,PUN,Pune,26.66,0.0,63.38,85.93,False,False,No festival
2025-12-06,AMD,Ahmedabad,21.55,0.0,49.28,130.05,False,False,No festival
2025-12-06,BLR,Bengaluru,24.12,0.0,71.56,142.75,False,False,No festival
2025-12-06,CHE,Chennai,29.23,0.0,64.06,102.09,False,False,No festival
2025-12-06,DEL,Delhi NCR,22.31,0.0,54.59,320.72,False,False,No festival
2025-12-06,HYD,Hyderabad,22.08,0.0,55.48,144.13,False,False,No festival
2025-12-06,KOL,Kolkata,22.2,0.0,68.21,135.04,False,False,No festival
2025-12-06,MUM,Mumbai,25.02,0.0,75.39,137.29,False,False,No festival
2025-12-06,PUN,Pune,24.75,0.0,59.6,91.88,False,False,No festival
2025-12-07,AMD,Ahmedabad,24.15,0.0,35.33,127.78,False,False,No festival
2025-12-07,BLR,Bengaluru,23.39,0.0,69.74,95.79,False,False,No festival
2025-12-07,CHE,Chennai,25.22,0.0,70.06,84.41,False,False,No festival
2025-12-07,DEL,Delhi NCR,17.94,0.0,56.67,260.13,False,False,No festival
2025-12-07,HYD,Hyderabad,25.54,0.0,58.52,163.71,False,False,No festival
2025-12-07,KOL,Kolkata,21.84,0.0,76.31,128.55,False,False,No festival
2025-12-07,MUM,Mumbai,25.36,0.0,77.22,105.44,False,False,No festival
2025-12-07,PUN,Pune,24.97,0.0,58.5,80.49,False,False,No festival
2025-12-08,AMD,Ahmedabad,24.39,0.0,50.92,144.21,False,False,No festival
2025-12-08,BLR,Bengaluru,27.63,0.0,68.56,148.26,False,False,No festival
2025-12-08,CHE,Chennai,28.92,0.0,66.76,80.45,False,False,No festival
2025-12-08,DEL,Delhi NCR,21.22,0.0,55.06,273.06,False,False,No festival
2025-12-08,HYD,Hyderabad,21.89,0.0,65.74,128.3,False,False,No festival
2025-12-08,KOL,Kolkata,23.22,0.0,66.03,151.89,False,False,No festival
2025-12-08,MUM,Mumbai,24.92,0.0,81.0,110.73,False,False,No festival
2025-12-08,PUN,Pune,21.66,0.0,63.6,117.22,False,False,No festival
2025-12-09,AMD,Ahmedabad,24.3,0.0,43.21,118.44,False,False,No festival
2025-12-09,BLR,Bengaluru,21.07,0.0,71.13,88.06,False,False,No festival
2025-12-09,CHE,Chennai,27.53,0.0,72.99,37.38,False,False,No festival
2025-12-09,DEL,Delhi NCR,20.67,0.0,52.33,302.08,False,False,No festival
2025-12-09,HYD,Hyderabad,23.35,0.0,52.12,116.0,False,False,No festival
2025-12-09,KOL,Kolkata,23.16,0.0,77.36,179.4,False,False,No festival
2025-12-09,MUM,Mumbai,27.93,0.0,74.46,106.52,False,False,No festival
2025-12-09,PUN,Pune,24.81,0.0,58.0,79.68,False,False,No festival
2025-12-10,AMD,Ahmedabad,27.59,0.0,45.18,94.9,False,False,No festival
2025-12-10,BLR,Bengaluru,23.13,0.0,65.68,127.01,False,False,No festival
2025-12-10,CHE,Chennai,28.26,0.0,70.53,123.58,False,False,No festival
2025-12-10,DEL,Delhi NCR,19.11,0.0,60.35,258.96,False,False,No festival
2025-12-10,HYD,Hyderabad,26.36,4.82,70.93,98.24,False,False,No festival
2025-12-10,KOL,Kolkata,23.03,0.0,71.06,140.92,False,False,No festival
2025-12-10,MUM,Mumbai,25.19,0.0,65.4,114.02,False,False,No festival
2025-12-10,PUN,Pune,25.69,0.0,64.61,126.9,False,False,No festival
2025-12-11,AMD,Ahmedabad,24.72,0.0,51.95,141.37,False,False,No festival
2025-12-11,BLR,Bengaluru,23.91,0.0,61.72,103.13,False,False,No festival
2025-12-11,CHE,Chennai,26.4,0.0,72.05,87.09,False,False,No festival
2025-12-11,DEL,Delhi NCR,20.78,0.0,59.23,331.69,False,False,No festival
2025-12-11,HYD,Hyderabad,25.52,0.0,57.2,150.12,False,False,No festival
2025-12-11,KOL,Kolkata,24.18,0.0,70.49,155.05,False,False,No festival
2025-12-11,MUM,Mumbai,28.62,0.0,68.83,127.0,False,False,No festival
2025-12-11,PUN,Pune,23.98,0.0,59.7,123.51,False,False,No festival
2025-12-12,AMD,Ahmedabad,23.29,0.0,52.65,92.83,False,False,No festival
2025-12-12,BLR,Bengaluru,25.17,0.0,50.44,66.52,False,False,No festival
2025-12-12,CHE,Chennai,30.79,0.0,71.01,120.82,False,False,No festival
2025-12-12,DEL,Delhi NCR,20.87,0.0,48.98,280.93,False,False,No festival
2025-12-12,HYD,Hyderabad,26.13,0.0,62.85,138.34,False,False,No festival
2025-12-12,KOL,Kolkata,23.29,0.0,74.28,123.51,False,False,No festival
2025-12-12,MUM,Mumbai,25.38,0.0,70.92,136.67,False,False,No festival
2025-12-12,PUN,Pune,24.82,0.0,60.96,144.6,False,False,No festival
2025-12-13,AMD,Ahmedabad,24.82,0.0,47.65,106.26,False,False,No festival
2025-12-13,BLR,Bengaluru,20.81,0.0,74.07,77.01,False,False,No festival
2025-12-13,CHE,Chennai,27.31,0.0,66.58,100.64,False,False,No festival
2025-12-13,DEL,Delhi NCR,20.83,0.0,60.02,289.0,False,False,No festival
2025-12-13,HYD,Hyderabad,24.22,0.0,59.46,120.46,False,False,No festival
2025-12-13,KOL,Kolkata,25.07,0.0,73.93,139.71,False,False,No festival
2025-12-13,MUM,Mumbai,27.02,0.0,71.53,113.4,False,False,No festival
2025-12-13,PUN,Pune,24.31,0.0,58.13,147.87,False,False,No festival
2025-12-14,AMD,Ahmedabad,23.09,0.0,46.95,121.72,False,False,No festival
2025-12-14,BLR,Bengaluru,23.31,0.0,52.19,94.05,False,False,No festival
2025-12-14,CHE,Chennai,29.1,0.0,74.36,86.48,False,False,No festival
2025-12-14,DEL,Delhi NCR,19.68,5.42,57.89,292.03,False,False,No festival
2025-12-14,HYD,Hyderabad,26.49,18.83,66.15,137.8,False,False,No festival
2025-12-14,KOL,Kolkata,23.85,0.0,67.66,134.08,False,False,No festival
2025-12-14,MUM,Mumbai,25.3,0.0,76.27,135.31,False,False,No festival
2025-12-14,PUN,Pune,24.81,0.0,53.09,101.17,False,False,No festival
2025-12-15,AMD,Ahmedabad,21.29,0.0,50.28,144.06,False,False,No festival
2025-12-15,BLR,Bengaluru,23.8,0.0,57.92,129.0,False,False,No festival
2025-12-15,CHE,Chennai,27.78,0.0,80.14,96.68,False,False,No festival
2025-12-15,DEL,Delhi NCR,22.7,0.0,48.6,285.24,False,False,No festival
2025-12-15,HYD,Hyderabad,26.6,11.2,77.23,133.83,False,False,No festival
2025-12-15,KOL,Kolkata,25.83,19.09,78.6,134.98,False,False,No festival
2025-12-15,MUM,Mumbai,28.34,0.0,67.98,126.52,False,False,No festival
2025-12-15,PUN,Pune,21.62,0.0,59.85,116.05,False,False,No festival
2025-12-16,AMD,Ahmedabad,26.5,0.0,43.39,149.2,False,False,No festival
2025-12-16,BLR,Bengaluru,26.15,0.0,56.75,119.01,False,False,No festival
2025-12-16,CHE,Chennai,26.29,0.0,75.9,112.83,False,False,No festival
2025-12-16,DEL,Delhi NCR,18.52,0.0,55.28,272.15,False,False,No festival
2025-12-16,HYD,Hyderabad,24.72,0.0,55.54,109.89,False,False,No festival
2025-12-16,KOL,Kolkata,24.81,0.0,77.32,146.51,False,False,No festival
2025-12-16,MUM,Mumbai,23.76,0.0,79.83,125.97,False,False,No festival
2025-12-16,PUN,Pune,25.8,0.0,60.59,102.99,False,False,No festival
2025-12-17,AMD,Ahmedabad,24.07,0.0,45.68,150.5,False,False,No festival
2025-12-17,BLR,Bengaluru,27.19,0.0,63.4,138.49,False,False,No festival
2025-12-17,CHE,Chennai,29.21,0.0,76.0,85.19,False,False,No festival
2025-12-17,DEL,Delhi NCR,22.96,0.0,57.34,295.35,False,False,No festival
2025-12-17,HYD,Hyderabad,26.67,0.0,59.52,113.86,False,False,No festival
2025-12-17,KOL,Kolkata,22.68,0.0,81.28,139.57,False,False,No festival
2025-12-17,MUM,Mumbai,29.77,0.0,66.63,97.98,False,False,No festival
2025-12-17,PUN,Pune,27.25,0.0,49.58,59.16,False,False,No festival
2025-12-18,AMD,Ahmedabad,23.59,0.0,51.26,115.68,False,False,No festival
2025-12-18,BLR,Bengaluru,26.62,0.0,66.43,72.47,False,False,No festival
2025-12-18,CHE,Chennai,29.63,0.0,81.58,107.26,False,False,No festival
2025-12-18,DEL,Delhi NCR,21.38,0.0,54.61,292.51,False,False,No festival
2025-12-18,HYD,Hyderabad,26.01,0.0,57.53,161.67,False,False,No festival
2025-12-18,KOL,Kolkata,24.23,0.0,67.95,124.65,False,False,No festival
2025-12-18,MUM,Mumbai,28.21,0.0,67.36,141.37,False,False,No festival
2025-12-18,PUN,Pune,28.96,0.0,55.51,103.71,False,False,No festival
2025-12-19,AMD,Ahmedabad,23.26,0.0,53.64,122.94,False,False,No festival
2025-12-19,BLR,Bengaluru,23.28,0.0,56.51,122.43,False,False,No festival
2025-12-19,CHE,Chennai,26.84,0.0,75.27,129.47,False,False,No festival
2025-12-19,DEL,Delhi NCR,21.69,0.0,58.43,300.2,False,False,No festival
2025-12-19,HYD,Hyderabad,25.97,0.0,51.32,89.08,False,False,No festival
2025-12-19,KOL,Kolkata,25.68,0.0,63.52,157.72,False,False,No festival
2025-12-19,MUM,Mumbai,26.73,0.0,75.02,129.61,False,False,No festival
2025-12-19,PUN,Pune,25.37,0.0,52.05,105.88,False,False,No festival
2025-12-20,AMD,Ahmedabad,22.94,0.0,47.16,145.16,False,False,No festival
2025-12-20,BLR,Bengaluru,25.58,0.0,65.48,114.56,False,False,No festival
2025-12-20,CHE,Chennai,25.77,0.0,66.66,110.35,False,False,No festival
2025-12-20,DEL,Delhi NCR,23.84,0.0,49.16,267.31,False,False,No festival
2025-12-20,HYD,Hyderabad,27.0,0.0,58.81,117.85,False,False,No festival
2025-12-20,KOL,Kolkata,25.79,0.0,70.94,190.61,False,False,No festival
2025-12-20,MUM,Mumbai,26.97,0.0,77.82,131.48,False,False,No festival
2025-12-20,PUN,Pune,22.81,0.0,60.39,113.12,False,False,No festival
2025-12-21,AMD,Ahmedabad,27.12,0.0,39.68,156.32,False,False,No festival
2025-12-21,BLR,Bengaluru,22.42,0.0,63.18,90.06,False,False,No festival
2025-12-21,CHE,Chennai,26.02,0.0,59.72,92.73,False,False,No festival
2025-12-21,DEL,Delhi NCR,21.93,0.0,52.81,279.39,False,False,No festival
2025-12-21,HYD,Hyderabad,25.06,14.35,71.78,150.94,False,False,No festival
2025-12-21,KOL,Kolkata,24.07,0.0,77.61,173.76,False,False,No festival
2025-12-21,MUM,Mumbai,27.45,0.0,73.75,104.55,False,False,No festival
2025-12-21,PUN,Pune,26.39,0.0,58.3,112.75,False,False,No festival
2025-12-22,AMD,Ahmedabad,27.59,0.0,44.71,115.42,False,False,No festival
2025-12-22,BLR,Bengaluru,22.98,0.0,64.85,137.85,False,False,No festival
2025-12-22,CHE,Chennai,27.46,0.0,72.3,81.24,False,False,No festival
2025-12-22,DEL,Delhi NCR,24.18,20.77,64.76,318.0,False,False,No festival
2025-12-22,HYD,Hyderabad,27.43,0.0,56.38,128.44,False,False,No festival
2025-12-22,KOL,Kolkata,25.14,0.0,76.82,191.26,False,False,No festival
2025-12-22,MUM,Mumbai,27.42,0.0,76.58,107.46,False,False,No festival
2025-12-22,PUN,Pune,21.43,0.0,59.93,134.3,False,False,No festival
2025-12-23,AMD,Ahmedabad,27.12,0.0,51.53,160.07,False,True,Christmas
2025-12-23,BLR,Bengaluru,23.15,0.0,64.9,71.2,False,True,Christmas
2025-12-23,CHE,Chennai,29.43,0.0,74.52,143.21,False,True,Christmas
2025-12-23,DEL,Delhi NCR,24.13,0.0,55.65,330.17,False,True,Christmas
2025-12-23,HYD,Hyderabad,27.25,0.0,50.8,93.81,False,True,Christmas
2025-12-23,KOL,Kolkata,28.28,0.0,73.57,142.45,False,True,Christmas
2025-12-23,MUM,Mumbai,28.56,0.0,71.32,103.6,False,True,Christmas
2025-12-23,PUN,Pune,23.33,0.0,63.47,99.91,False,True,Christmas
2025-12-24,AMD,Ahmedabad,23.07,0.0,37.85,128.78,False,True,Christmas
2025-12-24,BLR,Bengaluru,29.2,0.0,70.36,115.76,False,True,Christmas
2025-12-24,CHE,Chennai,25.34,0.0,73.36,103.02,False,True,Christmas
2025-12-24,DEL,Delhi NCR,22.59,0.0,50.18,243.07,False,True,Christmas
2025-12-24,HYD,Hyderabad,23.87,0.0,61.67,158.54,False,True,Christmas
2025-12-24,KOL,Kolkata,25.47,0.0,68.47,141.23,False,True,Christmas
2025-12-24,MUM,Mumbai,29.35,0.0,69.37,110.22,False,True,Christmas
2025-12-24,PUN,Pune,25.08,0.0,65.64,68.19,False,True,Christmas
2025-12-25,AMD,Ahmedabad,25.76,0.0,43.16,108.6,False,True,Christmas
2025-12-25,BLR,Bengaluru,26.96,0.0,64.65,87.38,False,True,Christmas
2025-12-25,CHE,Chennai,29.81,0.0,70.77,92.04,False,True,Christmas
2025-12-25,DEL,Delhi NCR,21.6,0.0,52.52,278.85,False,True,Christmas
2025-12-25,HYD,Hyderabad,26.79,0.0,64.84,170.36,False,True,Christmas
2025-12-25,KOL,Kolkata,27.9,0.0,73.51,157.44,False,True,Christmas
2025-12-25,MUM,Mumbai,24.93,0.0,83.15,130.22,False,True,Christmas
2025-12-25,PUN,Pune,27.11,0.0,74.27,123.81,False,True,Christmas
2025-12-26,AMD,Ahmedabad,23.76,0.0,39.02,82.11,False,True,Christmas
2025-12-26,BLR,Bengaluru,21.65,0.0,63.61,93.09,False,True,Christmas
2025-12-26,CHE,Chennai,27.97,0.0,69.6,83.03,False,True,Christmas
2025-12-26,DEL,Delhi NCR,23.13,0.0,46.39,278.88,False,True,Christmas
2025-12-26,HYD,Hyderabad,24.45,0.0,72.23,121.7,False,True,Christmas
2025-12-26,KOL,Kolkata,25.97,0.0,67.12,167.15,False,True,Christmas
2025-12-26,MUM,Mumbai,26.91,0.0,72.76,71.61,False,True,Christmas
2025-12-26,PUN,Pune,26.93,0.0,53.7,92.93,False,True,Christmas
2025-12-27,AMD,Ahmedabad,23.23,0.0,49.55,131.29,False,False,No festival
2025-12-27,BLR,Bengaluru,28.89,0.0,63.46,103.84,False,False,No festival
2025-12-27,CHE,Chennai,27.24,0.0,68.48,121.6,False,False,No festival
2025-12-27,DEL,Delhi NCR,20.56,0.0,54.09,281.8,False,False,No festival
2025-12-27,HYD,Hyderabad,24.52,0.0,56.41,128.73,False,False,No festival
2025-12-27,KOL,Kolkata,27.84,0.0,65.99,116.5,False,False,No festival
2025-12-27,MUM,Mumbai,23.48,0.0,72.5,114.12,False,False,No festival
2025-12-27,PUN,Pune,21.97,0.0,58.24,103.01,False,False,No festival
2025-12-28,AMD,Ahmedabad,24.84,0.0,59.14,130.49,False,False,No festival
2025-12-28,BLR,Bengaluru,23.57,0.0,69.5,109.77,False,False,No festival
2025-12-28,CHE,Chennai,28.83,0.0,86.54,114.2,False,False,No festival
2025-12-28,DEL,Delhi NCR,20.52,0.0,46.46,318.16,False,False,No festival
2025-12-28,HYD,Hyderabad,25.57,0.0,59.13,124.96,False,False,No festival
2025-12-28,KOL,Kolkata,24.82,0.0,68.28,147.54,False,False,No festival
2025-12-28,MUM,Mumbai,27.3,0.0,72.28,161.31,False,False,No festival
2025-12-28,PUN,Pune,26.27,0.0,59.67,115.78,False,False,No festival
2025-12-29,AMD,Ahmedabad,23.76,0.0,46.01,142.17,False,False,No festival
2025-12-29,BLR,Bengaluru,22.08,0.0,66.31,109.18,False,False,No festival
2025-12-29,CHE,Chennai,29.18,0.0,74.49,116.86,False,False,No festival
2025-12-29,DEL,Delhi NCR,20.56,0.0,65.45,248.54,False,False,No festival
2025-12-29,HYD,Hyderabad,27.72,0.0,52.93,102.13,False,False,No festival
2025-12-29,KOL,Kolkata,26.76,0.0,80.45,148.76,False,False,No festival
2025-12-29,MUM,Mumbai,28.02,0.0,70.97,126.49,False,False,No festival
2025-12-29,PUN,Pune,26.66,0.0,57.26,132.33,False,False,No festival
2025-12-30,AMD,Ahmedabad,25.54,0.0,55.07,136.19,False,False,No festival
2025-12-30,BLR,Bengaluru,25.61,0.0,67.21,104.07,False,False,No festival
2025-12-30,CHE,Chennai,25.85,0.0,64.08,125.85,False,False,No festival
2025-12-30,DEL,Delhi NCR,18.45,0.0,59.06,289.06,False,False,No festival
2025-12-30,HYD,Hyderabad,27.57,0.0,60.54,125.96,False,False,No festival
2025-12-30,KOL,Kolkata,25.5,0.0,73.99,127.73,False,False,No festival
2025-12-30,MUM,Mumbai,28.68,0.0,68.08,130.25,False,False,No festival
2025-12-30,PUN,Pune,24.74,0.0,57.89,129.53,False,False,No festival
2025-12-31,AMD,Ahmedabad,28.87,0.0,46.69,158.23,False,False,No festival
2025-12-31,BLR,Bengaluru,24.62,0.0,66.12,122.27,False,False,No festival
2025-12-31,CHE,Chennai,29.75,0.0,69.58,91.84,False,False,No festival
2025-12-31,DEL,Delhi NCR,23.54,0.0,48.75,293.46,False,False,No festival
2025-12-31,HYD,Hyderabad,24.78,0.0,50.88,162.34,False,False,No festival
2025-12-31,KOL,Kolkata,22.99,0.0,73.7,134.68,False,False,No festival
2025-12-31,MUM,Mumbai,24.89,0.0,72.86,127.55,False,False,No festival
2025-12-31,PUN,Pune,25.59,0.0,54.73,70.1,False,False,No festival
